teamId,abbreviation,displayName,slug,seasonType,eventId,teamOrder,possessionPct,foulsCommitted,yellowCards,redCards,offsides,wonCorners,saves,totalShots,shotsOnTarget,shotPct,penaltyKickGoals,penaltyKickShots,accuratePasses,totalPasses,passPct,accurateCrosses,totalCrosses,crossPct,totalLongBalls,accurateLongBalls,longballPct,blockedShots,effectiveTackles,totalTackles,tacklePct,interceptions,effectiveClearance,totalClearance,updateTime,precision_tiro,aprovechamiento_posesion,aprovechamiento_posesion_peligroso,peligrosidad_centros,precision_centros,limpieza_defensiva,limpieza_defensiva_completa,efectividad_despeje,indice_verticalidad,verticalidad_efectiva,precision_verticalidad,intensidad_circulacion,intensidad_circulacion_precisa
132,MUN,Bayern Munich,ger.bayern_munich,12282,691203,1,70.2,9.0,0.0,0.0,3.0,11.0,3.0,19.0,5.0,0.3,0.0,0.0,628.0,697.0,0.9,6.0,30.0,0.2,32.0,24.0,0.8,7.0,11.0,18.0,0.6,8.0,4.0,4.0,2024-01-07 03:22:28,26.31578947368421,0.2706552706552706,0.07122507122507123,0.0006,20.0,47.05882352941176,67.85714285714286,100.0,4.591104734576758,3.443328550932568,75.0,9.928774928774928,8.945868945868945
124,DOR,Borussia Dortmund,ger.dortmund,12282,693343,0,55.2,11.0,0.0,0.0,0.0,0.0,0.0,0.0,0.0,0.0,0.0,0.0,461.0,528.0,0.9,0.0,0.0,0.0,48.0,24.0,0.5,0.0,9.0,0.0,0.6,8.0,17.0,17.0,2024-01-07 03:22:28,0.0,0.0,0.0,0.0,0.0,42.10526315789473,60.71428571428571,100.0,9.090909090909092,4.545454545454546,50.0,9.565217391304348,8.351449275362318
124,DOR,Borussia Dortmund,ger.dortmund,12282,693344,0,69.3,7.0,0.0,0.0,2.0,8.0,4.0,14.0,8.0,0.6,0.0,0.0,695.0,772.0,0.9,9.0,16.0,0.6,75.0,53.0,0.7,2.0,9.0,14.0,0.6,12.0,5.0,5.0,2024-01-10 21:38:53,57.14285714285714,0.20202020202020202,0.11544011544011544,0.0033749999999999995,56.25,63.1578947368421,75.0,100.0,9.71502590673575,6.865284974093264,70.66666666666667,11.13997113997114,10.028860028860029
363,CHE,Chelsea,eng.chelsea,12282,700486,0,74.8,13.0,1.0,0.0,1.0,5.0,2.0,11.0,3.0,0.3,0.0,0.0,700.0,767.0,0.9,5.0,14.0,0.4,40.0,29.0,0.7,3.0,12.0,19.0,0.6,7.0,3.0,3.0,2024-07-25 10:42:24,27.27272727272727,0.14705882352941177,0.040106951871657755,0.0010714285714285713,35.714285714285715,35.0,59.375,100.0,5.215123859191656,3.780964797913951,72.5,10.254010695187166,9.358288770053477
359,ARS,Arsenal,eng.arsenal,12282,700487,0,58.0,10.0,0.0,0.0,5.0,3.0,2.0,6.0,3.0,0.5,0.0,0.0,381.0,449.0,0.8,2.0,7.0,0.3,49.0,24.0,0.5,2.0,9.0,13.0,0.7,11.0,16.0,16.0,2024-07-28 10:42:39,50.0,0.10344827586206896,0.05172413793103448,0.0014285714285714286,28.57142857142857,52.38095238095239,66.66666666666666,100.0,10.913140311804009,5.3452115812917596,48.97959183673469,7.741379310344827,6.568965517241379
364,LIV,Liverpool,eng.liverpool,12282,700488,0,39.9,14.0,1.0,0.0,3.0,1.0,1.0,10.0,4.0,0.4,0.0,0.0,318.0,382.0,0.8,0.0,4.0,0.0,45.0,15.0,0.3,4.0,8.0,16.0,0.5,6.0,21.0,21.0,2024-08-02 08:14:24,40.0,0.2506265664160401,0.10025062656641605,0.0,0.0,30.0,50.0,100.0,11.780104712041885,3.926701570680628,33.33333333333333,9.573934837092732,7.969924812030076
359,ARS,Arsenal,eng.arsenal,12282,700488,1,60.1,6.0,0.0,0.0,4.0,6.0,2.0,13.0,2.0,0.2,0.0,0.0,502.0,568.0,0.9,4.0,15.0,0.3,56.0,30.0,0.5,4.0,12.0,16.0,0.8,10.0,7.0,7.0,2024-08-02 08:14:24,15.384615384615385,0.21630615640599002,0.033277870216306155,0.0005333333333333334,26.666666666666668,62.5,78.57142857142857,100.0,9.859154929577464,5.28169014084507,53.57142857142857,9.450915141430949,8.352745424292845
363,CHE,Chelsea,eng.chelsea,12282,700489,0,49.7,15.0,3.0,0.0,1.0,6.0,1.0,17.0,9.0,0.5,2.0,2.0,412.0,460.0,0.9,3.0,8.0,0.4,23.0,14.0,0.6,2.0,7.0,13.0,0.5,7.0,8.0,8.0,2024-08-02 08:14:24,52.94117647058824,0.34205231388329976,0.18108651911468812,0.001875,37.5,31.818181818181817,48.275862068965516,100.0,5.0,3.0434782608695654,60.86956521739131,9.25553319919517,8.289738430583501
364,LIV,Liverpool,eng.liverpool,12282,700490,1,52.9,15.0,0.0,0.0,1.0,2.0,8.0,9.0,5.0,0.6,0.0,0.0,453.0,527.0,0.9,1.0,6.0,0.2,41.0,16.0,0.4,2.0,5.0,10.0,0.5,10.0,17.0,17.0,2024-08-04 08:14:32,55.55555555555556,0.17013232514177695,0.0945179584120983,0.001,16.666666666666664,40.0,50.0,100.0,7.7798861480075905,3.0360531309297913,39.02439024390244,9.962192816635161,8.563327032136106
382,MNC,Manchester City,eng.man_city,12282,701272,0,47.0,5.0,0.0,0.0,1.0,5.0,2.0,16.0,9.0,0.6,0.0,0.0,384.0,432.0,0.9,4.0,7.0,0.6,28.0,16.0,0.6,4.0,7.0,9.0,0.8,4.0,2.0,2.0,2024-07-24 10:42:00,56.25,0.3404255319148936,0.19148936170212766,0.003428571428571428,57.14285714285714,44.44444444444444,68.75,100.0,6.481481481481481,3.7037037037037033,57.14285714285714,9.191489361702128,8.170212765957446
363,CHE,Chelsea,eng.chelsea,12282,701273,0,57.0,11.0,0.0,0.0,0.0,11.0,7.0,23.0,10.0,0.4,1.0,1.0,426.0,479.0,0.9,5.0,15.0,0.3,52.0,30.0,0.6,4.0,6.0,7.0,0.9,8.0,6.0,6.0,2024-07-28 10:42:37,43.47826086956522,0.40350877192982454,0.17543859649122806,0.0013333333333333333,33.33333333333333,42.10526315789473,56.00000000000001,100.0,10.855949895615867,6.263048016701461,57.692307692307686,8.403508771929825,7.473684210526316
382,MNC,Manchester City,eng.man_city,12282,701274,0,43.3,13.0,0.0,0.0,4.0,2.0,3.0,10.0,3.0,0.3,0.0,0.0,446.0,485.0,0.9,2.0,7.0,0.3,34.0,18.0,0.5,2.0,9.0,13.0,0.7,5.0,8.0,8.0,2024-07-28 10:42:38,30.0,0.2309468822170901,0.06928406466512703,0.000857142857142857,28.57142857142857,27.77777777777778,51.85185185185185,100.0,7.010309278350515,3.711340206185567,52.94117647058824,11.200923787528868,10.300230946882218
83,BAR,Barcelona,esp.barcelona,12282,701275,0,42.9,14.0,1.0,0.0,1.0,3.0,4.0,10.0,3.0,0.3,0.0,0.0,405.0,451.0,0.9,3.0,16.0,0.2,44.0,29.0,0.7,5.0,12.0,21.0,0.6,11.0,26.0,26.0,2024-08-01 08:10:51,30.0,0.23310023310023312,0.06993006993006994,0.0005625,18.75,44.0,62.16216216216216,100.0,9.75609756097561,6.430155210643015,65.9090909090909,10.512820512820513,9.440559440559442
382,MNC,Manchester City,eng.man_city,12282,701275,1,57.1,8.0,2.0,0.0,0.0,4.0,1.0,16.0,6.0,0.4,0.0,0.0,548.0,607.0,0.9,3.0,15.0,0.2,47.0,26.0,0.6,6.0,12.0,16.0,0.8,10.0,11.0,11.0,2024-08-01 08:10:51,37.5,0.28021015761821366,0.10507880910683012,0.0008000000000000001,20.0,55.55555555555556,73.33333333333333,100.0,7.742998352553541,4.2833607907743,55.319148936170215,10.630472854640981,9.597197898423818
86,RMA,Real Madrid,esp.real_madrid,12282,701276,0,48.5,15.0,0.0,0.0,3.0,3.0,3.0,8.0,2.0,0.3,0.0,0.0,421.0,474.0,0.9,2.0,13.0,0.2,56.0,42.0,0.8,4.0,17.0,24.0,0.7,7.0,4.0,4.0,2024-08-02 08:14:25,25.0,0.16494845360824742,0.041237113402061855,0.0004615384615384616,15.384615384615385,31.818181818181817,61.53846153846154,100.0,11.814345991561181,8.860759493670885,75.0,9.77319587628866,8.68041237113402
86,RMA,Real Madrid,esp.real_madrid,12282,701277,0,50.4,14.0,2.0,0.0,1.0,6.0,4.0,11.0,3.0,0.3,0.0,0.0,501.0,548.0,0.9,4.0,11.0,0.4,41.0,30.0,0.7,6.0,12.0,16.0,0.8,10.0,10.0,10.0,2024-08-04 08:14:31,27.27272727272727,0.21825396825396826,0.05952380952380953,0.001090909090909091,36.36363636363637,41.66666666666667,61.111111111111114,100.0,7.481751824817519,5.474452554744526,73.17073170731707,10.873015873015873,9.940476190476192
83,BAR,Barcelona,esp.barcelona,12282,701277,1,49.6,12.0,2.0,0.0,1.0,6.0,2.0,11.0,6.0,0.5,0.0,0.0,491.0,535.0,0.9,3.0,12.0,0.3,32.0,18.0,0.6,1.0,13.0,14.0,0.9,5.0,14.0,14.0,2024-08-04 08:14:31,54.54545454545454,0.2217741935483871,0.12096774193548386,0.00125,25.0,29.411764705882355,60.0,100.0,5.981308411214954,3.364485981308411,56.25,10.786290322580644,9.899193548387096
382,MNC,Manchester City,eng.man_city,12282,701278,0,43.7,12.0,1.0,0.0,1.0,3.0,2.0,10.0,7.0,0.7,1.0,1.0,346.0,395.0,0.9,2.0,6.0,0.3,48.0,30.0,0.6,1.0,8.0,10.0,0.8,13.0,8.0,8.0,2024-08-04 08:14:30,70.0,0.22883295194508008,0.16018306636155605,0.002333333333333333,33.33333333333333,52.0,63.63636363636363,100.0,12.151898734177214,7.59493670886076,62.5,9.038901601830663,7.917620137299771
363,CHE,Chelsea,eng.chelsea,12282,701278,1,56.3,15.0,3.0,0.0,0.0,3.0,3.0,12.0,4.0,0.3,0.0,0.0,448.0,501.0,0.9,4.0,11.0,0.4,36.0,22.0,0.6,3.0,17.0,23.0,0.7,13.0,5.0,5.0,2024-08-04 08:14:30,33.33333333333333,0.21314387211367675,0.07104795737122559,0.001090909090909091,36.36363636363637,46.42857142857143,66.66666666666666,100.0,7.18562874251497,4.39121756487026,61.111111111111114,8.898756660746004,7.957371225577265
83,BAR,Barcelona,esp.barcelona,12282,701279,0,50.8,15.0,4.0,0.0,1.0,6.0,0.0,17.0,7.0,0.4,0.0,0.0,444.0,504.0,0.9,4.0,14.0,0.3,41.0,20.0,0.5,5.0,10.0,18.0,0.6,7.0,6.0,6.0,2024-08-07 08:18:00,41.17647058823529,0.3346456692913386,0.1377952755905512,0.0011428571428571427,28.57142857142857,31.818181818181817,53.125,100.0,8.134920634920634,3.968253968253968,48.78048780487805,9.921259842519685,8.740157480314961
86,RMA,Real Madrid,esp.real_madrid,12282,701280,0,56.6,10.0,1.0,0.0,1.0,6.0,2.0,14.0,3.0,0.2,0.0,0.0,545.0,592.0,0.9,2.0,13.0,0.2,42.0,30.0,0.7,3.0,12.0,17.0,0.7,7.0,8.0,8.0,2024-08-07 08:18:00,21.428571428571427,0.24734982332155475,0.053003533568904596,0.0003076923076923077,15.384615384615385,41.17647058823529,65.51724137931035,100.0,7.094594594594595,5.0675675675675675,71.42857142857143,10.459363957597173,9.628975265017667
363,CHE,Chelsea,eng.chelsea,12282,701280,1,43.4,6.0,0.0,0.0,0.0,1.0,1.0,9.0,3.0,0.3,0.0,0.0,414.0,452.0,0.9,3.0,9.0,0.3,31.0,19.0,0.6,1.0,12.0,14.0,0.9,9.0,11.0,11.0,2024-08-07 08:18:00,33.33333333333333,0.20737327188940094,0.06912442396313365,0.001,33.33333333333333,60.0,77.77777777777779,100.0,6.8584070796460175,4.20353982300885,61.29032258064516,10.414746543778802,9.539170506912443
132,MUN,Bayern Munich,ger.bayern_munich,12282,701540,1,55.1,13.0,2.0,0.0,2.0,4.0,1.0,21.0,7.0,0.3,0.0,0.0,453.0,515.0,0.9,6.0,9.0,0.7,55.0,43.0,0.8,3.0,16.0,26.0,0.6,13.0,16.0,16.0,2024-08-11 08:15:15,33.33333333333333,0.3811252268602541,0.12704174228675136,0.002,66.66666666666666,50.0,69.04761904761905,100.0,10.679611650485436,8.349514563106796,78.18181818181819,9.346642468239564,8.221415607985481
364,LIV,Liverpool,eng.liverpool,12282,702699,0,62.7,18.0,2.0,0.0,4.0,1.0,1.0,9.0,3.0,0.3,0.0,0.0,608.0,680.0,0.9,3.0,10.0,0.3,37.0,18.0,0.5,0.0,16.0,20.0,0.8,11.0,4.0,4.0,2024-07-27 10:42:50,33.33333333333333,0.14354066985645933,0.04784688995215311,0.0009,30.0,37.93103448275862,60.0,100.0,5.4411764705882355,2.6470588235294117,48.64864864864865,10.84529505582137,9.696969696969697
86,RMA,Real Madrid,esp.real_madrid,12573,702700,0,51.8,12.0,2.0,0.0,0.0,5.0,1.0,13.0,6.0,0.5,0.0,0.0,539.5,601.5,0.9,0.0,0.0,0.0,44.0,26.0,0.6,3.0,10.0,0.0,0.6,8.0,14.0,14.0,2024-08-16 08:16:26,46.15384615384615,0.25096525096525096,0.11583011583011583,0.0,0.0,40.0,60.0,100.0,7.315045719035744,4.322527015793849,59.09090909090909,11.611969111969113,10.415057915057915
382,MNC,Manchester City,eng.man_city,12585,702836,0,56.0,10.0,2.0,0.0,0.0,6.0,1.0,9.0,1.0,0.1,0.0,0.0,543.0,597.0,0.9,0.0,0.0,0.0,33.0,18.0,0.6,3.0,8.0,0.0,0.6,5.0,16.0,16.0,2024-08-11 08:15:10,11.11111111111111,0.16071428571428573,0.017857142857142856,0.0,0.0,33.33333333333333,56.52173913043478,100.0,5.527638190954774,3.015075376884422,54.54545454545454,10.660714285714286,9.696428571428571
160,PSG,Paris Saint-Germain,fra.psg,12586,702837,0,59.4,11.0,2.0,0.0,0.0,13.0,5.0,28.0,10.0,0.4,0.0,0.0,632.0,691.0,0.9,0.0,0.0,0.0,40.0,25.0,0.6,10.0,11.0,0.0,0.6,7.0,13.0,13.0,2025-01-06 05:40:45,35.714285714285715,0.4713804713804714,0.16835016835016836,0.0,0.0,38.88888888888889,62.06896551724138,100.0,5.788712011577424,3.61794500723589,62.5,11.632996632996633,10.63973063973064
132,MUN,Bayern Munich,ger.bayern_munich,12282,702839,1,66.95,9.0,0.0,0.0,0.0,0.0,0.0,1.0,1.0,1.0,0.0,0.0,625.5,689.0,0.9,0.0,0.0,0.0,44.0,25.5,0.6,0.0,9.0,0.0,0.6,7.0,12.5,12.5,2024-07-29 10:43:44,100.0,0.014936519790888723,0.014936519790888723,0.0,0.0,43.75,64.0,100.0,6.386066763425253,3.7010159651669086,57.95454545454546,10.291262135922329,9.342793129200896
132,MUN,Bayern Munich,ger.bayern_munich,12282,702840,0,52.2,15.0,1.0,0.0,6.0,10.0,3.0,22.0,11.0,0.5,0.0,0.0,371.0,440.0,0.8,3.0,14.0,0.2,63.0,38.0,0.6,1.0,21.0,26.0,0.8,12.0,12.0,12.0,2024-08-04 08:14:26,50.0,0.421455938697318,0.210727969348659,0.0010714285714285713,21.428571428571427,44.44444444444444,68.75,100.0,14.318181818181818,8.636363636363637,60.317460317460316,8.42911877394636,7.10727969348659
124,DOR,Borussia Dortmund,ger.dortmund,12282,702925,1,54.5,12.0,3.0,0.0,2.0,7.0,3.0,11.0,3.0,0.3,0.0,0.0,436.0,503.0,0.9,4.0,8.0,0.5,46.0,33.0,0.7,1.0,7.0,11.0,0.6,9.0,7.0,7.0,2024-07-18 05:09:59,27.27272727272727,0.2018348623853211,0.05504587155963303,0.0015,50.0,42.857142857142854,57.14285714285714,100.0,9.145129224652088,6.560636182902585,71.73913043478261,9.229357798165138,8.0
124,DOR,Borussia Dortmund,ger.dortmund,12282,702927,1,62.3,6.0,0.0,0.0,1.0,3.0,6.0,14.0,7.0,0.5,0.0,0.0,475.0,506.0,0.9,3.0,5.0,0.6,25.0,18.0,0.7,1.0,8.0,14.0,0.6,7.0,16.0,16.0,2024-07-27 10:41:50,50.0,0.22471910112359553,0.11235955056179776,0.003,60.0,53.84615384615385,71.42857142857143,100.0,4.940711462450593,3.557312252964427,72.0,8.12199036918138,7.624398073836276
124,DOR,Borussia Dortmund,ger.dortmund,12282,702932,0,61.5,15.0,0.0,0.0,0.0,2.0,2.0,12.0,2.0,0.2,1.0,1.0,573.0,624.0,0.9,5.0,12.0,0.4,44.0,27.0,0.6,3.0,14.0,19.0,0.7,9.0,9.0,9.0,2024-08-11 08:15:14,16.666666666666664,0.1951219512195122,0.032520325203252036,0.0008333333333333334,41.66666666666667,37.5,60.526315789473685,100.0,7.051282051282051,4.326923076923077,61.36363636363637,10.146341463414634,9.317073170731707
124,DOR,Borussia Dortmund,ger.dortmund,12612,703034,1,85.2,8.0,1.0,0.0,3.0,5.0,0.0,11.0,8.0,0.7,1.0,1.0,972.0,1030.0,0.9,5.0,13.0,0.4,26.0,18.0,0.7,2.0,8.0,10.0,0.8,3.0,3.0,3.0,2024-08-18 04:18:31,72.72727272727273,0.12910798122065728,0.09389671361502347,0.002692307692307692,38.46153846153847,27.27272727272727,57.89473684210527,100.0,2.524271844660194,1.7475728155339807,69.23076923076923,12.089201877934272,11.408450704225352
132,MUN,Bayern Munich,ger.bayern_munich,12612,703043,1,77.3,11.0,1.0,0.0,4.0,4.0,1.0,16.0,7.0,0.4,0.0,0.0,705.0,804.0,0.9,5.0,9.0,0.6,67.0,48.0,0.7,6.0,5.0,12.0,0.4,10.0,9.0,9.0,2024-08-17 08:19:07,43.75,0.2069857697283312,0.09055627425614489,0.0022222222222222222,55.55555555555556,47.61904761904761,57.692307692307686,100.0,8.333333333333332,5.970149253731343,71.64179104477611,10.401034928848642,9.120310478654593
364,LIV,Liverpool,eng.liverpool,12654,704280,1,62.2,18.0,1.0,0.0,0.0,10.0,2.0,18.0,5.0,0.3,0.0,0.0,492.0,570.0,0.9,4.0,23.0,0.2,56.0,30.0,0.5,7.0,4.0,9.0,0.4,5.0,16.0,16.0,2024-08-18 04:18:18,27.77777777777778,0.28938906752411575,0.08038585209003216,0.0005217391304347826,17.391304347826086,21.73913043478261,33.33333333333333,100.0,9.824561403508772,5.263157894736842,53.57142857142857,9.163987138263666,7.909967845659164
359,ARS,Arsenal,eng.arsenal,12654,704281,0,53.0,17.0,2.0,0.0,0.0,8.0,3.0,18.0,6.0,0.3,0.0,0.0,357.0,420.0,0.9,3.0,15.0,0.2,37.0,17.0,0.5,6.0,13.0,18.0,0.7,8.0,15.0,15.0,2024-08-18 04:18:19,33.33333333333333,0.33962264150943394,0.11320754716981132,0.0006,20.0,32.0,55.26315789473685,100.0,8.80952380952381,4.0476190476190474,45.94594594594595,7.9245283018867925,6.735849056603773
363,CHE,Chelsea,eng.chelsea,12654,704287,0,48.2,12.0,1.0,0.0,2.0,4.0,3.0,10.0,3.0,0.3,0.0,0.0,436.0,490.0,0.9,6.0,18.0,0.3,35.0,17.0,0.5,4.0,14.0,20.0,0.7,10.0,13.0,13.0,2024-08-19 04:19:04,30.0,0.20746887966804978,0.06224066390041493,0.001,33.33333333333333,45.45454545454545,66.66666666666666,100.0,7.142857142857142,3.4693877551020407,48.57142857142857,10.16597510373444,9.04564315352697
382,MNC,Manchester City,eng.man_city,12654,704287,1,51.8,9.0,1.0,0.0,1.0,3.0,3.0,11.0,5.0,0.5,0.0,0.0,477.0,535.0,0.9,1.0,11.0,0.1,35.0,17.0,0.5,3.0,9.0,16.0,0.6,10.0,17.0,17.0,2024-08-19 04:19:04,45.45454545454545,0.21235521235521237,0.09652509652509653,0.00045454545454545455,9.090909090909092,52.63157894736842,67.85714285714286,100.0,6.5420560747663545,3.177570093457944,48.57142857142857,10.328185328185329,9.208494208494209
359,ARS,Arsenal,eng.arsenal,12654,704289,1,60.7,16.0,3.0,0.0,1.0,1.0,3.0,9.0,4.0,0.4,0.0,0.0,469.0,514.0,0.9,1.0,13.0,0.1,30.0,18.0,0.6,1.0,9.0,17.0,0.5,8.0,15.0,15.0,2024-08-25 04:19:46,44.44444444444444,0.14827018121911037,0.06589785831960461,0.0003076923076923077,7.6923076923076925,33.33333333333333,51.515151515151516,100.0,5.836575875486381,3.501945525291829,60.0,8.467874794069193,7.726523887973641
364,LIV,Liverpool,eng.liverpool,12654,704294,0,62.1,10.0,2.0,0.0,1.0,9.0,2.0,19.0,8.0,0.4,0.0,0.0,550.0,602.0,0.9,3.0,15.0,0.2,46.0,22.0,0.5,7.0,10.0,17.0,0.6,7.0,11.0,11.0,2024-08-27 04:20:14,42.10526315789473,0.30595813204508854,0.1288244766505636,0.0008000000000000001,20.0,41.17647058823529,62.96296296296296,100.0,7.641196013289036,3.6544850498338874,47.82608695652174,9.694041867954912,8.856682769726248
382,MNC,Manchester City,eng.man_city,12654,704295,0,75.2,4.0,2.0,0.0,3.0,10.0,0.0,14.0,5.0,0.4,1.0,1.0,700.0,755.0,0.9,5.0,17.0,0.3,27.0,22.0,0.8,3.0,6.0,14.0,0.4,6.0,8.0,8.0,2024-08-25 04:19:45,35.714285714285715,0.18617021276595744,0.06648936170212766,0.0011764705882352942,29.411764705882355,60.0,75.0,100.0,3.576158940397351,2.913907284768212,81.48148148148148,10.039893617021276,9.308510638297872
363,CHE,Chelsea,eng.chelsea,12654,704298,1,60.4,13.0,3.0,0.0,1.0,5.0,2.0,14.0,8.0,0.6,0.0,0.0,426.0,495.0,0.9,1.0,11.0,0.1,44.0,23.0,0.5,3.0,11.0,14.0,0.8,9.0,18.0,18.0,2024-08-26 04:21:02,57.14285714285714,0.2317880794701987,0.13245033112582782,0.0005454545454545455,9.090909090909092,40.909090909090914,60.60606060606061,100.0,8.88888888888889,4.646464646464646,52.27272727272727,8.195364238410596,7.052980132450331
359,ARS,Arsenal,eng.arsenal,12654,704299,0,35.8,12.0,3.0,1.0,3.0,3.0,3.0,11.0,7.0,0.6,0.0,0.0,200.0,270.0,0.7,2.0,7.0,0.3,51.0,21.0,0.4,2.0,11.0,17.0,0.6,12.0,20.0,20.0,2024-09-01 04:21:57,63.63636363636363,0.30726256983240224,0.19553072625698326,0.001714285714285714,28.57142857142857,50.0,65.71428571428571,100.0,18.88888888888889,7.777777777777778,41.17647058823529,7.5418994413407825,5.5865921787709505
363,CHE,Chelsea,eng.chelsea,12654,704301,0,62.8,9.0,4.0,0.0,0.0,4.0,2.0,13.0,7.0,0.5,0.0,0.0,532.0,590.0,0.9,3.0,19.0,0.2,41.0,26.0,0.6,1.0,7.0,13.0,0.5,8.0,17.0,17.0,2024-09-02 04:22:06,53.84615384615385,0.2070063694267516,0.11146496815286625,0.0007894736842105263,15.789473684210526,47.05882352941176,62.5,100.0,6.9491525423728815,4.406779661016949,63.41463414634146,9.394904458598727,8.471337579617835
364,LIV,Liverpool,eng.liverpool,12654,704305,1,47.2,7.0,1.0,0.0,2.0,2.0,3.0,11.0,3.0,0.3,0.0,0.0,391.0,464.0,0.8,3.0,6.0,0.5,38.0,13.0,0.3,1.0,17.0,24.0,0.7,10.0,28.0,28.0,2024-09-02 04:22:06,27.27272727272727,0.2330508474576271,0.0635593220338983,0.0015,50.0,58.82352941176471,79.41176470588235,100.0,8.189655172413794,2.8017241379310347,34.21052631578947,9.83050847457627,8.283898305084746
382,MNC,Manchester City,eng.man_city,12654,704307,1,67.6,3.0,2.0,0.0,1.0,11.0,2.0,23.0,8.0,0.3,0.0,0.0,670.0,726.0,0.9,8.0,22.0,0.4,47.0,34.0,0.7,5.0,12.0,15.0,0.8,7.0,18.0,18.0,2024-09-01 04:22:00,34.78260869565217,0.34023668639053256,0.1183431952662722,0.001090909090909091,36.36363636363637,70.0,86.36363636363636,100.0,6.473829201101928,4.683195592286501,72.3404255319149,10.739644970414203,9.911242603550297
363,CHE,Chelsea,eng.chelsea,12654,704310,1,66.7,9.0,8.0,0.0,3.0,3.0,7.0,10.0,3.0,0.3,0.0,0.0,494.0,579.0,0.9,1.0,8.0,0.1,47.0,19.0,0.4,4.0,7.0,12.0,0.6,6.0,18.0,18.0,2024-09-16 04:15:41,30.0,0.14992503748125938,0.04497751124437781,0.000375,12.5,40.0,59.09090909090909,100.0,8.117443868739207,3.281519861830743,40.42553191489361,8.680659670164918,7.406296851574212
364,LIV,Liverpool,eng.liverpool,12654,704314,0,59.1,10.0,0.0,0.0,0.0,0.0,0.0,0.0,0.0,0.0,0.0,0.0,452.5,528.0,0.9,0.0,0.0,0.0,44.0,21.5,0.5,0.0,9.0,0.0,0.6,7.0,17.0,17.0,2025-07-13 17:50:09,0.0,0.0,0.0,0.0,0.0,41.17647058823529,61.53846153846154,100.0,8.333333333333332,4.071969696969697,48.86363636363637,8.934010152284264,7.656514382402707
382,MNC,Manchester City,eng.man_city,12654,704315,0,53.8,9.0,3.0,0.0,1.0,12.0,5.0,18.0,7.0,0.4,0.0,0.0,485.0,544.0,0.9,1.0,15.0,0.1,36.0,25.0,0.7,5.0,5.0,12.0,0.4,5.0,12.0,12.0,2024-09-15 04:17:47,38.88888888888889,0.3345724907063197,0.13011152416356878,0.0002666666666666667,6.666666666666667,35.714285714285715,52.63157894736842,100.0,6.61764705882353,4.595588235294118,69.44444444444444,10.111524163568774,9.014869888475836
359,ARS,Arsenal,eng.arsenal,12654,704317,1,36.3,10.0,3.0,0.0,3.0,6.0,5.0,7.0,4.0,0.6,0.0,0.0,213.0,282.0,0.8,4.0,13.0,0.3,46.0,19.0,0.4,3.0,12.0,21.0,0.6,9.0,32.0,32.0,2024-09-16 04:17:48,57.14285714285714,0.1928374655647383,0.11019283746556474,0.0018461538461538463,30.76923076923077,47.368421052631575,67.74193548387096,100.0,16.312056737588655,6.73758865248227,41.30434782608695,7.768595041322315,5.867768595041323
364,LIV,Liverpool,eng.liverpool,12654,704324,0,58.8,10.0,1.0,0.0,0.0,3.0,7.0,19.0,13.0,0.7,0.0,0.0,519.0,584.0,0.9,2.0,8.0,0.3,41.0,24.0,0.6,3.0,14.0,20.0,0.7,6.0,21.0,21.0,2024-10-14 06:59:34,68.42105263157895,0.3231292517006803,0.22108843537414968,0.0017499999999999998,25.0,37.5,66.66666666666666,100.0,7.02054794520548,4.10958904109589,58.536585365853654,9.931972789115648,8.826530612244898
382,MNC,Manchester City,eng.man_city,12654,704325,0,77.2,7.0,3.0,0.0,0.0,8.0,1.0,33.0,11.0,0.3,0.0,0.0,644.0,705.0,0.9,6.0,24.0,0.3,42.0,21.0,0.5,13.0,5.0,10.0,0.5,3.0,9.0,9.0,2024-10-14 06:59:34,33.33333333333333,0.427461139896373,0.14248704663212436,0.00075,25.0,30.0,53.333333333333336,100.0,5.957446808510639,2.9787234042553195,50.0,9.132124352331607,8.341968911917098
359,ARS,Arsenal,eng.arsenal,12654,704325,1,22.8,10.0,4.0,1.0,1.0,2.0,9.0,5.0,3.0,0.6,0.0,0.0,148.0,208.0,0.7,3.0,7.0,0.4,47.0,14.0,0.3,0.0,10.0,16.0,0.6,4.0,37.0,37.0,2024-10-14 06:59:34,60.0,0.21929824561403508,0.13157894736842105,0.0025714285714285713,42.857142857142854,28.57142857142857,58.333333333333336,100.0,22.596153846153847,6.730769230769231,29.78723404255319,9.12280701754386,6.491228070175438
363,CHE,Chelsea,eng.chelsea,12654,704328,1,47.0,9.0,2.0,0.0,1.0,5.0,7.0,12.0,5.0,0.4,0.0,0.0,393.0,454.0,0.9,3.0,8.0,0.4,47.0,23.0,0.5,3.0,9.0,19.0,0.5,8.0,34.0,34.0,2024-10-14 06:59:34,41.66666666666667,0.2553191489361702,0.10638297872340426,0.0015000000000000002,37.5,47.05882352941176,65.38461538461539,100.0,10.352422907488986,5.066079295154185,48.93617021276596,9.659574468085106,8.361702127659575
359,ARS,Arsenal,eng.arsenal,12654,704329,0,74.6,11.0,2.0,0.0,0.0,17.0,1.0,35.0,16.0,0.5,0.0,0.0,592.0,664.0,0.9,9.0,38.0,0.2,32.0,17.0,0.5,9.0,12.0,19.0,0.6,4.0,8.0,8.0,2024-10-14 06:59:34,45.714285714285715,0.4691689008042896,0.21447721179624665,0.0011842105263157893,23.684210526315788,26.666666666666668,59.25925925925925,100.0,4.819277108433735,2.5602409638554215,53.125,8.900804289544237,7.935656836461127
363,CHE,Chelsea,eng.chelsea,12654,704332,0,41.1,11.0,3.0,0.0,6.0,8.0,4.0,15.0,7.0,0.5,1.0,1.0,288.0,376.0,0.8,3.0,11.0,0.3,48.0,19.0,0.4,3.0,13.0,22.0,0.6,7.0,17.0,17.0,2024-10-14 06:59:34,46.666666666666664,0.36496350364963503,0.170316301703163,0.0013636363636363635,27.27272727272727,38.88888888888889,64.51612903225806,100.0,12.76595744680851,5.053191489361701,39.58333333333333,9.148418491484184,7.007299270072992
382,MNC,Manchester City,eng.man_city,12654,704336,1,62.3,10.0,4.0,0.0,0.0,6.0,3.0,16.0,6.0,0.4,0.0,0.0,490.0,558.0,0.9,2.0,19.0,0.1,37.0,18.0,0.5,6.0,11.0,15.0,0.7,7.0,20.0,20.0,2024-10-14 06:59:34,37.5,0.25682182985553775,0.09630818619582665,0.00042105263157894734,10.526315789473683,41.17647058823529,64.28571428571429,100.0,6.630824372759856,3.225806451612903,48.64864864864865,8.956661316211878,7.865168539325843
364,LIV,Liverpool,eng.liverpool,12654,704337,1,55.4,8.0,3.0,0.0,2.0,10.0,2.0,10.0,6.0,0.6,1.0,1.0,455.0,534.0,0.9,6.0,21.0,0.3,40.0,15.0,0.4,1.0,9.0,10.0,0.9,7.0,10.0,10.0,2024-10-14 06:59:34,60.0,0.18050541516245489,0.10830324909747292,0.001714285714285714,28.57142857142857,46.666666666666664,66.66666666666666,100.0,7.490636704119851,2.8089887640449436,37.5,9.63898916967509,8.212996389891696
363,CHE,Chelsea,eng.chelsea,12654,704342,0,66.1,12.0,6.0,0.0,1.0,11.0,8.0,22.0,8.0,0.4,0.0,0.0,519.0,591.0,0.9,5.0,29.0,0.2,42.0,21.0,0.5,5.0,10.0,14.0,0.7,8.0,17.0,17.0,2024-10-14 06:59:34,36.36363636363637,0.33282904689863846,0.12102874432677763,0.0006896551724137933,17.24137931034483,40.0,60.0,100.0,7.1065989847715745,3.5532994923857872,50.0,8.940998487140696,7.851739788199698
359,ARS,Arsenal,eng.arsenal,12654,704343,0,58.6,10.0,0.0,0.0,1.0,13.0,1.0,29.0,6.0,0.2,0.0,0.0,483.0,536.0,0.9,6.0,32.0,0.2,34.0,19.0,0.6,10.0,12.0,16.0,0.8,9.0,10.0,10.0,2024-10-14 06:59:34,20.689655172413794,0.4948805460750853,0.10238907849829351,0.00037500000000000006,18.75,47.368421052631575,67.74193548387096,100.0,6.343283582089552,3.544776119402985,55.88235294117647,9.146757679180887,8.242320819112628
364,LIV,Liverpool,eng.liverpool,12654,704345,1,68.1,15.0,2.0,0.0,0.0,8.0,5.0,16.0,4.0,0.3,0.0,0.0,549.0,642.0,0.9,4.0,16.0,0.3,64.0,31.0,0.5,5.0,6.0,13.0,0.5,13.0,16.0,16.0,2024-10-14 06:59:34,25.0,0.23494860499265788,0.05873715124816447,0.00075,25.0,46.42857142857143,55.88235294117647,100.0,9.968847352024921,4.8286604361370715,48.4375,9.427312775330398,8.061674008810574
382,MNC,Manchester City,eng.man_city,12654,704348,0,58.1,4.0,2.0,0.0,0.0,8.0,2.0,20.0,7.0,0.4,0.0,0.0,575.0,634.0,0.9,6.0,16.0,0.4,16.0,11.0,0.7,8.0,7.0,10.0,0.7,4.0,19.0,19.0,2024-10-14 06:59:34,35.0,0.3442340791738382,0.12048192771084337,0.0015000000000000002,37.5,50.0,73.33333333333333,100.0,2.5236593059936907,1.7350157728706623,68.75,10.912220309810671,9.896729776247849
359,ARS,Arsenal,eng.arsenal,12654,704351,1,51.3,11.0,1.0,1.0,1.0,4.0,2.0,6.0,1.0,0.2,0.0,0.0,348.0,439.0,0.8,4.0,15.0,0.3,52.0,20.0,0.4,1.0,10.0,17.0,0.6,6.0,26.0,26.0,2024-10-20 11:04:39,16.666666666666664,0.11695906432748539,0.019493177387914232,0.0005333333333333334,26.666666666666668,35.294117647058826,59.25925925925925,100.0,11.845102505694761,4.555808656036446,38.46153846153847,8.557504873294347,6.783625730994152
364,LIV,Liverpool,eng.liverpool,12654,704354,0,42.5,12.0,4.0,0.0,5.0,1.0,1.0,9.0,5.0,0.6,1.0,1.0,326.0,409.0,0.8,1.0,4.0,0.3,61.0,22.0,0.4,1.0,18.0,25.0,0.7,6.0,18.0,18.0,2024-10-21 05:12:06,55.55555555555556,0.21176470588235294,0.11764705882352941,0.0015,25.0,33.33333333333333,66.66666666666666,100.0,14.91442542787286,5.378973105134474,36.0655737704918,9.623529411764705,7.670588235294118
363,CHE,Chelsea,eng.chelsea,12654,704354,1,57.5,13.0,3.0,0.0,0.0,6.0,3.0,12.0,2.0,0.2,0.0,0.0,476.0,542.0,0.9,4.0,17.0,0.2,44.0,22.0,0.5,4.0,10.0,12.0,0.8,8.0,11.0,11.0,2024-10-21 05:12:06,16.666666666666664,0.20869565217391303,0.034782608695652174,0.00047058823529411766,23.52941176470588,38.095238095238095,58.06451612903226,100.0,8.118081180811808,4.059040590405904,50.0,9.42608695652174,8.278260869565218
382,MNC,Manchester City,eng.man_city,12654,704358,1,77.6,5.0,1.0,0.0,1.0,18.0,1.0,22.0,7.0,0.3,0.0,0.0,657.0,731.0,0.9,7.0,40.0,0.2,17.0,12.0,0.7,8.0,10.0,14.0,0.7,3.0,5.0,5.0,2024-10-21 05:12:06,31.818181818181817,0.2835051546391753,0.09020618556701032,0.000525,17.5,37.5,72.22222222222221,100.0,2.3255813953488373,1.6415868673050615,70.58823529411765,9.420103092783506,8.466494845360826
363,CHE,Chelsea,eng.chelsea,12654,704359,0,50.4,13.0,6.0,0.0,2.0,7.0,1.0,17.0,7.0,0.4,0.0,0.0,388.0,459.0,0.8,5.0,20.0,0.3,62.0,26.0,0.4,4.0,8.0,12.0,0.7,16.0,23.0,23.0,2024-10-28 05:17:50,41.17647058823529,0.3373015873015873,0.1388888888888889,0.001,25.0,55.172413793103445,64.86486486486487,100.0,13.507625272331156,5.664488017429194,41.935483870967744,9.107142857142858,7.698412698412699
382,MNC,Manchester City,eng.man_city,12654,704363,0,56.9,9.0,1.0,0.0,1.0,12.0,2.0,22.0,8.0,0.4,0.0,0.0,571.0,616.0,0.9,10.0,29.0,0.3,22.0,12.0,0.5,7.0,7.0,12.0,0.6,10.0,14.0,14.0,2024-10-27 05:16:31,36.36363636363637,0.3866432337434095,0.140597539543058,0.0013793103448275865,34.48275862068966,52.63157894736842,65.38461538461539,100.0,3.571428571428571,1.948051948051948,54.54545454545454,10.826010544815466,10.035149384885765
359,ARS,Arsenal,eng.arsenal,12654,704367,0,44.7,14.0,2.0,0.0,2.0,1.0,2.0,9.0,3.0,0.3,0.0,0.0,306.0,383.0,0.8,3.0,13.0,0.2,46.0,21.0,0.5,2.0,11.0,17.0,0.6,7.0,24.0,24.0,2024-10-28 05:17:50,33.33333333333333,0.20134228187919462,0.06711409395973154,0.0006923076923076924,23.076923076923077,33.33333333333333,56.25,100.0,12.010443864229766,5.483028720626632,45.65217391304348,8.568232662192393,6.845637583892617
364,LIV,Liverpool,eng.liverpool,12654,704367,1,55.3,14.0,2.0,0.0,1.0,3.0,1.0,9.0,4.0,0.4,0.0,0.0,387.0,466.0,0.8,3.0,24.0,0.1,61.0,20.0,0.3,2.0,9.0,16.0,0.6,5.0,21.0,21.0,2024-10-28 05:17:50,44.44444444444444,0.162748643761302,0.07233273056057866,0.0005,12.5,26.31578947368421,50.0,100.0,13.090128755364807,4.291845493562231,32.78688524590164,8.426763110307414,6.998191681735986
359,ARS,Arsenal,eng.arsenal,12654,704372,1,63.9,18.0,4.0,0.0,0.0,6.0,3.0,10.0,1.0,0.1,0.0,0.0,433.0,502.0,0.9,7.0,27.0,0.3,35.0,16.0,0.5,3.0,10.0,17.0,0.6,6.0,18.0,18.0,2024-11-03 13:39:59,10.0,0.1564945226917058,0.01564945226917058,0.00025925925925925926,25.925925925925924,25.0,47.05882352941176,100.0,6.97211155378486,3.187250996015936,45.714285714285715,7.856025039123631,6.776212832550861
364,LIV,Liverpool,eng.liverpool,12654,704374,0,48.8,10.0,1.0,0.0,1.0,10.0,4.0,16.0,8.0,0.5,0.0,0.0,367.0,443.0,0.8,4.0,18.0,0.2,43.0,18.0,0.4,6.0,19.0,28.0,0.7,10.0,13.0,13.0,2024-11-02 21:18:41,50.0,0.3278688524590164,0.1639344262295082,0.0011111111111111111,22.22222222222222,50.0,74.35897435897436,100.0,9.706546275395034,4.063205417607223,41.86046511627907,9.077868852459018,7.520491803278689
382,MNC,Manchester City,eng.man_city,12654,704377,1,64.5,6.0,1.0,0.0,0.0,10.0,4.0,18.0,4.0,0.2,0.0,0.0,541.0,600.0,0.9,6.0,27.0,0.2,37.0,23.0,0.6,4.0,7.0,14.0,0.5,5.0,8.0,8.0,2024-11-03 13:39:59,22.22222222222222,0.27906976744186046,0.06201550387596899,0.00044444444444444447,22.22222222222222,45.45454545454545,66.66666666666666,100.0,6.166666666666667,3.833333333333333,62.16216216216216,9.30232558139535,8.387596899224807
363,CHE,Chelsea,eng.chelsea,12654,704378,1,54.0,14.0,2.0,0.0,0.0,8.0,3.0,12.0,3.0,0.3,0.0,0.0,397.0,475.0,0.8,1.0,19.0,0.1,40.0,16.0,0.4,5.0,11.0,20.0,0.6,7.0,19.0,19.0,2024-11-04 22:44:58,25.0,0.2222222222222222,0.05555555555555555,0.00015789473684210524,5.263157894736842,33.33333333333333,56.25,100.0,8.421052631578947,3.3684210526315788,40.0,8.796296296296296,7.351851851851852
363,CHE,Chelsea,eng.chelsea,12654,704380,0,49.3,12.0,4.0,0.0,1.0,4.0,2.0,17.0,3.0,0.2,0.0,0.0,358.0,419.0,0.9,5.0,14.0,0.4,50.0,24.0,0.5,8.0,16.0,19.0,0.8,7.0,18.0,18.0,2024-11-13 06:04:39,17.647058823529413,0.3448275862068966,0.06085192697768763,0.0007142857142857144,35.714285714285715,36.84210526315789,65.71428571428571,100.0,11.933174224343675,5.727923627684964,48.0,8.498985801217039,7.261663286004057
359,ARS,Arsenal,eng.arsenal,12654,704380,1,50.7,12.0,2.0,0.0,7.0,3.0,2.0,13.0,3.0,0.2,0.0,0.0,375.0,425.0,0.9,2.0,17.0,0.1,31.0,15.0,0.5,6.0,6.0,13.0,0.5,6.0,17.0,17.0,2024-11-13 06:04:39,23.076923076923077,0.2564102564102564,0.05917159763313609,0.00023529411764705883,11.76470588235294,33.33333333333333,50.0,100.0,7.294117647058823,3.5294117647058822,48.38709677419355,8.382642998027613,7.396449704142012
382,MNC,Manchester City,eng.man_city,12654,704381,1,60.5,10.0,3.0,0.0,1.0,4.0,2.0,15.0,6.0,0.4,0.0,0.0,586.0,653.0,0.9,4.0,11.0,0.4,40.0,24.0,0.6,3.0,5.0,12.0,0.4,4.0,8.0,8.0,2024-11-10 06:19:29,40.0,0.24793388429752067,0.09917355371900827,0.0014545454545454547,36.36363636363637,28.57142857142857,47.368421052631575,100.0,6.1255742725880555,3.6753445635528332,60.0,10.793388429752065,9.685950413223141
364,LIV,Liverpool,eng.liverpool,12654,704388,0,62.4,11.0,0.0,0.0,1.0,2.0,2.0,14.0,5.0,0.4,0.0,0.0,546.0,619.0,0.9,3.0,8.0,0.4,42.0,21.0,0.5,3.0,9.0,12.0,0.8,7.0,15.0,15.0,2024-11-11 06:17:44,35.714285714285715,0.22435897435897437,0.08012820512820513,0.0015000000000000002,37.5,38.88888888888889,59.25925925925925,100.0,6.78513731825525,3.392568659127625,50.0,9.919871794871796,8.75
363,CHE,Chelsea,eng.chelsea,12654,704392,1,63.3,12.0,3.0,0.0,1.0,9.0,0.0,16.0,7.0,0.4,0.0,0.0,528.0,609.0,0.9,2.0,15.0,0.1,40.0,19.0,0.5,3.0,11.0,18.0,0.6,9.0,11.0,11.0,2024-11-24 15:57:29,43.75,0.25276461295418645,0.11058451816745656,0.0005333333333333334,13.333333333333334,42.857142857142854,62.5,100.0,6.568144499178982,3.1198686371100166,47.5,9.62085308056872,8.341232227488153
359,ARS,Arsenal,eng.arsenal,12654,704393,0,66.1,10.0,3.0,0.0,4.0,8.0,0.0,19.0,7.0,0.4,0.0,0.0,536.0,587.0,0.9,3.0,18.0,0.2,34.0,20.0,0.6,5.0,13.0,15.0,0.9,4.0,14.0,14.0,2024-11-24 15:57:29,36.84210526315789,0.28744326777609686,0.10590015128593042,0.0006666666666666666,16.666666666666664,28.57142857142857,62.96296296296296,100.0,5.792163543441227,3.4071550255536627,58.82352941176471,8.880484114977309,8.108925869894101
382,MNC,Manchester City,eng.man_city,12654,704396,0,57.6,19.0,4.0,0.0,2.0,9.0,3.0,23.0,5.0,0.2,0.0,0.0,523.0,566.0,0.9,7.0,33.0,0.2,31.0,22.0,0.7,7.0,8.0,13.0,0.6,9.0,13.0,13.0,2024-11-24 15:57:29,21.73913043478261,0.3993055555555555,0.08680555555555555,0.00042424242424242425,21.21212121212121,32.142857142857146,47.22222222222222,100.0,5.477031802120141,3.8869257950530036,70.96774193548387,9.82638888888889,9.07986111111111
364,LIV,Liverpool,eng.liverpool,12654,704397,1,62.2,9.0,4.0,0.0,1.0,10.0,3.0,27.0,11.0,0.4,1.0,1.0,531.0,600.0,0.9,9.0,30.0,0.3,39.0,16.0,0.4,9.0,12.0,16.0,0.8,8.0,4.0,4.0,2024-11-25 16:08:11,40.74074074074074,0.4340836012861736,0.17684887459807072,0.0012,30.0,47.05882352941176,68.96551724137932,100.0,6.5,2.666666666666667,41.02564102564102,9.646302250803858,8.536977491961414
359,ARS,Arsenal,eng.arsenal,12654,704400,1,59.9,13.0,1.0,0.0,1.0,10.0,3.0,16.0,7.0,0.4,2.0,2.0,400.0,479.0,0.8,6.0,19.0,0.3,43.0,22.0,0.5,4.0,6.0,17.0,0.4,6.0,14.0,14.0,2024-12-01 06:00:01,43.75,0.2671118530884808,0.11686143572621036,0.0012631578947368421,31.57894736842105,31.57894736842105,48.0,100.0,8.977035490605429,4.592901878914405,51.162790697674424,7.996661101836394,6.67779632721202
363,CHE,Chelsea,eng.chelsea,12654,704404,0,64.1,21.0,2.0,0.0,3.0,3.0,3.0,17.0,8.0,0.5,0.0,0.0,561.0,623.0,0.9,2.0,12.0,0.2,40.0,17.0,0.4,3.0,10.0,17.0,0.6,3.0,5.0,5.0,2024-12-02 05:58:43,47.05882352941176,0.265210608424337,0.12480499219968799,0.0008333333333333333,16.666666666666664,12.5,38.23529411764706,100.0,6.420545746388442,2.7287319422150884,42.5,9.719188767550703,8.751950078003121
364,LIV,Liverpool,eng.liverpool,12654,704406,0,43.8,9.0,1.0,0.0,4.0,7.0,3.0,18.0,7.0,0.4,1.0,1.0,347.0,415.0,0.8,4.0,14.0,0.3,61.0,25.0,0.4,4.0,13.0,22.0,0.6,6.0,13.0,13.0,2024-12-02 05:58:43,38.88888888888889,0.4109589041095891,0.15981735159817353,0.0011428571428571427,28.57142857142857,40.0,67.85714285714286,100.0,14.698795180722893,6.024096385542169,40.98360655737705,9.47488584474886,7.922374429223745
382,MNC,Manchester City,eng.man_city,12654,704406,1,56.2,8.0,3.0,0.0,3.0,4.0,5.0,8.0,2.0,0.3,0.0,0.0,481.0,544.0,0.9,0.0,9.0,0.0,32.0,10.0,0.3,3.0,14.0,17.0,0.8,5.0,21.0,21.0,2024-12-02 05:58:43,25.0,0.14234875444839856,0.03558718861209964,0.0,0.0,38.46153846153847,70.37037037037037,100.0,5.88235294117647,1.8382352941176472,31.25,9.679715302491102,8.558718861209965
359,ARS,Arsenal,eng.arsenal,12654,704410,0,50.3,12.0,1.0,0.0,2.0,13.0,2.0,14.0,6.0,0.4,0.0,0.0,403.0,463.0,0.9,7.0,23.0,0.3,46.0,25.0,0.5,5.0,11.0,15.0,0.7,3.0,8.0,8.0,2024-12-05 05:59:35,42.857142857142854,0.2783300198807157,0.11928429423459246,0.0012173913043478262,30.434782608695656,20.0,53.84615384615385,100.0,9.935205183585314,5.399568034557236,54.347826086956516,9.204771371769384,8.01192842942346
382,MNC,Manchester City,eng.man_city,12654,704416,0,66.6,7.0,2.0,0.0,1.0,8.0,3.0,17.0,7.0,0.4,0.0,0.0,521.0,583.0,0.9,6.0,15.0,0.4,33.0,19.0,0.6,3.0,11.0,16.0,0.7,5.0,15.0,15.0,2024-12-06 05:57:16,41.17647058823529,0.2552552552552553,0.10510510510510511,0.0016000000000000003,40.0,41.66666666666667,69.56521739130434,100.0,5.660377358490567,3.2590051457975986,57.57575757575758,8.753753753753754,7.822822822822824
364,LIV,Liverpool,eng.liverpool,12654,704417,1,58.7,17.0,5.0,0.0,0.0,6.0,3.0,16.0,5.0,0.3,0.0,0.0,450.0,514.0,0.9,3.0,15.0,0.2,41.0,15.0,0.4,6.0,13.0,23.0,0.6,10.0,22.0,22.0,2024-12-05 05:59:35,31.25,0.272572402044293,0.08517887563884156,0.0006,20.0,37.03703703703704,57.49999999999999,100.0,7.976653696498054,2.9182879377431905,36.58536585365854,8.756388415672912,7.66609880749574
363,CHE,Chelsea,eng.chelsea,12654,704418,1,54.9,14.0,0.0,0.0,1.0,7.0,3.0,26.0,13.0,0.5,0.0,0.0,494.0,535.0,0.9,3.0,12.0,0.3,18.0,11.0,0.6,6.0,10.0,15.0,0.7,8.0,9.0,9.0,2024-12-05 05:59:35,50.0,0.47358834244080145,0.23679417122040072,0.00125,25.0,36.36363636363637,56.25,100.0,3.364485981308411,2.0560747663551404,61.111111111111114,9.744990892531876,8.998178506375227
363,CHE,Chelsea,eng.chelsea,12654,704420,1,59.1,12.0,0.0,0.0,0.0,0.0,0.0,0.0,0.0,0.0,0.0,0.0,466.0,535.0,0.9,0.0,0.0,0.0,41.0,20.0,0.5,0.0,9.0,0.0,0.6,8.0,14.0,14.0,2025-07-13 17:50:09,0.0,0.0,0.0,0.0,0.0,40.0,58.620689655172406,100.0,7.663551401869159,3.7383177570093453,48.78048780487805,9.052453468697124,7.884940778341793
359,ARS,Arsenal,eng.arsenal,12654,704421,1,66.2,9.0,2.0,0.0,3.0,6.0,1.0,12.0,4.0,0.3,0.0,0.0,522.0,587.0,0.9,8.0,33.0,0.2,37.0,19.0,0.5,0.0,6.0,9.0,0.7,6.0,11.0,11.0,2024-12-09 12:52:48,33.33333333333333,0.18126888217522658,0.060422960725075525,0.0007272727272727272,24.242424242424242,40.0,57.14285714285714,100.0,6.303236797274275,3.2367972742759794,51.35135135135135,8.867069486404834,7.885196374622356
382,MNC,Manchester City,eng.man_city,12654,704424,1,68.2,10.0,0.0,1.0,2.0,8.0,1.0,12.0,4.0,0.3,0.0,0.0,636.0,719.0,0.9,5.0,16.0,0.3,43.0,20.0,0.5,4.0,7.0,14.0,0.5,7.0,16.0,16.0,2024-12-10 05:55:59,33.33333333333333,0.1759530791788856,0.05865102639296187,0.0009375,31.25,41.17647058823529,58.333333333333336,100.0,5.980528511821975,2.781641168289291,46.51162790697674,10.542521994134898,9.325513196480937
364,LIV,Liverpool,eng.liverpool,12654,704425,1,63.2,20.0,2.0,1.0,2.0,3.0,1.0,6.0,4.0,0.7,0.0,0.0,452.0,546.0,0.8,1.0,10.0,0.1,64.0,22.0,0.3,2.0,10.0,18.0,0.6,8.0,36.0,36.0,2025-02-13 05:50:42,66.66666666666666,0.09493670886075949,0.06329113924050632,0.0006999999999999999,10.0,28.57142857142857,47.368421052631575,100.0,11.72161172161172,4.029304029304029,34.375,8.639240506329113,7.151898734177215
359,ARS,Arsenal,eng.arsenal,12654,704429,0,76.6,6.0,0.0,0.0,5.0,8.0,0.0,13.0,5.0,0.4,0.0,0.0,631.0,684.0,0.9,7.0,28.0,0.3,33.0,19.0,0.6,5.0,10.0,18.0,0.6,6.0,7.0,7.0,2024-12-15 05:56:47,38.46153846153847,0.16971279373368148,0.06527415143603134,0.001,25.0,50.0,72.72727272727273,100.0,4.824561403508771,2.7777777777777777,57.57575757575758,8.929503916449088,8.237597911227155
363,CHE,Chelsea,eng.chelsea,12654,704432,0,61.7,11.0,0.0,1.0,1.0,8.0,3.0,26.0,8.0,0.3,0.0,0.0,443.0,518.0,0.9,10.0,34.0,0.3,51.0,25.0,0.5,8.0,8.0,15.0,0.5,8.0,20.0,20.0,2024-12-16 05:54:42,30.76923076923077,0.4213938411669368,0.12965964343598055,0.0008823529411764706,29.411764705882355,42.10526315789473,59.25925925925925,100.0,9.845559845559846,4.826254826254826,49.01960784313725,8.39546191247974,7.179902755267423
382,MNC,Manchester City,eng.man_city,12654,704434,0,51.8,5.0,1.0,0.0,0.0,8.0,1.0,10.0,3.0,0.3,0.0,0.0,432.0,498.0,0.9,2.0,19.0,0.1,44.0,22.0,0.5,3.0,10.0,14.0,0.7,10.0,10.0,10.0,2024-12-16 05:54:42,30.0,0.19305019305019305,0.05791505791505792,0.0003157894736842105,10.526315789473683,66.66666666666666,80.0,100.0,8.835341365461847,4.417670682730924,50.0,9.613899613899614,8.33976833976834
364,LIV,Liverpool,eng.liverpool,12654,704438,0,61.3,10.0,3.0,1.0,2.0,5.0,1.0,16.0,4.0,0.3,0.0,0.0,469.0,529.0,0.9,6.0,31.0,0.2,46.0,30.0,0.7,5.0,9.0,15.0,0.6,9.0,6.0,6.0,2024-12-15 05:56:47,25.0,0.2610114192495922,0.06525285481239805,0.0005806451612903225,19.35483870967742,47.368421052631575,64.28571428571429,100.0,8.695652173913043,5.671077504725898,65.21739130434783,8.629690048939642,7.650897226753671
364,LIV,Liverpool,eng.liverpool,12654,704439,1,48.1,9.0,2.0,0.0,4.0,5.0,2.0,24.0,12.0,0.5,0.0,0.0,432.0,502.0,0.9,9.0,21.0,0.4,49.0,26.0,0.5,4.0,17.0,27.0,0.6,15.0,21.0,21.0,2024-12-23 05:53:33,50.0,0.49896049896049893,0.24948024948024947,0.0021428571428571425,42.857142857142854,62.5,78.04878048780488,100.0,9.760956175298805,5.179282868525896,53.06122448979592,10.436590436590436,8.981288981288982
382,MNC,Manchester City,eng.man_city,12654,704444,1,56.1,7.0,3.0,0.0,0.0,4.0,4.0,12.0,6.0,0.5,0.0,0.0,496.0,537.0,0.9,2.0,14.0,0.1,31.0,23.0,0.7,1.0,4.0,6.0,0.7,5.0,15.0,15.0,2024-12-22 05:54:10,50.0,0.21390374331550802,0.10695187165775401,0.0007142857142857143,14.285714285714285,41.66666666666667,56.25,100.0,5.772811918063315,4.283054003724395,74.19354838709677,9.572192513368984,8.841354723707665
359,ARS,Arsenal,eng.arsenal,12654,704446,1,58.4,8.0,2.0,0.0,0.0,3.0,5.0,14.0,6.0,0.4,0.0,0.0,479.0,552.0,0.9,9.0,17.0,0.5,39.0,17.0,0.4,5.0,10.0,14.0,0.7,11.0,15.0,15.0,2024-12-23 05:53:33,42.857142857142854,0.2397260273972603,0.10273972602739727,0.0021176470588235297,52.94117647058824,57.89473684210527,72.41379310344827,100.0,7.065217391304348,3.0797101449275366,43.58974358974359,9.452054794520548,8.202054794520548
363,CHE,Chelsea,eng.chelsea,12654,704447,1,75.0,12.0,1.0,0.0,1.0,5.0,4.0,12.0,5.0,0.4,0.0,0.0,577.0,642.0,0.9,3.0,18.0,0.2,50.0,29.0,0.6,4.0,14.0,23.0,0.6,2.0,12.0,12.0,2024-12-23 05:53:33,41.66666666666667,0.16,0.06666666666666667,0.0006666666666666666,16.666666666666664,14.285714285714285,57.14285714285714,100.0,7.78816199376947,4.517133956386292,57.99999999999999,8.56,7.693333333333333
363,CHE,Chelsea,eng.chelsea,12654,704449,0,47.1,13.0,1.0,0.0,3.0,3.0,5.0,12.0,8.0,0.7,0.0,0.0,422.0,506.0,0.8,2.0,14.0,0.1,44.0,16.0,0.4,3.0,7.0,12.0,0.6,6.0,16.0,16.0,2024-12-27 05:48:38,66.66666666666666,0.25477707006369427,0.16985138004246284,0.001,14.285714285714285,31.57894736842105,50.0,100.0,8.695652173913043,3.1620553359683794,36.36363636363637,10.743099787685775,8.959660297239914
382,MNC,Manchester City,eng.man_city,12654,704451,0,66.3,5.0,1.0,0.0,2.0,8.0,2.0,24.0,5.0,0.2,0.0,1.0,586.0,645.0,0.9,10.0,23.0,0.4,33.0,19.0,0.6,10.0,8.0,16.0,0.5,1.0,11.0,11.0,2024-12-27 05:48:38,20.833333333333336,0.36199095022624433,0.07541478129713425,0.0008695652173913043,43.47826086956522,16.666666666666664,64.28571428571429,100.0,5.116279069767442,2.945736434108527,57.57575757575758,9.728506787330318,8.838612368024133
364,LIV,Liverpool,eng.liverpool,12654,704456,0,68.5,17.0,3.0,0.0,3.0,14.0,0.0,19.0,7.0,0.4,0.0,0.0,590.0,649.0,0.9,12.0,50.0,0.2,34.0,24.0,0.7,6.0,8.0,18.0,0.4,8.0,9.0,9.0,2024-12-27 05:48:38,36.84210526315789,0.2773722627737226,0.10218978102189781,0.00096,24.0,32.0,48.484848484848484,100.0,5.238828967642527,3.697996918335902,70.58823529411765,9.474452554744525,8.613138686131387
359,ARS,Arsenal,eng.arsenal,12654,704457,0,67.8,7.0,1.0,0.0,1.0,5.0,0.0,13.0,5.0,0.4,0.0,0.0,604.0,670.0,0.9,5.0,18.0,0.3,26.0,9.0,0.3,5.0,13.0,24.0,0.5,4.0,14.0,14.0,2024-12-28 05:47:48,38.46153846153847,0.19174041297935104,0.07374631268436578,0.0011111111111111111,27.77777777777778,36.36363636363637,70.83333333333334,100.0,3.880597014925373,1.3432835820895521,34.61538461538461,9.882005899705016,8.908554572271386
363,CHE,Chelsea,eng.chelsea,12654,704461,1,75.9,5.0,4.0,0.0,2.0,7.0,4.0,20.0,5.0,0.3,0.0,0.0,655.0,729.0,0.9,2.0,19.0,0.1,33.0,16.0,0.5,8.0,5.0,11.0,0.5,5.0,14.0,14.0,2024-12-31 05:43:43,25.0,0.26350461133069825,0.06587615283267456,0.0003157894736842105,10.526315789473683,50.0,66.66666666666666,100.0,4.526748971193416,2.194787379972565,48.484848484848484,9.604743083003951,8.62977602108037
382,MNC,Manchester City,eng.man_city,12654,704462,1,46.4,6.0,1.0,0.0,2.0,4.0,3.0,14.0,5.0,0.4,0.0,0.0,461.0,505.0,0.9,5.0,11.0,0.5,25.0,17.0,0.7,3.0,6.0,10.0,0.6,5.0,16.0,16.0,2024-12-30 05:52:42,35.714285714285715,0.3017241379310345,0.10775862068965518,0.0018181818181818182,45.45454545454545,45.45454545454545,64.70588235294117,100.0,4.9504950495049505,3.3663366336633667,68.0,10.883620689655173,9.935344827586206
364,LIV,Liverpool,eng.liverpool,12654,704464,1,54.1,10.0,0.0,0.0,0.0,6.0,1.0,22.0,13.0,0.6,0.0,0.0,475.0,540.0,0.9,6.0,22.0,0.3,38.0,21.0,0.6,2.0,15.0,23.0,0.7,4.0,14.0,14.0,2024-12-31 05:43:43,59.09090909090909,0.4066543438077634,0.24029574861367836,0.001636363636363636,27.27272727272727,28.57142857142857,65.51724137931035,100.0,7.037037037037037,3.888888888888889,55.26315789473685,9.981515711645102,8.78003696857671
359,ARS,Arsenal,eng.arsenal,12654,704467,1,49.5,8.0,2.0,0.0,6.0,3.0,1.0,14.0,5.0,0.4,0.0,0.0,388.0,465.0,0.8,6.0,20.0,0.3,37.0,13.0,0.4,5.0,9.0,16.0,0.6,6.0,22.0,22.0,2025-01-02 05:44:24,35.714285714285715,0.2828282828282828,0.10101010101010101,0.0012,30.0,42.857142857142854,65.21739130434783,100.0,7.956989247311828,2.795698924731183,35.13513513513514,9.393939393939394,7.838383838383838
382,MNC,Manchester City,eng.man_city,12654,704474,0,56.0,8.0,2.0,0.0,1.0,7.0,3.0,10.0,7.0,0.7,0.0,0.0,496.0,556.0,0.9,1.0,12.0,0.1,36.0,20.0,0.6,3.0,8.0,12.0,0.7,6.0,17.0,17.0,2025-01-05 05:43:24,70.0,0.17857142857142858,0.125,0.0005833333333333333,8.333333333333332,42.857142857142854,63.63636363636363,100.0,6.474820143884892,3.597122302158273,55.55555555555556,9.928571428571429,8.857142857142858
364,LIV,Liverpool,eng.liverpool,12654,704475,0,52.9,10.0,2.0,0.0,0.0,6.0,2.0,19.0,6.0,0.3,1.0,1.0,364.0,438.0,0.8,3.0,17.0,0.2,47.0,16.0,0.3,5.0,2.0,6.0,0.3,14.0,29.0,29.0,2025-01-09 05:42:55,31.57894736842105,0.3591682419659735,0.11342155009451796,0.0005294117647058823,17.647058823529413,58.333333333333336,61.53846153846154,100.0,10.730593607305936,3.65296803652968,34.04255319148936,8.279773156899811,6.880907372400756
359,ARS,Arsenal,eng.arsenal,12654,704477,1,55.1,14.0,3.0,0.0,3.0,5.0,3.0,9.0,3.0,0.3,0.0,0.0,456.0,519.0,0.9,3.0,15.0,0.2,43.0,22.0,0.5,2.0,7.0,14.0,0.5,5.0,8.0,8.0,2025-01-05 05:43:24,33.33333333333333,0.16333938294010888,0.0544464609800363,0.0006,20.0,26.31578947368421,46.15384615384615,100.0,8.285163776493256,4.238921001926782,51.162790697674424,9.41923774954628,8.275862068965518
363,CHE,Chelsea,eng.chelsea,12654,704478,1,61.6,12.0,2.0,0.0,0.0,6.0,5.0,15.0,1.0,0.1,0.0,0.0,487.0,566.0,0.9,3.0,14.0,0.2,67.0,39.0,0.6,4.0,5.0,12.0,0.4,8.0,13.0,13.0,2025-01-05 05:43:24,6.666666666666667,0.2435064935064935,0.016233766233766232,0.00021428571428571427,21.428571428571427,40.0,52.0,100.0,11.837455830388691,6.890459363957597,58.2089552238806,9.188311688311687,7.9058441558441555
382,MNC,Manchester City,eng.man_city,12654,704482,1,55.3,4.0,0.0,0.0,0.0,5.0,3.0,21.0,8.0,0.4,0.0,0.0,449.0,519.0,0.9,7.0,20.0,0.4,45.0,27.0,0.6,2.0,6.0,12.0,0.5,9.0,30.0,30.0,2025-01-16 05:38:59,38.095238095238095,0.379746835443038,0.14466546112115733,0.0013999999999999998,35.0,69.23076923076923,78.94736842105263,100.0,8.670520231213873,5.202312138728324,60.0,9.385171790235082,8.119349005424954
364,LIV,Liverpool,eng.liverpool,12654,704484,1,71.0,10.0,1.0,0.0,1.0,9.0,2.0,23.0,7.0,0.3,0.0,0.0,482.0,566.0,0.9,6.0,29.0,0.2,44.0,25.0,0.6,6.0,4.0,10.0,0.4,2.0,29.0,29.0,2025-01-15 05:36:16,30.434782608695656,0.323943661971831,0.09859154929577464,0.0006206896551724138,20.689655172413794,16.666666666666664,37.5,100.0,7.773851590106007,4.41696113074205,56.81818181818182,7.971830985915493,6.788732394366197
359,ARS,Arsenal,eng.arsenal,12654,704485,0,53.2,16.0,3.0,0.0,3.0,10.0,1.0,14.0,4.0,0.3,0.0,0.0,357.0,426.0,0.8,6.0,25.0,0.2,38.0,20.0,0.5,6.0,13.0,21.0,0.6,9.0,14.0,14.0,2025-01-17 05:55:41,28.57142857142857,0.2631578947368421,0.07518796992481203,0.0007199999999999999,24.0,36.0,57.89473684210527,100.0,8.92018779342723,4.694835680751173,52.63157894736842,8.00751879699248,6.7105263157894735
363,CHE,Chelsea,eng.chelsea,12654,704487,0,56.9,15.0,2.0,0.0,2.0,9.0,1.0,26.0,10.0,0.4,0.0,0.0,355.0,426.0,0.8,5.0,16.0,0.3,53.0,33.0,0.6,9.0,7.0,11.0,0.6,5.0,8.0,8.0,2025-01-15 05:36:16,38.46153846153847,0.4569420035149385,0.1757469244288225,0.00125,31.25,25.0,44.44444444444444,100.0,12.44131455399061,7.746478873239436,62.264150943396224,7.486818980667839,6.239015817223199
382,MNC,Manchester City,eng.man_city,12654,704490,1,67.3,7.0,1.0,0.0,1.0,7.0,4.0,17.0,9.0,0.5,0.0,0.0,686.0,747.0,0.9,0.0,8.0,0.0,37.0,20.0,0.5,5.0,8.0,14.0,0.6,7.0,11.0,11.0,2025-01-20 14:35:18,52.94117647058824,0.2526002971768202,0.1337295690936107,0.0,0.0,50.0,68.18181818181817,100.0,4.953145917001338,2.677376171352075,54.054054054054056,11.099554234769688,10.193164933135217
359,ARS,Arsenal,eng.arsenal,12654,704493,0,66.0,10.0,2.0,0.0,3.0,10.0,2.0,18.0,6.0,0.3,0.0,0.0,429.0,483.0,0.9,9.0,41.0,0.2,34.0,21.0,0.6,5.0,7.0,12.0,0.6,8.0,10.0,10.0,2025-01-19 05:36:40,33.33333333333333,0.2727272727272727,0.09090909090909091,0.0006585365853658537,21.951219512195124,44.44444444444444,60.0,100.0,7.039337474120083,4.3478260869565215,61.76470588235294,7.318181818181818,6.5
364,LIV,Liverpool,eng.liverpool,12654,704494,1,61.1,14.0,3.0,0.0,0.0,15.0,7.0,37.0,8.0,0.2,0.0,0.0,423.0,484.0,0.9,10.0,32.0,0.3,36.0,20.0,0.6,15.0,5.0,10.0,0.5,4.0,19.0,19.0,2025-01-19 05:36:40,21.62162162162162,0.6055646481178396,0.1309328968903437,0.000625,31.25,22.22222222222222,39.130434782608695,100.0,7.43801652892562,4.132231404958678,55.55555555555556,7.9214402618657935,6.923076923076923
363,CHE,Chelsea,eng.chelsea,12654,704495,0,62.8,8.0,4.0,0.0,5.0,3.0,3.0,19.0,7.0,0.4,0.0,0.0,504.0,567.0,0.9,6.0,23.0,0.3,48.0,24.0,0.5,6.0,8.0,9.0,0.9,7.0,19.0,19.0,2025-01-22 05:37:47,36.84210526315789,0.30254777070063693,0.11146496815286625,0.0010434782608695653,26.08695652173913,46.666666666666664,65.21739130434783,100.0,8.465608465608465,4.232804232804233,50.0,9.028662420382165,8.02547770700637
382,MNC,Manchester City,eng.man_city,12654,704502,0,57.0,6.0,3.0,0.0,5.0,2.0,3.0,15.0,6.0,0.4,0.0,0.0,489.0,567.0,0.9,2.0,5.0,0.4,53.0,23.0,0.4,3.0,9.0,13.0,0.7,6.0,15.0,15.0,2025-01-26 05:40:34,40.0,0.2631578947368421,0.10526315789473684,0.0016000000000000003,40.0,50.0,71.42857142857143,100.0,9.347442680776014,4.056437389770723,43.39622641509434,9.947368421052632,8.578947368421053
363,CHE,Chelsea,eng.chelsea,12654,704502,1,43.0,8.0,2.0,0.0,2.0,4.0,3.0,10.0,4.0,0.4,0.0,0.0,352.0,425.0,0.8,0.0,9.0,0.0,62.0,25.0,0.4,3.0,8.0,12.0,0.7,4.0,12.0,12.0,2025-01-26 05:40:34,40.0,0.23255813953488372,0.09302325581395349,0.0,0.0,33.33333333333333,60.0,100.0,14.588235294117647,5.88235294117647,40.32258064516129,9.883720930232558,8.186046511627907
359,ARS,Arsenal,eng.arsenal,12654,704504,1,48.4,10.0,1.0,1.0,0.0,5.0,4.0,9.0,3.0,0.3,0.0,0.0,329.0,397.0,0.8,4.0,23.0,0.2,39.0,14.0,0.4,3.0,11.0,22.0,0.5,8.0,14.0,14.0,2025-01-26 05:40:34,33.33333333333333,0.18595041322314051,0.06198347107438017,0.0005217391304347826,17.391304347826086,44.44444444444444,65.51724137931035,100.0,9.82367758186398,3.5264483627204033,35.8974358974359,8.202479338842975,6.797520661157025
364,LIV,Liverpool,eng.liverpool,12654,704508,0,70.4,10.0,0.0,0.0,0.0,3.0,2.0,16.0,6.0,0.4,0.0,0.0,673.0,746.0,0.9,5.0,24.0,0.2,33.0,22.0,0.7,3.0,9.0,16.0,0.6,3.0,7.0,7.0,2025-01-26 05:40:34,37.5,0.22727272727272727,0.08522727272727272,0.0008333333333333334,20.833333333333336,23.076923076923077,54.54545454545454,100.0,4.423592493297587,2.949061662198391,66.66666666666666,10.596590909090908,9.55965909090909
364,LIV,Liverpool,eng.liverpool,12654,704511,1,50.6,9.0,3.0,0.0,1.0,3.0,4.0,19.0,7.0,0.4,1.0,1.0,348.0,426.0,0.8,3.0,13.0,0.2,54.0,22.0,0.4,7.0,11.0,18.0,0.6,11.0,26.0,26.0,2025-02-02 14:50:29,36.84210526315789,0.37549407114624506,0.1383399209486166,0.0009230769230769232,23.076923076923077,55.00000000000001,70.96774193548387,100.0,12.676056338028168,5.164319248826291,40.74074074074074,8.41897233201581,6.877470355731225
363,CHE,Chelsea,eng.chelsea,12654,704513,0,67.9,11.0,3.0,0.0,0.0,4.0,4.0,22.0,3.0,0.1,0.0,0.0,516.0,597.0,0.9,6.0,22.0,0.3,35.0,14.0,0.4,10.0,18.0,23.0,0.8,3.0,14.0,14.0,2025-02-04 05:35:07,13.636363636363635,0.32400589101620025,0.04418262150220913,0.00027272727272727274,27.27272727272727,21.428571428571427,65.625,100.0,5.8626465661641545,2.3450586264656614,40.0,8.792341678939616,7.59941089837997
359,ARS,Arsenal,eng.arsenal,12654,704515,0,45.7,6.0,2.0,0.0,3.0,5.0,3.0,12.0,7.0,0.6,0.0,0.0,347.0,398.0,0.9,1.0,12.0,0.1,37.0,17.0,0.5,3.0,8.0,16.0,0.5,5.0,20.0,20.0,2025-02-03 14:51:04,58.333333333333336,0.26258205689277897,0.15317286652078774,0.0005,8.333333333333332,45.45454545454545,68.42105263157895,100.0,9.296482412060302,4.271356783919598,45.94594594594595,8.708971553610503,7.5929978118161925
382,MNC,Manchester City,eng.man_city,12654,704515,1,54.3,7.0,0.0,0.0,1.0,2.0,2.0,7.0,4.0,0.6,0.0,0.0,426.0,474.0,0.9,3.0,14.0,0.2,35.0,20.0,0.6,0.0,8.0,14.0,0.6,6.0,21.0,21.0,2025-02-03 14:51:04,57.14285714285714,0.1289134438305709,0.07366482504604052,0.0012857142857142856,21.428571428571427,46.15384615384615,66.66666666666666,100.0,7.383966244725738,4.219409282700422,57.14285714285714,8.729281767955802,7.845303867403316
359,ARS,Arsenal,eng.arsenal,12654,704520,1,60.3,10.0,1.0,0.0,4.0,7.0,2.0,11.0,5.0,0.5,0.0,0.0,420.0,491.0,0.9,4.0,18.0,0.2,33.0,15.0,0.5,3.0,11.0,15.0,0.7,5.0,22.0,22.0,2025-02-16 05:49:53,45.45454545454545,0.1824212271973466,0.08291873963515754,0.0011111111111111111,22.22222222222222,33.33333333333333,61.53846153846154,100.0,6.720977596741344,3.054989816700611,45.45454545454545,8.14262023217247,6.965174129353234
364,LIV,Liverpool,eng.liverpool,12654,704521,0,49.6,15.0,2.0,0.0,5.0,4.0,3.0,10.0,3.0,0.3,1.0,1.0,364.0,443.0,0.8,3.0,13.0,0.2,46.0,22.0,0.5,1.0,10.0,16.0,0.6,15.0,18.0,18.0,2025-02-17 05:53:03,30.0,0.20161290322580644,0.06048387096774193,0.0006923076923076924,23.076923076923077,50.0,62.5,100.0,10.383747178329571,4.966139954853273,47.82608695652174,8.931451612903226,7.338709677419355
382,MNC,Manchester City,eng.man_city,12654,704522,0,61.6,5.0,0.0,0.0,0.0,7.0,1.0,11.0,7.0,0.6,0.0,0.0,543.0,590.0,0.9,7.0,13.0,0.5,45.0,28.0,0.6,2.0,5.0,10.0,0.5,6.0,19.0,19.0,2025-02-16 05:49:53,63.63636363636363,0.17857142857142858,0.11363636363636363,0.00323076923076923,53.84615384615385,54.54545454545454,68.75,100.0,7.627118644067797,4.745762711864407,62.22222222222222,9.577922077922077,8.814935064935066
363,CHE,Chelsea,eng.chelsea,12654,704526,1,69.5,15.0,2.0,0.0,3.0,9.0,3.0,8.0,0.0,0.0,0.0,0.0,664.0,735.0,0.9,1.0,18.0,0.1,36.0,17.0,0.5,2.0,4.0,19.0,0.2,7.0,9.0,9.0,2025-02-15 05:49:31,0.0,0.11510791366906475,0.0,0.0,5.555555555555555,31.818181818181817,42.30769230769231,100.0,4.8979591836734695,2.312925170068027,47.22222222222222,10.575539568345324,9.553956834532373
382,MNC,Manchester City,eng.man_city,12654,704534,0,66.3,3.0,0.0,0.0,2.0,7.0,2.0,16.0,5.0,0.3,0.0,0.0,603.0,659.0,0.9,3.0,22.0,0.1,31.0,15.0,0.5,8.0,2.0,5.0,0.4,3.0,17.0,17.0,2025-02-24 05:52:05,31.25,0.24132730015082957,0.07541478129713425,0.000409090909090909,13.636363636363635,50.0,62.5,100.0,4.704097116843703,2.2761760242792106,48.38709677419355,9.939668174962293,9.095022624434389
364,LIV,Liverpool,eng.liverpool,12654,704534,1,33.7,10.0,0.0,0.0,4.0,5.0,5.0,8.0,4.0,0.5,0.0,0.0,268.0,332.0,0.8,2.0,7.0,0.3,45.0,18.0,0.4,2.0,13.0,22.0,0.6,4.0,34.0,34.0,2025-02-24 05:52:05,50.0,0.2373887240356083,0.11869436201780414,0.0014285714285714286,28.57142857142857,28.57142857142857,62.96296296296296,100.0,13.55421686746988,5.421686746987952,40.0,9.851632047477745,7.952522255192878
363,CHE,Chelsea,eng.chelsea,12654,704537,1,47.8,16.0,3.0,0.0,1.0,3.0,4.0,15.0,7.0,0.5,0.0,0.0,393.0,446.0,0.9,3.0,12.0,0.3,49.0,22.0,0.4,3.0,7.0,16.0,0.4,10.0,25.0,25.0,2025-02-23 05:50:57,46.666666666666664,0.3138075313807532,0.14644351464435149,0.00125,25.0,38.46153846153847,51.515151515151516,100.0,10.986547085201794,4.932735426008969,44.89795918367347,9.330543933054393,8.221757322175733
359,ARS,Arsenal,eng.arsenal,12654,704538,0,67.8,16.0,1.0,1.0,2.0,2.0,1.0,20.0,2.0,0.1,0.0,0.0,574.0,642.0,0.9,7.0,30.0,0.2,25.0,12.0,0.5,10.0,5.0,12.0,0.4,8.0,6.0,6.0,2025-02-23 05:50:57,10.0,0.2949852507374631,0.029498525073746312,0.00023333333333333333,23.333333333333332,33.33333333333333,44.827586206896555,100.0,3.894080996884735,1.8691588785046727,48.0,9.469026548672566,8.466076696165192
382,MNC,Manchester City,eng.man_city,12654,704540,1,44.4,15.0,0.0,0.0,2.0,3.0,6.0,12.0,5.0,0.4,0.0,0.0,363.0,416.0,0.9,2.0,12.0,0.2,39.0,23.0,0.6,5.0,13.0,20.0,0.7,10.0,17.0,17.0,2025-02-28 05:53:14,41.66666666666667,0.2702702702702703,0.11261261261261261,0.0006666666666666666,16.666666666666664,40.0,60.526315789473685,100.0,9.375,5.528846153846153,58.97435897435898,9.36936936936937,8.175675675675675
359,ARS,Arsenal,eng.arsenal,12654,704541,1,65.1,17.0,1.0,0.0,2.0,11.0,2.0,13.0,1.0,0.1,0.0,0.0,438.0,502.0,0.9,6.0,27.0,0.2,27.0,12.0,0.4,9.0,9.0,14.0,0.6,5.0,22.0,22.0,2025-02-28 05:53:14,7.6923076923076925,0.19969278033794163,0.015360983102918589,0.00022222222222222223,22.22222222222222,22.727272727272727,45.16129032258064,100.0,5.378486055776892,2.3904382470119523,44.44444444444444,7.711213517665131,6.728110599078342
363,CHE,Chelsea,eng.chelsea,12654,704547,0,59.6,6.0,1.0,0.0,2.0,4.0,2.0,19.0,10.0,0.5,0.0,0.0,564.0,620.0,0.9,5.0,10.0,0.5,43.0,23.0,0.5,2.0,9.0,17.0,0.5,7.0,13.0,13.0,2025-02-26 05:48:02,52.63157894736842,0.3187919463087248,0.16778523489932887,0.0025,50.0,53.84615384615385,72.72727272727273,100.0,6.935483870967742,3.7096774193548385,53.48837209302325,10.402684563758388,9.463087248322147
364,LIV,Liverpool,eng.liverpool,12654,704548,0,61.2,12.0,0.0,0.0,0.0,4.0,1.0,12.0,3.0,0.3,0.0,0.0,533.0,594.0,0.9,0.0,4.0,0.0,59.0,39.0,0.7,4.0,15.0,25.0,0.6,10.0,23.0,23.0,2025-02-28 05:53:14,25.0,0.19607843137254902,0.049019607843137254,0.0,0.0,45.45454545454545,67.56756756756756,100.0,9.932659932659933,6.565656565656567,66.10169491525424,9.705882352941176,8.709150326797385
363,CHE,Chelsea,eng.chelsea,12654,704553,0,56.6,12.0,1.0,0.0,0.0,12.0,3.0,20.0,7.0,0.4,0.0,1.0,467.0,541.0,0.9,6.0,26.0,0.2,48.0,23.0,0.5,8.0,9.0,11.0,0.8,10.0,21.0,21.0,2025-03-10 04:48:43,35.0,0.35335689045936397,0.12367491166077738,0.0009230769230769232,23.076923076923077,45.45454545454545,61.29032258064516,100.0,8.872458410351202,4.251386321626617,47.91666666666667,9.558303886925795,8.250883392226148
382,MNC,Manchester City,eng.man_city,12654,704554,1,69.1,7.0,2.0,0.0,1.0,2.0,3.0,14.0,3.0,0.2,0.0,0.0,547.0,609.0,0.9,1.0,17.0,0.1,24.0,13.0,0.5,3.0,12.0,18.0,0.7,5.0,19.0,19.0,2025-03-09 05:48:56,21.428571428571427,0.20260492040520986,0.043415340086830685,0.00011764705882352942,5.88235294117647,41.66666666666667,70.83333333333334,100.0,3.9408866995073892,2.134646962233169,54.166666666666664,8.813314037626629,7.916063675832128
359,ARS,Arsenal,eng.arsenal,12654,704555,1,68.2,11.0,1.0,0.0,1.0,9.0,5.0,17.0,6.0,0.4,0.0,0.0,524.0,587.0,0.9,2.0,27.0,0.1,29.0,12.0,0.4,5.0,8.0,13.0,0.6,5.0,13.0,13.0,2025-03-10 04:48:43,35.294117647058826,0.24926686217008798,0.0879765395894428,0.0002962962962962963,7.4074074074074066,31.25,54.166666666666664,100.0,4.940374787052811,2.0442930153321974,41.37931034482759,8.607038123167156,7.683284457478005
364,LIV,Liverpool,eng.liverpool,12654,704556,0,71.2,10.0,2.0,0.0,0.0,6.0,3.0,28.0,7.0,0.3,2.0,2.0,593.0,655.0,0.9,6.0,20.0,0.3,38.0,23.0,0.6,8.0,15.0,19.0,0.8,10.0,10.0,10.0,2025-03-09 05:48:56,25.0,0.3932584269662921,0.09831460674157302,0.0009,30.0,50.0,71.42857142857143,100.0,5.801526717557252,3.5114503816793894,60.526315789473685,9.19943820224719,8.328651685393258
359,ARS,Arsenal,eng.arsenal,12654,704559,0,40.9,10.0,3.0,0.0,2.0,5.0,2.0,12.0,4.0,0.3,0.0,0.0,294.0,348.0,0.8,5.0,15.0,0.3,33.0,16.0,0.5,2.0,6.0,12.0,0.5,4.0,21.0,21.0,2025-03-17 04:47:52,33.33333333333333,0.293398533007335,0.097799511002445,0.001,33.33333333333333,28.57142857142857,50.0,100.0,9.482758620689655,4.597701149425287,48.484848484848484,8.508557457212714,7.188264058679707
363,CHE,Chelsea,eng.chelsea,12654,704559,1,59.1,13.0,3.0,0.0,1.0,4.0,4.0,8.0,2.0,0.3,0.0,0.0,446.0,515.0,0.9,4.0,13.0,0.3,49.0,20.0,0.4,3.0,8.0,13.0,0.6,5.0,24.0,24.0,2025-03-17 04:47:52,25.0,0.1353637901861252,0.0338409475465313,0.0009230769230769232,30.76923076923077,27.77777777777778,50.0,100.0,9.514563106796116,3.8834951456310676,40.816326530612244,8.71404399323181,7.54653130287648
382,MNC,Manchester City,eng.man_city,12654,704561,0,60.4,10.0,2.0,0.0,1.0,4.0,2.0,11.0,3.0,0.3,1.0,1.0,418.0,502.0,0.8,5.0,11.0,0.5,44.0,18.0,0.4,1.0,11.0,17.0,0.6,4.0,27.0,27.0,2025-03-16 04:51:22,27.27272727272727,0.18211920529801326,0.049668874172185434,0.0013636363636363635,45.45454545454545,28.57142857142857,60.0,100.0,8.764940239043826,3.5856573705179287,40.909090909090914,8.311258278145695,6.920529801324504
364,LIV,Liverpool,eng.liverpool,12654,704567,1,47.7,6.0,0.0,0.0,2.0,8.0,1.0,17.0,3.0,0.2,0.0,0.0,340.0,407.0,0.8,3.0,20.0,0.2,43.0,25.0,0.6,4.0,11.0,16.0,0.7,8.0,24.0,24.0,2025-02-20 05:49:20,17.647058823529413,0.35639412997903563,0.06289308176100629,0.0003,15.0,57.14285714285714,76.0,100.0,10.565110565110565,6.142506142506143,58.139534883720934,8.532494758909852,7.127882599580713
359,ARS,Arsenal,eng.arsenal,12654,704572,0,50.9,2.0,1.0,0.0,5.0,5.0,2.0,17.0,4.0,0.2,0.0,0.0,431.0,479.0,0.9,8.0,25.0,0.3,31.0,14.0,0.5,7.0,7.0,15.0,0.5,3.0,14.0,14.0,2025-04-02 21:02:57,23.52941176470588,0.3339882121807466,0.07858546168958742,0.00064,32.0,60.0,83.33333333333334,100.0,6.471816283924843,2.9227557411273484,45.16129032258064,9.410609037328095,8.467583497053045
382,MNC,Manchester City,eng.man_city,12654,704574,0,72.0,11.0,1.0,0.0,2.0,5.0,0.0,18.0,5.0,0.3,0.0,0.0,735.0,784.0,0.9,3.0,12.0,0.3,22.0,15.0,0.7,8.0,6.0,9.0,0.7,3.0,16.0,16.0,2025-04-03 04:57:47,27.77777777777778,0.25,0.06944444444444445,0.00075,25.0,21.428571428571427,45.0,100.0,2.806122448979592,1.913265306122449,68.18181818181817,10.88888888888889,10.208333333333334
364,LIV,Liverpool,eng.liverpool,12654,704575,0,73.9,7.0,2.0,0.0,2.0,11.0,0.0,17.0,3.0,0.2,0.0,0.0,532.0,609.0,0.9,4.0,30.0,0.1,62.0,36.0,0.6,9.0,5.0,14.0,0.4,8.0,18.0,18.0,2025-04-04 04:55:24,17.647058823529413,0.23004059539918809,0.04059539918809201,0.0002666666666666667,13.333333333333334,53.333333333333336,65.0,100.0,10.180623973727423,5.911330049261084,58.06451612903226,8.240866035182679,7.1989174560216505
363,CHE,Chelsea,eng.chelsea,12654,704576,0,50.0,7.0,5.0,0.0,5.0,4.0,2.0,11.0,5.0,0.5,0.0,0.0,374.0,437.0,0.9,5.0,22.0,0.2,60.0,30.0,0.5,2.0,15.0,16.0,0.9,2.0,25.0,25.0,2025-04-05 08:30:15,45.45454545454545,0.22,0.1,0.0011363636363636363,22.727272727272727,22.22222222222222,70.83333333333334,100.0,13.729977116704806,6.864988558352403,50.0,8.74,7.48
363,CHE,Chelsea,eng.chelsea,12654,704579,1,59.1,12.0,3.0,0.0,1.0,6.0,2.0,21.0,5.0,0.2,0.0,0.0,409.0,488.0,0.8,5.0,18.0,0.3,59.0,27.0,0.5,7.0,8.0,11.0,0.7,11.0,25.0,25.0,2025-04-07 01:06:28,23.809523809523807,0.3553299492385787,0.08460236886632826,0.0005555555555555556,27.77777777777778,47.82608695652174,61.29032258064516,100.0,12.09016393442623,5.532786885245901,45.76271186440678,8.257191201353638,6.920473773265651
382,MNC,Manchester City,eng.man_city,12654,704581,1,58.7,9.0,2.0,0.0,2.0,3.0,2.0,9.0,5.0,0.6,0.0,0.0,497.0,564.0,0.9,0.0,6.0,0.0,32.0,15.0,0.5,1.0,13.0,21.0,0.6,8.0,21.0,21.0,2025-04-07 11:18:42,55.55555555555556,0.1533219761499148,0.08517887563884156,0.0,0.0,47.05882352941176,70.0,100.0,5.673758865248227,2.6595744680851063,46.875,9.608177172061328,8.466780238500851
359,ARS,Arsenal,eng.arsenal,12654,704584,1,70.3,13.0,1.0,0.0,1.0,8.0,1.0,14.0,5.0,0.4,0.0,0.0,398.0,459.0,0.9,4.0,18.0,0.2,33.0,14.0,0.4,6.0,9.0,22.0,0.4,3.0,29.0,29.0,2025-04-07 04:56:24,35.714285714285715,0.19914651493598862,0.07112375533428165,0.0008888888888888889,22.22222222222222,18.75,48.0,100.0,7.18954248366013,3.0501089324618738,42.42424242424242,6.529160739687056,5.661450924608819
364,LIV,Liverpool,eng.liverpool,12654,704586,1,62.1,9.0,0.0,0.0,3.0,4.0,3.0,14.0,6.0,0.4,0.0,0.0,466.0,556.0,0.8,4.0,19.0,0.2,43.0,14.0,0.3,3.0,7.0,16.0,0.4,7.0,22.0,22.0,2025-04-07 01:06:28,42.857142857142854,0.22544283413848631,0.0966183574879227,0.0008421052631578947,21.052631578947366,43.75,60.86956521739131,100.0,7.7338129496402885,2.5179856115107913,32.55813953488372,8.953301127214171,7.50402576489533
382,MNC,Manchester City,eng.man_city,12654,704591,0,68.0,10.0,2.0,0.0,1.0,1.0,1.0,21.0,9.0,0.4,0.0,0.0,673.0,741.0,0.9,2.0,12.0,0.2,27.0,13.0,0.5,5.0,7.0,10.0,0.7,7.0,11.0,11.0,2025-04-13 05:20:15,42.857142857142854,0.3088235294117647,0.1323529411764706,0.0006666666666666666,16.666666666666664,41.17647058823529,58.333333333333336,100.0,3.643724696356275,1.7543859649122806,48.148148148148145,10.897058823529411,9.897058823529411
364,LIV,Liverpool,eng.liverpool,12654,704594,0,55.2,15.0,0.0,0.0,5.0,10.0,4.0,15.0,6.0,0.4,0.0,0.0,425.0,498.0,0.9,5.0,21.0,0.2,50.0,25.0,0.5,5.0,11.0,18.0,0.6,4.0,17.0,17.0,2025-04-14 05:15:01,40.0,0.2717391304347826,0.10869565217391304,0.0009523809523809524,23.809523809523807,21.052631578947366,50.0,100.0,10.040160642570282,5.020080321285141,50.0,9.021739130434781,7.69927536231884
359,ARS,Arsenal,eng.arsenal,12654,704595,0,63.6,7.0,1.0,0.0,3.0,13.0,1.0,14.0,3.0,0.2,0.0,0.0,418.0,480.0,0.9,6.0,21.0,0.3,30.0,8.0,0.3,6.0,2.0,4.0,0.5,7.0,14.0,14.0,2025-04-14 05:15:01,21.428571428571427,0.22012578616352202,0.04716981132075471,0.0005714285714285714,28.57142857142857,50.0,56.25,100.0,6.25,1.6666666666666667,26.666666666666668,7.547169811320755,6.572327044025157
363,CHE,Chelsea,eng.chelsea,12654,704598,0,73.5,11.0,2.0,0.0,1.0,15.0,2.0,34.0,9.0,0.3,0.0,0.0,507.0,581.0,0.9,17.0,47.0,0.4,37.0,12.0,0.3,10.0,7.0,13.0,0.5,5.0,6.0,6.0,2025-04-14 05:15:01,26.47058823529412,0.46258503401360546,0.12244897959183673,0.0010851063829787233,36.17021276595745,31.25,52.17391304347826,100.0,6.368330464716007,2.0654044750430294,32.432432432432435,7.904761904761905,6.8979591836734695
364,LIV,Liverpool,eng.liverpool,12654,704601,1,58.3,7.0,2.0,0.0,2.0,13.0,0.0,28.0,10.0,0.4,0.0,0.0,435.0,503.0,0.9,11.0,33.0,0.3,44.0,20.0,0.5,6.0,12.0,16.0,0.8,10.0,22.0,22.0,2025-04-21 02:18:28,35.714285714285715,0.4802744425385935,0.17152658662092626,0.0013333333333333333,33.33333333333333,58.82352941176471,75.86206896551724,100.0,8.747514910536779,3.9761431411530817,45.45454545454545,8.627787307032591,7.461406518010292
359,ARS,Arsenal,eng.arsenal,12654,704602,1,75.0,7.0,0.0,0.0,1.0,12.0,0.0,24.0,7.0,0.3,0.0,0.0,685.0,752.0,0.9,3.0,16.0,0.2,31.0,22.0,0.7,9.0,12.0,16.0,0.8,2.0,7.0,7.0,2025-04-21 02:18:28,29.166666666666668,0.32,0.09333333333333334,0.0005625,18.75,22.22222222222222,66.66666666666666,100.0,4.122340425531915,2.925531914893617,70.96774193548387,10.026666666666667,9.133333333333333
382,MNC,Manchester City,eng.man_city,12654,704604,1,67.4,6.0,0.0,0.0,0.0,5.0,2.0,12.0,7.0,0.6,0.0,0.0,596.0,674.0,0.9,3.0,15.0,0.2,58.0,30.0,0.5,2.0,4.0,7.0,0.6,5.0,22.0,22.0,2025-04-20 15:46:12,58.333333333333336,0.17804154302670622,0.10385756676557863,0.0012,20.0,45.45454545454545,60.0,100.0,8.605341246290802,4.451038575667656,51.724137931034484,10.0,8.842729970326408
363,CHE,Chelsea,eng.chelsea,12654,704608,1,59.3,9.0,3.0,0.0,0.0,4.0,0.0,13.0,8.0,0.6,0.0,0.0,465.0,528.0,0.9,6.0,26.0,0.2,42.0,20.0,0.5,2.0,5.0,9.0,0.6,6.0,22.0,22.0,2025-04-21 02:18:28,61.53846153846154,0.21922428330522767,0.13490725126475547,0.0013846153846153847,23.076923076923077,40.0,55.00000000000001,100.0,7.954545454545454,3.787878787878788,47.61904761904761,8.903878583473862,7.841483979763913
363,CHE,Chelsea,eng.chelsea,12654,704611,0,54.7,11.0,0.0,0.0,1.0,10.0,3.0,10.0,7.0,0.7,0.0,0.0,433.0,506.0,0.9,4.0,20.0,0.2,56.0,24.0,0.4,1.0,14.0,23.0,0.6,7.0,20.0,20.0,2025-04-27 04:56:35,70.0,0.18281535648994515,0.12797074954296161,0.0013999999999999998,20.0,38.88888888888889,65.625,100.0,11.067193675889328,4.743083003952568,42.857142857142854,9.250457038391225,7.915904936014625
382,MNC,Manchester City,eng.man_city,12654,704615,0,61.6,9.0,3.0,0.0,2.0,10.0,2.0,14.0,6.0,0.4,0.0,0.0,438.0,488.0,0.9,9.0,24.0,0.4,37.0,16.0,0.4,2.0,7.0,12.0,0.6,4.0,13.0,13.0,2025-04-24 04:59:44,42.857142857142854,0.22727272727272727,0.09740259740259741,0.0015000000000000002,37.5,30.76923076923077,55.00000000000001,100.0,7.581967213114754,3.278688524590164,43.24324324324324,7.922077922077922,7.1103896103896105
364,LIV,Liverpool,eng.liverpool,12654,704617,0,61.5,16.0,2.0,0.0,1.0,8.0,2.0,25.0,8.0,0.3,0.0,0.0,443.0,515.0,0.9,2.0,17.0,0.1,40.0,18.0,0.5,9.0,13.0,19.0,0.7,6.0,19.0,19.0,2025-04-29 04:57:48,32.0,0.4065040650406504,0.13008130081300814,0.0003529411764705882,11.76470588235294,27.27272727272727,54.285714285714285,100.0,7.766990291262135,3.4951456310679614,45.0,8.373983739837398,7.203252032520325
359,ARS,Arsenal,eng.arsenal,12654,704618,0,67.7,4.0,1.0,0.0,1.0,3.0,2.0,12.0,6.0,0.5,0.0,0.0,656.0,711.0,0.9,4.0,14.0,0.3,18.0,7.0,0.4,2.0,5.0,7.0,0.7,8.0,20.0,20.0,2025-04-24 12:04:55,50.0,0.17725258493353027,0.08862629246676514,0.0014285714285714286,28.57142857142857,66.66666666666666,76.47058823529412,100.0,2.5316455696202533,0.9845288326300985,38.88888888888889,10.502215657311668,9.689807976366321
359,ARS,Arsenal,eng.arsenal,12654,704619,0,50.3,7.0,0.0,0.0,3.0,2.0,0.0,13.0,4.0,0.3,0.0,0.0,363.0,427.0,0.9,1.0,8.0,0.1,36.0,12.0,0.3,4.0,9.0,12.0,0.8,8.0,15.0,15.0,2025-05-05 05:00:05,30.76923076923077,0.2584493041749503,0.07952286282306163,0.000375,12.5,53.333333333333336,70.83333333333334,100.0,8.430913348946136,2.810304449648712,33.33333333333333,8.48906560636183,7.216699801192843
363,CHE,Chelsea,eng.chelsea,12654,704623,0,35.2,10.0,2.0,0.0,6.0,3.0,1.0,17.0,7.0,0.4,1.0,1.0,300.0,356.0,0.8,1.0,6.0,0.2,48.0,16.0,0.3,4.0,13.0,19.0,0.7,14.0,32.0,32.0,2025-05-05 05:00:05,41.17647058823529,0.4829545454545454,0.19886363636363635,0.0006666666666666666,16.666666666666664,58.333333333333336,72.97297297297297,100.0,13.48314606741573,4.49438202247191,33.33333333333333,10.113636363636363,8.522727272727272
364,LIV,Liverpool,eng.liverpool,12654,704623,1,64.8,11.0,2.0,0.0,0.0,6.0,5.0,11.0,2.0,0.2,0.0,0.0,573.0,645.0,0.9,7.0,22.0,0.3,39.0,17.0,0.4,4.0,7.0,9.0,0.8,4.0,11.0,11.0,2025-05-05 05:00:05,18.181818181818183,0.1697530864197531,0.0308641975308642,0.0006363636363636364,31.818181818181817,26.666666666666668,50.0,100.0,6.046511627906977,2.635658914728682,43.58974358974359,9.953703703703704,8.842592592592593
382,MNC,Manchester City,eng.man_city,12654,704627,0,63.9,7.0,0.0,0.0,0.0,4.0,0.0,9.0,2.0,0.2,0.0,0.0,622.0,684.0,0.9,3.0,16.0,0.2,47.0,35.0,0.7,2.0,10.0,19.0,0.5,6.0,15.0,15.0,2025-05-05 05:00:05,22.22222222222222,0.14084507042253522,0.03129890453834116,0.00037500000000000006,18.75,46.15384615384615,69.56521739130434,100.0,6.871345029239766,5.116959064327485,74.46808510638297,10.704225352112676,9.733959311424101
364,LIV,Liverpool,eng.liverpool,12654,704632,0,44.4,13.0,1.0,0.0,3.0,3.0,4.0,14.0,5.0,0.4,0.0,0.0,292.0,355.0,0.8,2.0,11.0,0.2,45.0,17.0,0.4,1.0,10.0,16.0,0.6,4.0,16.0,16.0,2025-05-12 04:49:54,35.714285714285715,0.3153153153153153,0.11261261261261261,0.0007272727272727273,18.181818181818183,23.52941176470588,51.85185185185185,100.0,12.676056338028168,4.788732394366197,37.77777777777778,7.995495495495495,6.576576576576577
359,ARS,Arsenal,eng.arsenal,12654,704632,1,55.6,10.0,1.0,1.0,1.0,1.0,3.0,15.0,7.0,0.5,0.0,0.0,384.0,447.0,0.9,5.0,14.0,0.4,39.0,14.0,0.4,4.0,12.0,20.0,0.6,5.0,17.0,17.0,2025-05-12 04:49:54,46.666666666666664,0.2697841726618705,0.12589928057553956,0.0017857142857142857,35.714285714285715,33.33333333333333,62.96296296296296,100.0,8.724832214765101,3.131991051454139,35.8974358974359,8.03956834532374,6.906474820143885
363,CHE,Chelsea,eng.chelsea,12654,704634,1,55.3,13.0,2.0,1.0,0.0,8.0,4.0,10.0,3.0,0.3,0.0,0.0,436.0,501.0,0.9,3.0,23.0,0.1,66.0,28.0,0.4,4.0,7.0,15.0,0.5,5.0,16.0,16.0,2025-05-11 18:22:15,30.0,0.18083182640144665,0.054249547920434,0.0003913043478260869,13.043478260869565,27.77777777777778,48.0,100.0,13.17365269461078,5.588822355289421,42.42424242424242,9.059674502712477,7.884267631103074
382,MNC,Manchester City,eng.man_city,12654,704636,1,71.8,8.0,0.0,0.0,1.0,15.0,0.0,26.0,5.0,0.2,0.0,0.0,573.0,641.0,0.9,10.0,44.0,0.2,26.0,15.0,0.6,13.0,6.0,12.0,0.5,3.0,8.0,8.0,2025-05-12 04:49:54,19.230769230769234,0.36211699164345407,0.06963788300835655,0.00045454545454545455,22.727272727272727,27.27272727272727,52.94117647058824,100.0,4.05616224648986,2.3400936037441498,57.692307692307686,8.92757660167131,7.9805013927576605
359,ARS,Arsenal,eng.arsenal,12654,704639,0,51.4,9.0,3.0,0.0,0.0,10.0,5.0,12.0,4.0,0.3,0.0,0.0,337.0,408.0,0.8,5.0,15.0,0.3,47.0,18.0,0.4,5.0,9.0,17.0,0.5,6.0,30.0,30.0,2025-05-19 04:54:17,33.33333333333333,0.23346303501945526,0.07782101167315175,0.001,33.33333333333333,40.0,62.5,100.0,11.519607843137255,4.411764705882353,38.297872340425535,7.937743190661479,6.556420233463035
364,LIV,Liverpool,eng.liverpool,12654,704642,1,50.8,8.0,0.0,0.0,1.0,3.0,9.0,18.0,5.0,0.3,0.0,0.0,411.0,472.0,0.9,1.0,7.0,0.1,48.0,22.0,0.5,7.0,2.0,9.0,0.2,8.0,24.0,24.0,2025-05-20 04:53:39,27.77777777777778,0.35433070866141736,0.0984251968503937,0.0004285714285714285,14.285714285714285,50.0,55.55555555555556,100.0,10.16949152542373,4.661016949152542,45.83333333333333,9.291338582677167,8.090551181102363
363,CHE,Chelsea,eng.chelsea,12654,704643,0,46.6,10.0,1.0,0.0,3.0,7.0,1.0,11.0,3.0,0.3,0.0,0.0,325.0,403.0,0.8,1.0,13.0,0.1,53.0,17.0,0.3,4.0,15.0,18.0,0.8,5.0,15.0,15.0,2025-05-18 04:51:43,27.27272727272727,0.23605150214592274,0.06437768240343347,0.0002307692307692308,7.6923076923076925,33.33333333333333,66.66666666666666,100.0,13.151364764267989,4.218362282878412,32.075471698113205,8.648068669527897,6.9742489270386265
382,MNC,Manchester City,eng.man_city,12654,704647,0,57.3,7.0,1.0,1.0,2.0,3.0,1.0,12.0,5.0,0.4,0.0,0.0,550.0,609.0,0.9,2.0,7.0,0.3,43.0,23.0,0.5,2.0,3.0,8.0,0.4,7.0,19.0,19.0,2025-05-22 01:18:28,41.66666666666667,0.2094240837696335,0.08726003490401396,0.0011428571428571427,28.57142857142857,50.0,58.82352941176471,100.0,7.060755336617405,3.776683087027915,53.48837209302325,10.628272251308902,9.598603839441536
382,MNC,Manchester City,eng.man_city,12654,704650,1,53.2,5.0,0.0,0.0,0.0,6.0,3.0,20.0,5.0,0.3,1.0,1.0,424.0,495.0,0.9,3.0,18.0,0.2,60.0,36.0,0.6,8.0,9.0,14.0,0.6,13.0,14.0,14.0,2025-05-26 04:52:38,25.0,0.37593984962406013,0.09398496240601503,0.0005,16.666666666666664,72.22222222222221,81.48148148148148,100.0,12.121212121212121,7.2727272727272725,60.0,9.304511278195488,7.969924812030075
364,LIV,Liverpool,eng.liverpool,12654,704652,0,68.8,7.0,2.0,1.0,1.0,11.0,4.0,14.0,3.0,0.2,0.0,0.0,549.0,633.0,0.9,5.0,35.0,0.1,49.0,25.0,0.5,4.0,9.0,19.0,0.5,12.0,15.0,15.0,2025-05-26 04:52:38,21.428571428571427,0.20348837209302326,0.0436046511627907,0.0002857142857142857,14.285714285714285,63.1578947368421,75.0,100.0,7.740916271721959,3.949447077409163,51.02040816326531,9.200581395348838,7.979651162790698
363,CHE,Chelsea,eng.chelsea,12654,704655,1,48.2,11.0,2.0,0.0,1.0,4.0,2.0,6.0,2.0,0.3,0.0,0.0,327.0,409.0,0.8,1.0,11.0,0.1,51.0,13.0,0.3,2.0,10.0,15.0,0.7,4.0,36.0,36.0,2025-05-26 04:52:38,33.33333333333333,0.12448132780082986,0.04149377593360996,0.00027272727272727274,9.090909090909092,26.666666666666668,56.00000000000001,100.0,12.469437652811736,3.1784841075794623,25.49019607843137,8.485477178423237,6.784232365145228
359,ARS,Arsenal,eng.arsenal,12654,704656,1,61.8,8.0,0.0,0.0,1.0,8.0,1.0,23.0,8.0,0.3,0.0,0.0,486.0,533.0,0.9,6.0,29.0,0.2,22.0,14.0,0.6,10.0,4.0,18.0,0.2,2.0,23.0,23.0,2025-05-26 04:52:38,34.78260869565217,0.37216828478964403,0.12944983818770228,0.0006206896551724138,20.689655172413794,20.0,42.857142857142854,100.0,4.127579737335835,2.6266416510318953,63.63636363636363,8.624595469255663,7.864077669902913
86,RMA,Real Madrid,esp.real_madrid,12655,704663,1,66.4,6.0,0.0,1.0,0.0,7.0,4.0,13.0,5.0,0.4,0.0,0.0,598.0,667.0,0.9,1.0,13.0,0.1,36.0,21.0,0.6,3.0,11.0,15.0,0.7,4.0,23.0,23.0,2024-08-20 04:18:46,38.46153846153847,0.19578313253012047,0.0753012048192771,0.0003076923076923077,7.6923076923076925,40.0,71.42857142857143,100.0,5.397301349325337,3.1484257871064467,58.333333333333336,10.045180722891565,9.006024096385541
83,BAR,Barcelona,esp.barcelona,12655,704668,1,64.2,13.0,3.0,0.0,1.0,8.0,1.0,18.0,6.0,0.3,1.0,1.0,499.0,578.0,0.9,6.0,16.0,0.4,50.0,30.0,0.6,6.0,8.0,14.0,0.6,4.0,12.0,12.0,2024-08-19 04:17:11,33.33333333333333,0.2803738317757009,0.09345794392523364,0.001125,37.5,23.52941176470588,48.0,100.0,8.650519031141869,5.190311418685121,60.0,9.003115264797508,7.7725856697819315
1068,ATM,Atlético Madrid,esp.atletico_madrid,12655,704669,1,55.4,12.0,3.0,0.0,2.0,3.0,2.0,9.0,4.0,0.4,0.0,0.0,519.0,592.0,0.9,7.0,15.0,0.5,34.0,19.0,0.6,1.0,9.0,17.0,0.5,2.0,9.0,9.0,2024-08-21 04:20:38,44.44444444444444,0.1624548736462094,0.07220216606498195,0.0018666666666666666,46.666666666666664,14.285714285714285,47.82608695652174,100.0,5.743243243243244,3.209459459459459,55.88235294117647,10.68592057761733,9.368231046931408
1068,ATM,Atlético Madrid,esp.atletico_madrid,12655,704671,0,42.4,11.0,1.0,0.0,2.0,1.0,4.0,11.0,6.0,0.5,0.0,0.0,404.0,462.0,0.9,1.0,6.0,0.2,51.0,28.0,0.5,3.0,15.0,23.0,0.7,10.0,33.0,33.0,2024-08-27 04:20:16,54.54545454545454,0.25943396226415094,0.14150943396226415,0.0008333333333333333,16.666666666666664,47.61904761904761,69.44444444444444,100.0,11.03896103896104,6.0606060606060606,54.90196078431373,10.89622641509434,9.528301886792454
83,BAR,Barcelona,esp.barcelona,12655,704672,0,65.4,11.0,4.0,0.0,2.0,5.0,1.0,13.0,5.0,0.4,0.0,0.0,497.0,568.0,0.9,5.0,14.0,0.4,36.0,26.0,0.7,3.0,13.0,17.0,0.8,5.0,11.0,11.0,2024-08-26 04:18:53,38.46153846153847,0.19877675840978593,0.0764525993883792,0.0014285714285714288,35.714285714285715,31.25,62.06896551724138,100.0,6.338028169014084,4.577464788732395,72.22222222222221,8.685015290519877,7.599388379204893
86,RMA,Real Madrid,esp.real_madrid,12655,704677,0,63.9,10.0,1.0,0.0,4.0,5.0,0.0,17.0,9.0,0.5,0.0,0.0,594.0,648.0,0.9,3.0,17.0,0.2,36.0,26.0,0.7,5.0,10.0,17.0,0.6,9.0,12.0,12.0,2024-08-26 04:21:03,52.94117647058824,0.26604068857589985,0.14084507042253522,0.0008823529411764706,17.647058823529413,47.368421052631575,65.51724137931035,100.0,5.555555555555555,4.012345679012346,72.22222222222221,10.140845070422536,9.295774647887324
1068,ATM,Atlético Madrid,esp.atletico_madrid,12655,704681,0,62.4,6.0,0.0,0.0,6.0,9.0,1.0,25.0,7.0,0.3,0.0,0.0,523.0,595.0,0.9,9.0,28.0,0.3,43.0,29.0,0.7,8.0,8.0,10.0,0.8,5.0,15.0,15.0,2024-08-29 04:23:43,28.000000000000004,0.40064102564102566,0.11217948717948718,0.0009642857142857143,32.142857142857146,45.45454545454545,68.42105263157895,100.0,7.226890756302522,4.873949579831933,67.44186046511628,9.53525641025641,8.381410256410257
86,RMA,Real Madrid,esp.real_madrid,12655,704683,1,56.3,13.0,3.0,0.0,0.0,6.0,1.0,25.0,8.0,0.3,1.0,1.0,477.0,547.0,0.9,6.0,18.0,0.3,42.0,29.0,0.7,7.0,9.0,13.0,0.7,9.0,12.0,12.0,2024-08-31 04:22:34,32.0,0.44404973357015987,0.14209591474245117,0.001,33.33333333333333,40.909090909090914,58.06451612903226,100.0,7.678244972577697,5.301645338208409,69.04761904761905,9.715808170515098,8.47246891651865
83,BAR,Barcelona,esp.barcelona,12655,704685,1,65.0,11.0,1.0,0.0,1.0,6.0,3.0,22.0,5.0,0.2,0.0,0.0,444.0,529.0,0.8,6.0,16.0,0.4,38.0,20.0,0.5,11.0,6.0,8.0,0.8,3.0,23.0,23.0,2024-08-29 04:23:15,22.727272727272727,0.3384615384615385,0.07692307692307693,0.0007500000000000001,37.5,21.428571428571427,45.0,100.0,7.183364839319471,3.780718336483932,52.63157894736842,8.138461538461538,6.8307692307692305
1068,ATM,Atlético Madrid,esp.atletico_madrid,12655,704691,1,46.9,9.0,1.0,0.0,2.0,2.0,1.0,9.0,2.0,0.2,0.0,0.0,439.0,524.0,0.8,3.0,10.0,0.3,54.0,28.0,0.5,3.0,10.0,19.0,0.5,12.0,24.0,24.0,2024-09-01 04:22:01,22.22222222222222,0.19189765458422176,0.042643923240938165,0.0006,30.0,57.14285714285714,70.96774193548387,100.0,10.305343511450381,5.343511450381679,51.85185185185185,11.1727078891258,9.360341151385928
83,BAR,Barcelona,esp.barcelona,12655,704692,0,70.4,6.0,0.0,0.0,4.0,10.0,1.0,23.0,11.0,0.5,0.0,0.0,545.0,594.0,0.9,5.0,17.0,0.3,24.0,16.0,0.7,5.0,6.0,16.0,0.4,4.0,7.0,7.0,2024-09-02 04:20:14,47.82608695652174,0.3267045454545454,0.15625,0.0014705882352941176,29.411764705882355,40.0,62.5,100.0,4.040404040404041,2.6936026936026933,66.66666666666666,8.4375,7.7414772727272725
86,RMA,Real Madrid,esp.real_madrid,12655,704699,0,59.6,9.0,2.0,0.0,1.0,7.0,2.0,22.0,7.0,0.3,1.0,1.0,546.0,608.0,0.9,9.0,21.0,0.4,44.0,28.0,0.6,9.0,13.0,18.0,0.7,10.0,7.0,7.0,2024-09-03 04:21:59,31.818181818181817,0.36912751677852346,0.1174496644295302,0.0012857142857142856,42.857142857142854,52.63157894736842,71.875,100.0,7.236842105263158,4.605263157894736,63.63636363636363,10.201342281879194,9.161073825503356
83,BAR,Barcelona,esp.barcelona,12655,704703,1,55.1,4.0,2.0,1.0,0.0,6.0,3.0,20.0,9.0,0.5,0.0,0.0,414.0,475.0,0.9,2.0,19.0,0.1,38.0,27.0,0.7,2.0,12.0,19.0,0.6,1.0,9.0,9.0,2024-09-17 04:18:27,45.0,0.3629764065335753,0.16333938294010888,0.0005263157894736842,10.526315789473683,20.0,76.47058823529412,100.0,8.0,5.684210526315789,71.05263157894737,8.620689655172413,7.513611615245009
86,RMA,Real Madrid,esp.real_madrid,12655,704704,1,52.0,9.0,1.0,0.0,1.0,6.0,2.0,16.0,6.0,0.4,2.0,2.0,437.0,494.0,0.9,3.0,12.0,0.3,53.0,32.0,0.6,8.0,12.0,17.0,0.7,6.0,11.0,11.0,2024-09-16 04:15:42,37.5,0.3076923076923077,0.11538461538461539,0.001,25.0,40.0,66.66666666666666,100.0,10.728744939271255,6.477732793522267,60.37735849056604,9.5,8.403846153846153
1068,ATM,Atlético Madrid,esp.atletico_madrid,12655,704705,0,53.0,10.0,1.0,0.0,1.0,7.0,1.0,14.0,4.0,0.3,0.0,0.0,438.0,515.0,0.9,13.0,28.0,0.5,52.0,25.0,0.5,1.0,6.0,12.0,0.5,5.0,15.0,15.0,2024-09-16 04:17:50,28.57142857142857,0.2641509433962264,0.07547169811320754,0.001392857142857143,46.42857142857143,33.33333333333333,52.38095238095239,100.0,10.097087378640776,4.854368932038835,48.07692307692308,9.716981132075471,8.264150943396226
83,BAR,Barcelona,esp.barcelona,12655,704711,1,64.6,12.0,1.0,0.0,0.0,3.0,3.0,17.0,10.0,0.6,0.0,1.0,556.0,613.0,0.9,5.0,17.0,0.3,36.0,27.0,0.8,3.0,11.0,15.0,0.7,9.0,23.0,23.0,2024-10-14 06:59:34,58.82352941176471,0.26315789473684215,0.15479876160990713,0.0017647058823529412,29.411764705882355,42.857142857142854,62.5,100.0,5.872756933115824,4.404567699836868,75.0,9.489164086687307,8.606811145510836
1068,ATM,Atlético Madrid,esp.atletico_madrid,12655,704714,1,45.5,12.0,0.0,0.0,0.0,4.0,3.0,10.0,5.0,0.5,0.0,0.0,334.0,433.0,0.8,2.0,10.0,0.2,63.0,27.0,0.4,3.0,7.0,12.0,0.6,6.0,31.0,31.0,2024-10-14 06:59:34,50.0,0.21978021978021978,0.10989010989010989,0.001,20.0,33.33333333333333,52.0,100.0,14.549653579676674,6.235565819861432,42.857142857142854,9.516483516483516,7.34065934065934
86,RMA,Real Madrid,esp.real_madrid,12655,704717,0,73.0,7.0,4.0,0.0,2.0,9.0,1.0,31.0,14.0,0.5,1.0,1.0,637.0,703.0,0.9,8.0,18.0,0.4,43.0,32.0,0.7,8.0,7.0,10.0,0.7,12.0,5.0,5.0,2024-10-14 06:59:34,45.16129032258064,0.4246575342465753,0.1917808219178082,0.0022222222222222222,44.44444444444444,63.1578947368421,73.07692307692307,100.0,6.116642958748222,4.551920341394026,74.4186046511628,9.63013698630137,8.726027397260275
83,BAR,Barcelona,esp.barcelona,12655,704720,0,77.9,4.0,1.0,0.0,5.0,7.0,1.0,15.0,4.0,0.3,0.0,0.0,555.0,625.0,0.9,2.0,19.0,0.1,40.0,26.0,0.7,5.0,9.0,13.0,0.7,4.0,17.0,17.0,2024-10-14 06:59:34,26.666666666666668,0.1925545571245186,0.05134788189987163,0.0003157894736842105,10.526315789473683,50.0,76.47058823529412,100.0,6.4,4.16,65.0,8.023106546854942,7.124518613607188
1068,ATM,Atlético Madrid,esp.atletico_madrid,12655,704721,1,41.6,11.0,2.0,0.0,0.0,3.0,4.0,8.0,2.0,0.3,0.0,0.0,374.0,469.0,0.8,4.0,13.0,0.3,49.0,22.0,0.4,4.0,9.0,17.0,0.5,12.0,9.0,9.0,2024-10-14 06:59:34,25.0,0.1923076923076923,0.04807692307692307,0.0009230769230769232,30.76923076923077,52.17391304347826,65.625,100.0,10.44776119402985,4.690831556503198,44.89795918367347,11.274038461538462,8.990384615384615
86,RMA,Real Madrid,esp.real_madrid,12655,704724,0,68.6,7.0,4.0,0.0,2.0,4.0,1.0,10.0,4.0,0.4,0.0,0.0,673.0,735.0,0.9,2.0,7.0,0.3,44.0,27.0,0.6,3.0,7.0,11.0,0.6,10.0,14.0,14.0,2024-10-14 06:59:34,40.0,0.1457725947521866,0.05830903790087464,0.0011428571428571427,28.57142857142857,58.82352941176471,70.83333333333334,100.0,5.986394557823129,3.6734693877551026,61.36363636363637,10.714285714285715,9.810495626822158
1068,ATM,Atlético Madrid,esp.atletico_madrid,12655,704734,0,50.9,11.0,3.0,1.0,2.0,5.0,3.0,12.0,4.0,0.3,0.0,0.0,497.0,570.0,0.9,3.0,18.0,0.2,54.0,33.0,0.6,6.0,10.0,15.0,0.7,7.0,15.0,15.0,2024-10-14 06:59:34,33.33333333333333,0.2357563850687623,0.07858546168958742,0.0005,16.666666666666664,38.88888888888889,60.71428571428571,100.0,9.473684210526317,5.7894736842105265,61.111111111111114,11.19842829076621,9.764243614931239
86,RMA,Real Madrid,esp.real_madrid,12655,704734,1,49.1,11.0,1.0,0.0,0.0,5.0,3.0,12.0,4.0,0.3,0.0,0.0,490.0,548.0,0.9,5.0,12.0,0.4,55.0,34.0,0.6,4.0,6.0,15.0,0.4,14.0,20.0,20.0,2024-10-14 06:59:34,33.33333333333333,0.24439918533604887,0.0814663951120163,0.00125,41.66666666666667,56.00000000000001,64.51612903225806,100.0,10.036496350364963,6.204379562043796,61.81818181818181,11.160896130346233,9.979633401221996
83,BAR,Barcelona,esp.barcelona,12655,704739,1,74.7,3.0,2.0,0.0,0.0,8.0,1.0,12.0,6.0,0.5,0.0,0.0,588.0,674.0,0.9,5.0,16.0,0.3,43.0,21.0,0.5,2.0,10.0,15.0,0.7,7.0,18.0,18.0,2024-10-14 06:59:34,50.0,0.1606425702811245,0.08032128514056225,0.0015625,31.25,70.0,85.0,100.0,6.379821958456973,3.115727002967359,48.837209302325576,9.022757697456493,7.8714859437751
83,BAR,Barcelona,esp.barcelona,12655,704740,1,72.3,8.0,2.0,0.0,3.0,3.0,2.0,15.0,9.0,0.6,0.0,0.0,598.0,661.0,0.9,3.0,7.0,0.4,52.0,28.0,0.5,5.0,10.0,19.0,0.5,6.0,23.0,23.0,2024-10-14 06:59:34,60.0,0.2074688796680498,0.12448132780082988,0.0025714285714285713,42.857142857142854,42.857142857142854,66.66666666666666,100.0,7.866868381240545,4.236006051437216,53.84615384615385,9.142461964038727,8.27109266943292
86,RMA,Real Madrid,esp.real_madrid,12655,704745,0,55.2,7.0,0.0,0.0,1.0,2.0,1.0,11.0,2.0,0.2,0.0,0.0,595.0,649.0,0.9,2.0,7.0,0.3,49.0,36.0,0.7,4.0,14.0,20.0,0.7,11.0,14.0,14.0,2024-10-14 06:59:34,18.181818181818183,0.19927536231884058,0.036231884057971016,0.0005714285714285714,28.57142857142857,61.111111111111114,78.125,100.0,7.550077041602465,5.546995377503852,73.46938775510205,11.757246376811594,10.778985507246377
1068,ATM,Atlético Madrid,esp.atletico_madrid,12655,704746,1,33.3,9.0,2.0,0.0,2.0,1.0,6.0,4.0,1.0,0.3,0.0,0.0,243.0,333.0,0.7,0.0,2.0,0.0,54.0,19.0,0.4,0.0,6.0,11.0,0.5,5.0,40.0,40.0,2024-10-14 06:59:34,25.0,0.12012012012012013,0.030030030030030033,0.0,0.0,35.714285714285715,55.00000000000001,100.0,16.216216216216218,5.7057057057057055,35.18518518518518,10.0,7.297297297297298
1068,ATM,Atlético Madrid,esp.atletico_madrid,12655,704752,0,63.4,14.0,5.0,0.0,0.0,8.0,1.0,24.0,9.0,0.4,0.0,0.0,484.0,568.0,0.9,4.0,32.0,0.1,26.0,12.0,0.5,7.0,12.0,19.0,0.6,12.0,7.0,7.0,2024-10-21 05:12:06,37.5,0.37854889589905366,0.14195583596214512,0.0005,12.5,46.15384615384615,63.1578947368421,100.0,4.577464788732395,2.112676056338028,46.15384615384615,8.958990536277602,7.634069400630915
83,BAR,Barcelona,esp.barcelona,12655,704753,0,67.3,6.0,1.0,0.0,3.0,5.0,0.0,21.0,9.0,0.4,1.0,1.0,558.0,613.0,0.9,1.0,14.0,0.1,38.0,27.0,0.7,4.0,10.0,17.0,0.6,7.0,5.0,5.0,2024-10-21 05:12:06,42.857142857142854,0.31203566121842496,0.1337295690936107,0.0002857142857142857,7.142857142857142,53.84615384615385,73.91304347826086,100.0,6.199021207177815,4.404567699836868,71.05263157894737,9.108469539375928,8.291233283803864
86,RMA,Real Madrid,esp.real_madrid,12655,704759,1,53.0,13.0,1.0,0.0,1.0,2.0,4.0,10.0,3.0,0.3,0.0,0.0,542.0,610.0,0.9,0.0,11.0,0.0,50.0,27.0,0.5,2.0,8.0,15.0,0.5,8.0,14.0,14.0,2024-10-20 11:04:39,30.0,0.18867924528301888,0.05660377358490566,0.0,0.0,38.095238095238095,55.172413793103445,100.0,8.19672131147541,4.426229508196721,54.0,11.50943396226415,10.226415094339623
1068,ATM,Atlético Madrid,esp.atletico_madrid,12655,704765,1,58.4,4.0,2.0,0.0,1.0,10.0,3.0,10.0,3.0,0.3,0.0,0.0,415.0,533.0,0.8,5.0,24.0,0.2,62.0,37.0,0.6,3.0,8.0,9.0,0.9,3.0,13.0,13.0,2024-10-29 05:18:18,30.0,0.17123287671232876,0.051369863013698634,0.000625,20.833333333333336,42.857142857142854,73.33333333333333,100.0,11.632270168855536,6.941838649155723,59.67741935483871,9.126712328767123,7.106164383561644
86,RMA,Real Madrid,esp.real_madrid,12655,704766,0,41.3,15.0,2.0,0.0,12.0,10.0,3.0,9.0,4.0,0.4,0.0,0.0,243.0,311.0,0.8,4.0,16.0,0.3,57.0,25.0,0.4,1.0,11.0,18.0,0.6,13.0,12.0,12.0,2024-10-28 05:17:50,44.44444444444444,0.21791767554479421,0.09685230024213076,0.001,25.0,46.42857142857143,61.53846153846154,100.0,18.327974276527332,8.038585209003216,43.859649122807014,7.530266343825667,5.883777239709444
83,BAR,Barcelona,esp.barcelona,12655,704766,1,58.7,17.0,5.0,0.0,1.0,3.0,4.0,15.0,7.0,0.5,0.0,0.0,385.0,455.0,0.8,3.0,12.0,0.3,47.0,24.0,0.5,1.0,11.0,18.0,0.6,7.0,22.0,22.0,2024-10-28 05:17:50,46.666666666666664,0.2555366269165247,0.11925042589437819,0.00125,25.0,29.166666666666668,51.42857142857142,100.0,10.329670329670328,5.274725274725275,51.06382978723404,7.751277683134583,6.5587734241908
83,BAR,Barcelona,esp.barcelona,12655,704773,0,77.1,13.0,0.0,0.0,3.0,9.0,2.0,14.0,9.0,0.6,0.0,0.0,696.0,760.0,0.9,3.0,17.0,0.2,27.0,19.0,0.7,2.0,4.0,9.0,0.4,6.0,14.0,14.0,2024-11-04 22:44:58,64.28571428571429,0.18158236057068744,0.11673151750972764,0.0010588235294117646,17.647058823529413,31.57894736842105,43.47826086956522,100.0,3.552631578947368,2.5,70.37037037037037,9.857328145265889,9.027237354085603
1068,ATM,Atlético Madrid,esp.atletico_madrid,12655,704777,0,57.4,13.0,1.0,0.0,1.0,9.0,1.0,15.0,3.0,0.2,0.0,0.0,455.0,541.0,0.8,5.0,23.0,0.2,38.0,21.0,0.6,4.0,12.0,15.0,0.8,7.0,6.0,6.0,2024-11-04 22:44:58,20.0,0.2613240418118467,0.05226480836236934,0.00043478260869565214,21.73913043478261,35.0,59.375,100.0,7.024029574861368,3.8817005545286505,55.26315789473685,9.425087108013937,7.926829268292683
86,RMA,Real Madrid,esp.real_madrid,12655,704778,1,62.0,9.0,3.0,1.0,4.0,5.0,4.0,17.0,5.0,0.3,0.0,1.0,552.0,618.0,0.9,4.0,18.0,0.2,48.0,29.0,0.6,4.0,8.0,14.0,0.6,12.0,8.0,8.0,2025-01-05 05:43:24,29.411764705882355,0.27419354838709675,0.08064516129032258,0.0006666666666666666,22.22222222222222,57.14285714285714,68.96551724137932,100.0,7.766990291262135,4.692556634304207,60.416666666666664,9.96774193548387,8.903225806451612
1068,ATM,Atlético Madrid,esp.atletico_madrid,12655,704780,1,47.1,16.0,3.0,0.0,1.0,2.0,5.0,9.0,2.0,0.2,0.0,0.0,423.0,479.0,0.9,0.0,7.0,0.0,41.0,24.0,0.6,3.0,11.0,20.0,0.6,10.0,21.0,21.0,2024-11-11 06:17:44,22.22222222222222,0.19108280254777069,0.04246284501061571,0.0,0.0,38.46153846153847,56.75675675675676,100.0,8.559498956158663,5.010438413361169,58.536585365853654,10.169851380042463,8.980891719745223
86,RMA,Real Madrid,esp.real_madrid,12655,704785,0,68.1,9.0,0.0,0.0,2.0,11.0,0.0,18.0,8.0,0.4,0.0,0.0,564.0,626.0,0.9,3.0,17.0,0.2,44.0,28.0,0.6,6.0,13.0,16.0,0.8,4.0,7.0,7.0,2024-11-10 06:19:29,44.44444444444444,0.2643171806167401,0.11747430249632894,0.0007058823529411766,17.647058823529413,30.76923076923077,65.38461538461539,100.0,7.0287539936102235,4.472843450479233,63.63636363636363,9.19236417033774,8.28193832599119
83,BAR,Barcelona,esp.barcelona,12655,704786,1,69.8,6.0,1.0,0.0,4.0,6.0,5.0,11.0,0.0,0.0,0.0,0.0,520.0,614.0,0.8,4.0,25.0,0.2,55.0,23.0,0.4,6.0,8.0,12.0,0.7,4.0,11.0,11.0,2024-11-12 06:14:04,0.0,0.15759312320916907,0.0,0.0,16.0,40.0,66.66666666666666,100.0,8.957654723127035,3.7459283387622153,41.81818181818181,8.796561604584527,7.4498567335243555
1068,ATM,Atlético Madrid,esp.atletico_madrid,12655,704791,0,70.1,18.0,3.0,0.0,3.0,5.0,0.0,11.0,8.0,0.7,1.0,1.0,505.0,591.0,0.9,3.0,29.0,0.1,47.0,24.0,0.5,2.0,7.0,11.0,0.6,6.0,14.0,14.0,2024-11-24 15:57:29,72.72727272727273,0.15691868758915836,0.11412268188302425,0.0007241379310344827,10.344827586206897,25.0,41.935483870967744,100.0,7.952622673434856,4.060913705583756,51.06382978723404,8.430813124108417,7.2039942938659065
83,BAR,Barcelona,esp.barcelona,12655,704792,1,59.5,9.0,3.0,1.0,3.0,1.0,6.0,9.0,4.0,0.4,0.0,0.0,491.0,584.0,0.8,0.0,8.0,0.0,63.0,31.0,0.5,1.0,10.0,13.0,0.8,12.0,18.0,18.0,2024-11-24 15:57:29,44.44444444444444,0.15126050420168066,0.06722689075630252,0.0,0.0,57.14285714285714,70.96774193548387,100.0,10.787671232876713,5.308219178082192,49.2063492063492,9.815126050420169,8.252100840336135
86,RMA,Real Madrid,esp.real_madrid,12655,704796,1,67.8,11.0,0.0,0.0,1.0,4.0,0.0,16.0,9.0,0.6,0.0,0.0,561.0,631.0,0.9,2.0,14.0,0.1,44.0,31.0,0.7,4.0,5.0,11.0,0.5,9.0,14.0,14.0,2024-11-25 16:08:11,56.25,0.2359882005899705,0.13274336283185842,0.000857142857142857,14.285714285714285,45.0,56.00000000000001,100.0,6.9730586370839935,4.91283676703645,70.45454545454545,9.306784660766962,8.274336283185841
83,BAR,Barcelona,esp.barcelona,12655,704801,0,70.3,7.0,0.0,0.0,2.0,7.0,1.0,27.0,8.0,0.3,0.0,0.0,546.0,618.0,0.9,7.0,24.0,0.3,38.0,22.0,0.6,12.0,6.0,9.0,0.7,10.0,8.0,8.0,2024-12-01 06:00:01,29.629629629629626,0.3840682788051209,0.11379800853485064,0.0008750000000000001,29.166666666666668,58.82352941176471,69.56521739130434,100.0,6.148867313915858,3.559870550161812,57.89473684210527,8.790896159317212,7.766714082503556
86,RMA,Real Madrid,esp.real_madrid,12655,704804,0,69.4,7.0,2.0,0.0,4.0,5.0,3.0,13.0,4.0,0.3,1.0,1.0,556.0,619.0,0.9,1.0,11.0,0.1,46.0,26.0,0.6,2.0,6.0,16.0,0.4,3.0,19.0,19.0,2024-12-03 06:00:06,30.76923076923077,0.18731988472622477,0.05763688760806916,0.00027272727272727274,9.090909090909092,30.0,56.25,100.0,7.431340872374798,4.20032310177706,56.52173913043478,8.919308357348703,8.011527377521613
1068,ATM,Atlético Madrid,esp.atletico_madrid,12655,704806,1,55.1,11.0,2.0,0.0,3.0,5.0,1.0,13.0,9.0,0.7,0.0,0.0,530.0,608.0,0.9,2.0,10.0,0.2,47.0,22.0,0.5,2.0,6.0,10.0,0.6,1.0,20.0,20.0,2024-12-02 05:58:43,69.23076923076923,0.23593466424682394,0.16333938294010888,0.0013999999999999998,20.0,8.333333333333332,38.88888888888889,100.0,7.730263157894737,3.618421052631579,46.808510638297875,11.034482758620689,9.618874773139746
1068,ATM,Atlético Madrid,esp.atletico_madrid,12655,704811,0,57.2,11.0,4.0,0.0,1.0,5.0,0.0,14.0,9.0,0.6,0.0,0.0,566.0,666.0,0.9,8.0,28.0,0.3,34.0,15.0,0.4,1.0,11.0,18.0,0.6,6.0,12.0,12.0,2024-12-09 12:52:48,64.28571428571429,0.24475524475524474,0.15734265734265734,0.001714285714285714,28.57142857142857,35.294117647058826,60.71428571428571,100.0,5.105105105105105,2.2522522522522523,44.11764705882353,11.643356643356643,9.895104895104895
86,RMA,Real Madrid,esp.real_madrid,12655,704814,1,58.5,7.0,2.0,0.0,1.0,3.0,4.0,10.0,7.0,0.7,0.0,0.0,626.0,675.0,0.9,0.0,9.0,0.0,37.0,24.0,0.6,2.0,4.0,9.0,0.4,6.0,20.0,20.0,2024-12-10 05:55:59,70.0,0.17094017094017094,0.11965811965811966,0.0,0.0,46.15384615384615,58.82352941176471,100.0,5.481481481481482,3.5555555555555554,64.86486486486487,11.538461538461538,10.7008547008547
83,BAR,Barcelona,esp.barcelona,12655,704818,1,61.7,14.0,2.0,0.0,4.0,4.0,3.0,9.0,3.0,0.3,0.0,0.0,447.0,521.0,0.9,2.0,18.0,0.1,36.0,14.0,0.4,1.0,10.0,13.0,0.8,3.0,19.0,19.0,2024-12-10 05:55:59,33.33333333333333,0.1458670988654781,0.0486223662884927,0.0003333333333333333,11.11111111111111,17.647058823529413,48.148148148148145,100.0,6.90978886756238,2.6871401151631478,38.88888888888889,8.444084278768234,7.244732576985413
1068,ATM,Atlético Madrid,esp.atletico_madrid,12655,704821,0,57.2,13.0,3.0,0.0,1.0,8.0,1.0,11.0,3.0,0.3,0.0,0.0,400.0,489.0,0.8,7.0,25.0,0.3,52.0,21.0,0.4,2.0,15.0,24.0,0.6,11.0,24.0,24.0,2024-12-17 05:56:13,27.27272727272727,0.1923076923076923,0.05244755244755245,0.00084,28.000000000000004,45.83333333333333,66.66666666666666,100.0,10.633946830265849,4.294478527607362,40.38461538461539,8.548951048951048,6.9930069930069925
83,BAR,Barcelona,esp.barcelona,12655,704822,0,79.8,5.0,0.0,0.0,3.0,8.0,3.0,20.0,4.0,0.2,0.0,0.0,690.0,778.0,0.9,7.0,33.0,0.2,26.0,18.0,0.7,5.0,10.0,15.0,0.7,5.0,9.0,9.0,2024-12-17 05:56:13,20.0,0.2506265664160401,0.050125313283208024,0.00042424242424242425,21.21212121212121,50.0,75.0,100.0,3.3419023136246784,2.313624678663239,69.23076923076923,9.74937343358396,8.646616541353383
86,RMA,Real Madrid,esp.real_madrid,12655,704824,1,66.3,8.0,2.0,0.0,1.0,3.0,2.0,13.0,6.0,0.5,0.0,0.0,551.0,624.0,0.9,4.0,20.0,0.2,64.0,37.0,0.6,2.0,7.0,14.0,0.5,14.0,18.0,18.0,2024-12-16 05:54:42,46.15384615384615,0.19607843137254902,0.09049773755656108,0.001,20.0,63.63636363636363,72.41379310344827,100.0,10.256410256410255,5.929487179487179,57.8125,9.411764705882353,8.310708898944194
83,BAR,Barcelona,esp.barcelona,12655,704830,0,62.7,11.0,0.0,0.0,2.0,11.0,2.0,19.0,7.0,0.4,0.0,0.0,579.0,647.0,0.9,8.0,32.0,0.3,52.0,37.0,0.7,6.0,13.0,19.0,0.7,5.0,12.0,12.0,2024-12-23 05:53:33,36.84210526315789,0.30303030303030304,0.11164274322169059,0.001,25.0,31.25,62.06896551724138,100.0,8.0370942812983,5.7187017001545595,71.15384615384616,10.318979266347688,9.23444976076555
1068,ATM,Atlético Madrid,esp.atletico_madrid,12655,704830,1,37.3,8.0,3.0,0.0,4.0,3.0,6.0,5.0,4.0,0.8,0.0,0.0,307.0,393.0,0.8,2.0,10.0,0.2,53.0,24.0,0.5,0.0,14.0,22.0,0.6,9.0,37.0,37.0,2024-12-23 05:53:33,80.0,0.13404825737265416,0.10723860589812333,0.0016000000000000003,20.0,52.94117647058824,74.19354838709677,100.0,13.486005089058525,6.106870229007633,45.28301886792453,10.536193029490617,8.230563002680967
86,RMA,Real Madrid,esp.real_madrid,12655,704838,0,59.4,5.0,1.0,0.0,3.0,6.0,2.0,16.0,8.0,0.5,0.0,0.0,572.0,634.0,0.9,3.0,10.0,0.3,54.0,37.0,0.7,4.0,17.0,25.0,0.7,6.0,15.0,15.0,2024-12-23 05:53:33,50.0,0.26936026936026936,0.13468013468013468,0.0015,30.0,54.54545454545454,82.14285714285714,100.0,8.517350157728707,5.83596214511041,68.51851851851852,10.673400673400673,9.62962962962963
86,RMA,Real Madrid,esp.real_madrid,12655,704841,1,63.4,9.0,3.0,0.0,3.0,2.0,1.0,10.0,5.0,0.5,0.0,1.0,537.0,618.0,0.9,2.0,10.0,0.2,51.0,23.0,0.5,3.0,12.0,19.0,0.6,7.0,28.0,28.0,2024-12-05 05:59:35,50.0,0.15772870662460567,0.07886435331230283,0.001,20.0,43.75,67.85714285714286,100.0,8.25242718446602,3.7216828478964405,45.09803921568628,9.74763406940063,8.470031545741325
1068,ATM,Atlético Madrid,esp.atletico_madrid,12655,704842,0,50.9,8.0,1.0,0.0,1.0,4.0,1.0,9.0,5.0,0.6,0.0,0.0,472.0,555.0,0.9,3.0,12.0,0.3,50.0,22.0,0.4,1.0,6.0,15.0,0.4,4.0,23.0,23.0,2025-01-16 05:38:59,55.55555555555556,0.17681728880157171,0.09823182711198429,0.0015,25.0,33.33333333333333,55.55555555555556,100.0,9.00900900900901,3.963963963963964,44.0,10.903732809430256,9.273084479371317
83,BAR,Barcelona,esp.barcelona,12655,704844,1,60.4,13.0,3.0,0.0,0.0,5.0,0.0,20.0,9.0,0.5,1.0,1.0,416.0,501.0,0.8,4.0,11.0,0.4,61.0,32.0,0.5,4.0,5.0,12.0,0.4,6.0,19.0,19.0,2024-12-05 05:59:35,45.0,0.33112582781456956,0.1490066225165563,0.0018181818181818182,36.36363636363637,31.57894736842105,45.83333333333333,100.0,12.17564870259481,6.387225548902195,52.459016393442624,8.294701986754967,6.887417218543047
83,BAR,Barcelona,esp.barcelona,12655,704851,1,77.6,9.0,2.0,0.0,4.0,10.0,3.0,21.0,5.0,0.2,0.0,0.0,578.0,670.0,0.9,3.0,26.0,0.1,35.0,18.0,0.5,9.0,6.0,10.0,0.6,7.0,15.0,15.0,2025-01-19 05:36:40,23.809523809523807,0.27061855670103097,0.06443298969072166,0.0002307692307692308,11.538461538461538,43.75,59.09090909090909,100.0,5.223880597014925,2.6865671641791042,51.42857142857142,8.634020618556702,7.448453608247423
1068,ATM,Atlético Madrid,esp.atletico_madrid,12655,704853,1,67.7,6.0,3.0,0.0,2.0,9.0,2.0,19.0,4.0,0.2,0.0,1.0,552.0,626.0,0.9,7.0,34.0,0.2,42.0,26.0,0.6,4.0,4.0,9.0,0.4,5.0,11.0,11.0,2025-01-19 05:36:40,21.052631578947366,0.28064992614475626,0.059084194977843424,0.00041176470588235296,20.588235294117645,45.45454545454545,60.0,100.0,6.7092651757188495,4.15335463258786,61.904761904761905,9.246676514032496,8.153618906942393
86,RMA,Real Madrid,esp.real_madrid,12655,704856,0,61.3,11.0,0.0,0.0,6.0,8.0,1.0,26.0,13.0,0.5,1.0,1.0,521.0,565.0,0.9,5.0,18.0,0.3,45.0,30.0,0.7,3.0,14.0,21.0,0.7,12.0,10.0,10.0,2025-01-23 05:37:12,50.0,0.4241435562805873,0.21207177814029365,0.001388888888888889,27.77777777777778,52.17391304347826,70.27027027027027,100.0,7.964601769911504,5.3097345132743365,66.66666666666666,9.216965742251224,8.499184339314846
1068,ATM,Atlético Madrid,esp.atletico_madrid,12655,704862,0,58.9,10.0,4.0,0.0,0.0,5.0,0.0,20.0,8.0,0.4,0.0,0.0,512.0,587.0,0.9,4.0,20.0,0.2,34.0,18.0,0.5,4.0,7.0,15.0,0.5,10.0,14.0,14.0,2025-01-26 05:40:34,40.0,0.3395585738539898,0.13582342954159593,0.0008000000000000001,20.0,50.0,62.96296296296296,100.0,5.792163543441227,3.0664395229982966,52.94117647058824,9.966044142614601,8.69269949066214
83,BAR,Barcelona,esp.barcelona,12655,704863,0,71.8,10.0,0.0,0.0,0.0,14.0,1.0,22.0,11.0,0.5,0.0,0.0,638.0,707.0,0.9,4.0,18.0,0.2,36.0,19.0,0.5,5.0,6.0,11.0,0.5,6.0,16.0,16.0,2025-01-28 15:08:56,50.0,0.30640668523676884,0.15320334261838442,0.0011111111111111111,22.22222222222222,37.5,54.54545454545454,100.0,5.091937765205092,2.6874115983026874,52.77777777777778,9.846796657381615,8.885793871866296
86,RMA,Real Madrid,esp.real_madrid,12655,704868,1,68.2,12.0,3.0,0.0,3.0,7.0,2.0,20.0,4.0,0.2,1.0,1.0,643.0,694.0,0.9,3.0,14.0,0.2,25.0,13.0,0.5,9.0,7.0,13.0,0.5,4.0,16.0,16.0,2025-01-26 05:40:34,20.0,0.29325513196480935,0.05865102639296187,0.00042857142857142855,21.428571428571427,25.0,47.82608695652174,100.0,3.602305475504323,1.8731988472622478,52.0,10.175953079178885,9.428152492668621
1068,ATM,Atlético Madrid,esp.atletico_madrid,12655,704870,0,52.5,9.0,2.0,0.0,2.0,10.0,1.0,17.0,5.0,0.3,0.0,0.0,395.0,461.0,0.9,2.0,25.0,0.1,45.0,28.0,0.6,4.0,7.0,10.0,0.7,5.0,21.0,21.0,2025-02-02 14:50:29,29.411764705882355,0.3238095238095238,0.09523809523809523,0.00024,8.0,35.714285714285715,57.14285714285714,100.0,9.761388286334057,6.073752711496746,62.22222222222222,8.780952380952382,7.523809523809524
83,BAR,Barcelona,esp.barcelona,12655,704871,0,70.5,8.0,5.0,0.0,2.0,5.0,0.0,11.0,4.0,0.4,0.0,0.0,554.0,625.0,0.9,3.0,16.0,0.2,44.0,26.0,0.6,4.0,6.0,9.0,0.7,3.0,17.0,17.0,2025-02-03 14:51:04,36.36363636363637,0.15602836879432624,0.05673758865248227,0.0007500000000000001,18.75,27.27272727272727,52.94117647058824,100.0,7.04,4.16,59.09090909090909,8.865248226950355,7.858156028368795
86,RMA,Real Madrid,esp.real_madrid,12655,704877,1,76.1,3.0,0.0,0.0,1.0,8.0,1.0,21.0,7.0,0.3,0.0,0.0,725.0,793.0,0.9,3.0,25.0,0.1,46.0,31.0,0.7,6.0,5.0,7.0,0.7,11.0,10.0,10.0,2025-02-02 14:50:29,33.33333333333333,0.2759526938239159,0.09198423127463864,0.00035999999999999997,12.0,78.57142857142857,84.21052631578947,100.0,5.800756620428752,3.909205548549811,67.3913043478261,10.420499342969777,9.526938239159001
86,RMA,Real Madrid,esp.real_madrid,12655,704886,0,60.1,14.0,1.0,0.0,2.0,6.0,0.0,23.0,9.0,0.4,0.0,0.0,617.0,665.0,0.9,2.0,19.0,0.1,36.0,25.0,0.7,7.0,10.0,14.0,0.7,10.0,10.0,10.0,2025-02-10 05:47:23,39.130434782608695,0.3826955074875208,0.1497504159733777,0.00042105263157894734,10.526315789473683,41.66666666666667,58.82352941176471,100.0,5.413533834586466,3.7593984962406015,69.44444444444444,11.064891846921796,10.266222961730449
1068,ATM,Atlético Madrid,esp.atletico_madrid,12655,704886,1,39.9,13.0,3.0,0.0,1.0,1.0,8.0,10.0,1.0,0.1,1.0,1.0,381.0,441.0,0.9,3.0,9.0,0.3,51.0,33.0,0.6,2.0,13.0,20.0,0.7,9.0,26.0,26.0,2025-02-10 05:47:23,10.0,0.2506265664160401,0.025062656641604012,0.0003333333333333333,33.33333333333333,40.909090909090914,62.857142857142854,100.0,11.564625850340136,7.482993197278912,64.70588235294117,11.052631578947368,9.548872180451129
83,BAR,Barcelona,esp.barcelona,12655,704888,1,59.5,6.0,2.0,1.0,1.0,6.0,3.0,10.0,6.0,0.6,0.0,0.0,435.0,507.0,0.9,1.0,15.0,0.1,40.0,17.0,0.4,0.0,12.0,16.0,0.8,5.0,14.0,14.0,2025-02-11 05:48:04,60.0,0.16806722689075632,0.10084033613445378,0.0004,6.666666666666667,45.45454545454545,73.91304347826086,100.0,7.889546351084813,3.353057199211045,42.5,8.521008403361344,7.310924369747899
1068,ATM,Atlético Madrid,esp.atletico_madrid,12655,704890,0,32.8,8.0,3.0,1.0,1.0,2.0,3.0,9.0,3.0,0.3,0.0,0.0,247.0,314.0,0.8,0.0,10.0,0.0,64.0,36.0,0.6,4.0,10.0,18.0,0.6,11.0,21.0,21.0,2025-02-16 05:49:53,33.33333333333333,0.27439024390243905,0.09146341463414635,0.0,0.0,57.89473684210527,72.41379310344827,100.0,20.382165605095544,11.464968152866243,56.25,9.573170731707318,7.5304878048780495
83,BAR,Barcelona,esp.barcelona,12655,704891,0,59.6,11.0,2.0,0.0,2.0,4.0,4.0,14.0,5.0,0.4,1.0,1.0,469.0,541.0,0.9,3.0,12.0,0.3,43.0,27.0,0.6,3.0,6.0,9.0,0.7,10.0,18.0,18.0,2025-02-19 05:49:30,35.714285714285715,0.2348993288590604,0.08389261744966443,0.001,25.0,47.61904761904761,59.25925925925925,100.0,7.948243992606285,4.990757855822551,62.7906976744186,9.077181208053691,7.869127516778524
86,RMA,Real Madrid,esp.real_madrid,12655,704895,1,54.3,7.0,1.0,1.0,2.0,2.0,3.0,17.0,6.0,0.4,0.0,0.0,418.0,475.0,0.9,2.0,10.0,0.2,42.0,20.0,0.5,4.0,5.0,9.0,0.6,4.0,33.0,33.0,2025-02-16 05:49:53,35.294117647058826,0.3130755064456722,0.11049723756906078,0.0008000000000000001,20.0,36.36363636363637,56.25,100.0,8.842105263157894,4.2105263157894735,47.61904761904761,8.747697974217312,7.697974217311234
1068,ATM,Atlético Madrid,esp.atletico_madrid,12655,704905,1,50.8,16.0,3.0,0.0,2.0,0.0,2.0,11.0,3.0,0.3,0.0,0.0,507.0,578.0,0.9,1.0,5.0,0.2,47.0,21.0,0.4,4.0,12.0,25.0,0.5,2.0,33.0,33.0,2025-02-23 05:50:57,27.27272727272727,0.21653543307086615,0.05905511811023623,0.0006,20.0,11.11111111111111,46.666666666666664,100.0,8.131487889273355,3.633217993079585,44.680851063829785,11.377952755905513,9.980314960629922
86,RMA,Real Madrid,esp.real_madrid,12655,704906,0,63.1,1.0,0.0,0.0,0.0,11.0,2.0,22.0,5.0,0.2,0.0,0.0,634.0,676.0,0.9,2.0,14.0,0.1,35.0,26.0,0.7,5.0,7.0,9.0,0.8,5.0,17.0,17.0,2025-02-24 05:52:05,22.727272727272727,0.34865293185419965,0.07923930269413629,0.0002857142857142857,14.285714285714285,83.33333333333334,92.3076923076923,100.0,5.177514792899409,3.8461538461538463,74.28571428571429,10.713153724247226,10.047543581616482
83,BAR,Barcelona,esp.barcelona,12655,704909,1,70.5,4.0,1.0,0.0,1.0,3.0,2.0,15.0,5.0,0.3,0.0,0.0,588.0,667.0,0.9,5.0,20.0,0.3,40.0,22.0,0.6,2.0,10.0,15.0,0.7,6.0,25.0,25.0,2025-02-24 05:52:05,33.33333333333333,0.2127659574468085,0.07092198581560284,0.00075,25.0,60.0,80.0,100.0,5.997001499250374,3.2983508245877062,55.00000000000001,9.460992907801419,8.340425531914894
1068,ATM,Atlético Madrid,esp.atletico_madrid,12655,704910,0,50.5,7.0,2.0,0.0,4.0,6.0,3.0,12.0,4.0,0.3,0.0,0.0,406.0,487.0,0.8,9.0,21.0,0.4,53.0,27.0,0.5,3.0,17.0,22.0,0.8,9.0,18.0,18.0,2025-03-02 05:50:45,33.33333333333333,0.2376237623762376,0.07920792079207921,0.0012857142857142856,42.857142857142854,56.25,78.78787878787878,100.0,10.882956878850102,5.544147843942506,50.943396226415096,9.643564356435643,8.03960396039604
83,BAR,Barcelona,esp.barcelona,12655,704911,0,76.4,15.0,0.0,0.0,0.0,12.0,0.0,33.0,10.0,0.3,0.0,0.0,681.0,746.0,0.9,4.0,19.0,0.2,31.0,17.0,0.5,14.0,11.0,16.0,0.7,7.0,5.0,5.0,2025-03-04 05:51:04,30.303030303030305,0.4319371727748691,0.13089005235602094,0.000631578947368421,21.052631578947366,31.818181818181817,54.54545454545454,100.0,4.1554959785522785,2.278820375335121,54.83870967741935,9.76439790575916,8.913612565445025
86,RMA,Real Madrid,esp.real_madrid,12655,704917,1,58.5,12.0,4.0,0.0,0.0,2.0,1.0,9.0,2.0,0.2,0.0,0.0,473.0,551.0,0.9,2.0,16.0,0.1,39.0,13.0,0.3,4.0,16.0,25.0,0.6,10.0,10.0,10.0,2025-03-02 05:50:45,22.22222222222222,0.15384615384615385,0.03418803418803419,0.00025,12.5,45.45454545454545,68.42105263157895,100.0,7.078039927404718,2.35934664246824,33.33333333333333,9.418803418803419,8.085470085470085
83,BAR,Barcelona,esp.barcelona,12655,704922,0,74.1,7.0,1.0,0.0,2.0,8.0,0.0,19.0,5.0,0.3,1.0,1.0,678.0,750.0,0.9,1.0,12.0,0.1,33.0,18.0,0.5,5.0,11.0,14.0,0.8,1.0,13.0,13.0,2025-03-29 04:53:12,26.31578947368421,0.25641025641025644,0.06747638326585695,0.00025,8.333333333333332,12.5,63.1578947368421,100.0,4.3999999999999995,2.4,54.54545454545454,10.121457489878543,9.149797570850204
1068,ATM,Atlético Madrid,esp.atletico_madrid,12655,704924,1,61.4,14.0,2.0,1.0,4.0,4.0,1.0,4.0,2.0,0.5,1.0,1.0,431.0,511.0,0.8,1.0,14.0,0.1,49.0,23.0,0.5,2.0,8.0,19.0,0.4,7.0,39.0,39.0,2025-03-10 04:48:43,50.0,0.06514657980456026,0.03257328990228013,0.00035714285714285714,7.142857142857142,33.33333333333333,51.724137931034484,100.0,9.58904109589041,4.500978473581213,46.93877551020408,8.322475570032573,7.019543973941368
86,RMA,Real Madrid,esp.real_madrid,12655,704926,0,45.8,12.0,3.0,0.0,3.0,4.0,5.0,10.0,5.0,0.5,0.0,0.0,410.0,465.0,0.9,2.0,7.0,0.3,49.0,30.0,0.6,2.0,7.0,21.0,0.3,14.0,9.0,9.0,2025-03-10 04:48:43,50.0,0.2183406113537118,0.1091703056768559,0.0014285714285714286,28.57142857142857,53.84615384615385,63.63636363636363,100.0,10.53763440860215,6.451612903225806,61.224489795918366,10.152838427947598,8.951965065502185
1068,ATM,Atlético Madrid,esp.atletico_madrid,12655,704930,0,33.9,10.0,1.0,0.0,2.0,6.0,2.0,7.0,2.0,0.3,0.0,0.0,244.0,319.0,0.8,2.0,17.0,0.1,64.0,37.0,0.6,1.0,15.0,18.0,0.8,5.0,22.0,22.0,2025-03-18 04:53:56,28.57142857142857,0.20648967551622419,0.058997050147492625,0.0003529411764705882,11.76470588235294,33.33333333333333,66.66666666666666,100.0,20.06269592476489,11.598746081504702,57.8125,9.410029498525073,7.1976401179941005
83,BAR,Barcelona,esp.barcelona,12655,704930,1,66.1,11.0,3.0,0.0,0.0,6.0,0.0,13.0,6.0,0.5,0.0,0.0,574.0,639.0,0.9,4.0,20.0,0.2,33.0,19.0,0.6,1.0,9.0,22.0,0.4,6.0,21.0,21.0,2025-03-18 04:53:56,46.15384615384615,0.19667170953101362,0.09077155824508322,0.001,20.0,35.294117647058826,57.692307692307686,100.0,5.164319248826291,2.97339593114241,57.57575757575758,9.667170953101362,8.683812405446295
86,RMA,Real Madrid,esp.real_madrid,12655,704939,1,54.2,3.0,1.0,0.0,3.0,4.0,9.0,9.0,5.0,0.6,0.0,0.0,527.0,597.0,0.9,0.0,5.0,0.0,45.0,22.0,0.5,2.0,10.0,20.0,0.5,16.0,47.0,47.0,2025-03-16 04:51:22,55.55555555555556,0.16605166051660517,0.09225092250922509,0.0,0.0,84.21052631578947,89.65517241379311,100.0,7.537688442211055,3.6850921273031827,48.888888888888886,11.014760147601475,9.723247232472325
83,BAR,Barcelona,esp.barcelona,12655,704942,0,69.4,8.0,0.0,0.0,1.0,10.0,1.0,21.0,9.0,0.4,0.0,0.0,567.0,643.0,0.9,2.0,22.0,0.1,44.0,27.0,0.6,5.0,7.0,10.0,0.7,8.0,10.0,10.0,2025-04-01 04:55:30,42.857142857142854,0.3025936599423631,0.12968299711815562,0.00036363636363636367,9.090909090909092,50.0,65.21739130434783,100.0,6.842923794712286,4.199066874027993,61.36363636363637,9.265129682997117,8.170028818443804
86,RMA,Real Madrid,esp.real_madrid,12655,704946,0,70.7,9.0,1.0,0.0,2.0,8.0,2.0,24.0,10.0,0.4,1.0,1.0,554.0,606.0,0.9,4.0,18.0,0.2,38.0,29.0,0.8,6.0,11.0,12.0,0.9,9.0,13.0,13.0,2025-03-30 04:53:40,41.66666666666667,0.33946251768033947,0.14144271570014144,0.0008888888888888889,22.22222222222222,50.0,68.96551724137932,100.0,6.270627062706271,4.785478547854786,76.31578947368422,8.571428571428571,7.835926449787836
1068,ATM,Atlético Madrid,esp.atletico_madrid,12655,704948,1,60.5,14.0,1.0,0.0,5.0,3.0,0.0,13.0,2.0,0.2,0.0,0.0,545.0,626.0,0.9,3.0,14.0,0.2,28.0,13.0,0.5,6.0,9.0,15.0,0.6,5.0,19.0,19.0,2025-03-30 17:16:54,15.384615384615385,0.21487603305785125,0.03305785123966942,0.00042857142857142855,21.428571428571427,26.31578947368421,50.0,100.0,4.472843450479233,2.07667731629393,46.42857142857143,10.347107438016529,9.008264462809917
86,RMA,Real Madrid,esp.real_madrid,12655,704953,0,64.8,10.0,0.0,0.0,6.0,9.0,0.0,21.0,9.0,0.4,0.0,1.0,565.0,621.0,0.9,6.0,26.0,0.2,45.0,37.0,0.8,4.0,12.0,20.0,0.6,13.0,7.0,7.0,2025-04-06 04:54:38,42.857142857142854,0.32407407407407407,0.1388888888888889,0.0009230769230769232,23.076923076923077,56.52173913043478,71.42857142857143,100.0,7.246376811594203,5.958132045088567,82.22222222222221,9.583333333333334,8.719135802469136
1068,ATM,Atlético Madrid,esp.atletico_madrid,12655,704955,1,55.8,12.0,4.0,0.0,0.0,7.0,4.0,13.0,5.0,0.4,1.0,1.0,474.0,540.0,0.9,1.0,22.0,0.0,53.0,29.0,0.5,5.0,12.0,19.0,0.6,8.0,27.0,27.0,2025-04-07 11:18:42,38.46153846153847,0.23297491039426524,0.08960573476702509,0.00018181818181818183,4.545454545454546,40.0,62.5,100.0,9.814814814814815,5.37037037037037,54.71698113207547,9.67741935483871,8.494623655913978
83,BAR,Barcelona,esp.barcelona,12655,704958,0,74.0,16.0,2.0,0.0,2.0,9.0,1.0,13.0,5.0,0.4,0.0,0.0,659.0,729.0,0.9,4.0,27.0,0.1,24.0,15.0,0.6,3.0,5.0,10.0,0.5,11.0,6.0,6.0,2025-04-07 04:56:24,38.46153846153847,0.17567567567567569,0.06756756756756757,0.0005925925925925926,14.814814814814813,40.74074074074074,50.0,100.0,3.292181069958848,2.05761316872428,62.5,9.85135135135135,8.905405405405405
83,BAR,Barcelona,esp.barcelona,12655,704962,1,66.1,4.0,1.0,0.0,3.0,8.0,1.0,12.0,3.0,0.3,0.0,0.0,527.0,600.0,0.9,5.0,25.0,0.2,36.0,16.0,0.4,1.0,10.0,19.0,0.5,3.0,30.0,30.0,2025-04-13 05:20:15,25.0,0.18154311649016644,0.04538577912254161,0.0006,20.0,42.857142857142854,76.47058823529412,100.0,6.0,2.666666666666667,44.44444444444444,9.077155824508322,7.972768532526476
86,RMA,Real Madrid,esp.real_madrid,12655,704966,1,44.0,12.0,4.0,1.0,0.0,4.0,6.0,11.0,4.0,0.4,0.0,0.0,345.0,404.0,0.9,3.0,7.0,0.4,49.0,25.0,0.5,5.0,11.0,18.0,0.6,6.0,25.0,25.0,2025-04-14 05:15:01,36.36363636363637,0.25,0.09090909090909091,0.0017142857142857142,42.857142857142854,33.33333333333333,58.620689655172406,100.0,12.128712871287128,6.188118811881188,51.02040816326531,9.181818181818182,7.840909090909091
1068,ATM,Atlético Madrid,esp.atletico_madrid,12655,704969,0,54.4,11.0,1.0,0.0,2.0,5.0,1.0,24.0,9.0,0.4,2.0,2.0,543.0,595.0,0.9,4.0,22.0,0.2,29.0,20.0,0.7,5.0,7.0,15.0,0.5,5.0,10.0,10.0,2025-04-16 05:06:42,37.5,0.4411764705882353,0.16544117647058823,0.0007272727272727273,18.181818181818183,31.25,52.17391304347826,100.0,4.873949579831933,3.361344537815126,68.96551724137932,10.9375,9.981617647058824
83,BAR,Barcelona,esp.barcelona,12655,704970,0,71.9,10.0,2.0,0.0,0.0,4.0,5.0,18.0,6.0,0.3,1.0,1.0,675.0,752.0,0.9,6.0,21.0,0.3,42.0,31.0,0.7,2.0,11.0,16.0,0.7,4.0,12.0,12.0,2025-04-20 15:46:12,33.33333333333333,0.25034770514603616,0.08344923504867871,0.000857142857142857,28.57142857142857,28.57142857142857,60.0,100.0,5.585106382978723,4.122340425531915,73.80952380952381,10.458970792767731,9.388038942976355
1068,ATM,Atlético Madrid,esp.atletico_madrid,12655,704971,1,58.9,13.0,1.0,0.0,1.0,4.0,1.0,7.0,2.0,0.3,0.0,0.0,452.0,543.0,0.8,8.0,20.0,0.4,46.0,20.0,0.4,1.0,8.0,15.0,0.5,9.0,23.0,23.0,2025-04-21 04:50:58,28.57142857142857,0.11884550084889643,0.03395585738539898,0.0012,40.0,40.909090909090914,56.666666666666664,100.0,8.47145488029466,3.683241252302026,43.47826086956522,9.219015280135824,7.67402376910017
86,RMA,Real Madrid,esp.real_madrid,12655,704974,0,73.4,7.0,1.0,0.0,1.0,14.0,1.0,22.0,7.0,0.3,0.0,0.0,603.0,661.0,0.9,6.0,29.0,0.2,48.0,34.0,0.7,7.0,10.0,13.0,0.8,7.0,14.0,14.0,2025-04-22 04:56:43,31.818181818181817,0.2997275204359673,0.09536784741144413,0.0006206896551724138,20.689655172413794,50.0,70.83333333333334,100.0,7.2617246596066565,5.143721633888049,70.83333333333334,9.005449591280653,8.21525885558583
1068,ATM,Atlético Madrid,esp.atletico_madrid,12655,704980,0,41.8,8.0,0.0,0.0,2.0,6.0,5.0,11.0,6.0,0.5,0.0,0.0,347.0,407.0,0.9,3.0,17.0,0.2,39.0,17.0,0.4,1.0,9.0,12.0,0.8,6.0,21.0,21.0,2025-04-29 04:57:48,54.54545454545454,0.26315789473684215,0.14354066985645933,0.0008823529411764706,17.647058823529413,42.857142857142854,65.21739130434783,100.0,9.582309582309582,4.176904176904177,43.58974358974359,9.73684210526316,8.301435406698564
86,RMA,Real Madrid,esp.real_madrid,12655,704981,1,63.5,7.0,1.0,0.0,3.0,4.0,6.0,14.0,7.0,0.5,0.0,0.0,466.0,545.0,0.9,0.0,7.0,0.0,52.0,24.0,0.5,3.0,10.0,11.0,0.9,7.0,34.0,34.0,2025-04-24 12:04:55,50.0,0.2204724409448819,0.11023622047244094,0.0,0.0,50.0,70.83333333333334,100.0,9.541284403669724,4.4036697247706424,46.15384615384615,8.582677165354331,7.338582677165355
83,BAR,Barcelona,esp.barcelona,12655,704988,0,77.8,10.0,0.0,0.0,1.0,13.0,0.0,40.0,12.0,0.3,0.0,0.0,671.0,744.0,0.9,4.0,14.0,0.3,29.0,18.0,0.6,14.0,10.0,14.0,0.7,8.0,20.0,20.0,2025-04-24 04:59:44,30.0,0.5141388174807198,0.15424164524421594,0.000857142857142857,28.57142857142857,44.44444444444444,64.28571428571429,100.0,3.8978494623655915,2.4193548387096775,62.06896551724138,9.56298200514139,8.624678663239076
1068,ATM,Atlético Madrid,esp.atletico_madrid,12655,704993,1,65.0,13.0,2.0,0.0,0.0,5.0,2.0,9.0,2.0,0.2,0.0,0.0,410.0,496.0,0.8,7.0,30.0,0.2,70.0,40.0,0.6,3.0,20.0,30.0,0.7,1.0,35.0,35.0,2025-05-05 05:00:05,22.22222222222222,0.13846153846153847,0.03076923076923077,0.00046666666666666666,23.333333333333332,7.142857142857142,61.76470588235294,100.0,14.112903225806454,8.064516129032258,57.14285714285714,7.630769230769231,6.3076923076923075
86,RMA,Real Madrid,esp.real_madrid,12655,704994,0,54.0,5.0,2.0,0.0,0.0,4.0,5.0,17.0,6.0,0.4,0.0,0.0,559.0,605.0,0.9,2.0,13.0,0.2,46.0,32.0,0.7,1.0,8.0,12.0,0.7,4.0,9.0,9.0,2025-05-05 05:00:05,35.294117647058826,0.3148148148148148,0.1111111111111111,0.0006153846153846154,15.384615384615385,44.44444444444444,70.58823529411765,100.0,7.6033057851239665,5.289256198347108,69.56521739130434,11.203703703703704,10.351851851851851
83,BAR,Barcelona,esp.barcelona,12655,704996,1,81.5,15.0,2.0,0.0,1.0,8.0,3.0,24.0,7.0,0.3,0.0,0.0,634.0,702.0,0.9,7.0,32.0,0.2,30.0,21.0,0.7,7.0,6.0,16.0,0.4,3.0,9.0,9.0,2025-05-05 05:00:05,29.166666666666668,0.294478527607362,0.08588957055214724,0.00065625,21.875,16.666666666666664,37.5,100.0,4.273504273504273,2.9914529914529915,70.0,8.613496932515337,7.779141104294479
1068,ATM,Atlético Madrid,esp.atletico_madrid,12655,705001,0,60.7,7.0,0.0,0.0,3.0,3.0,1.0,13.0,7.0,0.5,0.0,0.0,605.0,662.0,0.9,3.0,14.0,0.2,32.0,20.0,0.6,1.0,7.0,11.0,0.6,8.0,16.0,16.0,2025-05-12 04:49:54,53.84615384615385,0.214168039538715,0.11532125205930807,0.0010714285714285713,21.428571428571427,53.333333333333336,68.18181818181817,100.0,4.833836858006042,3.0211480362537766,62.5,10.906095551894563,9.967051070840197
83,BAR,Barcelona,esp.barcelona,12655,705002,0,62.3,17.0,4.0,0.0,1.0,10.0,2.0,23.0,9.0,0.4,0.0,0.0,418.0,478.0,0.9,5.0,21.0,0.2,42.0,27.0,0.6,5.0,6.0,14.0,0.4,5.0,10.0,10.0,2025-05-13 04:52:45,39.130434782608695,0.3691813804173355,0.14446227929373998,0.0009523809523809524,23.809523809523807,22.727272727272727,39.285714285714285,100.0,8.786610878661087,5.648535564853557,64.28571428571429,7.67255216693419,6.709470304975923
86,RMA,Real Madrid,esp.real_madrid,12655,705002,1,37.7,15.0,3.0,0.0,5.0,2.0,5.0,9.0,5.0,0.6,1.0,1.0,238.0,296.0,0.8,1.0,3.0,0.3,56.0,24.0,0.4,2.0,11.0,22.0,0.5,7.0,28.0,28.0,2025-05-12 04:49:54,55.55555555555556,0.23872679045092837,0.1326259946949602,0.002,33.33333333333333,31.818181818181817,54.54545454545454,100.0,18.91891891891892,8.108108108108109,42.857142857142854,7.851458885941644,6.312997347480105
1068,ATM,Atlético Madrid,esp.atletico_madrid,12655,705012,1,65.1,11.0,1.0,0.0,4.0,5.0,1.0,9.0,5.0,0.6,0.0,0.0,488.0,551.0,0.9,8.0,22.0,0.4,34.0,20.0,0.6,0.0,10.0,12.0,0.8,6.0,20.0,20.0,2025-05-16 02:04:12,55.55555555555556,0.1382488479262673,0.07680491551459294,0.002181818181818182,36.36363636363637,35.294117647058826,59.25925925925925,100.0,6.170598911070781,3.6297640653357535,58.82352941176471,8.463901689708143,7.496159754224271
86,RMA,Real Madrid,esp.real_madrid,12655,705014,0,71.6,6.0,0.0,0.0,1.0,26.0,1.0,39.0,13.0,0.3,0.0,0.0,609.0,662.0,0.9,10.0,53.0,0.2,28.0,23.0,0.8,12.0,10.0,15.0,0.7,8.0,10.0,10.0,2025-05-16 04:55:23,33.33333333333333,0.5446927374301677,0.18156424581005587,0.0005660377358490566,18.867924528301888,57.14285714285714,75.0,100.0,4.229607250755287,3.474320241691843,82.14285714285714,9.245810055865922,8.505586592178771
83,BAR,Barcelona,esp.barcelona,12655,705018,1,75.1,10.0,1.0,0.0,0.0,3.0,1.0,12.0,4.0,0.3,0.0,0.0,661.0,739.0,0.9,3.0,13.0,0.2,31.0,15.0,0.5,4.0,11.0,15.0,0.7,15.0,13.0,13.0,2025-05-16 02:04:12,33.33333333333333,0.15978695073235688,0.053262316910785625,0.0006923076923076924,23.076923076923077,60.0,72.22222222222221,100.0,4.194857916102842,2.029769959404601,48.38709677419355,9.840213049267645,8.801597869507324
1068,ATM,Atlético Madrid,esp.atletico_madrid,12655,705020,0,44.7,12.0,1.0,0.0,2.0,7.0,6.0,20.0,11.0,0.6,0.0,0.0,404.0,473.0,0.9,4.0,17.0,0.2,29.0,17.0,0.6,2.0,9.0,15.0,0.6,9.0,18.0,18.0,2025-05-19 04:54:17,55.00000000000001,0.44742729306487694,0.24608501118568232,0.0014117647058823528,23.52941176470588,42.857142857142854,60.0,100.0,6.13107822410148,3.5940803382663846,58.620689655172406,10.58165548098434,9.038031319910514
83,BAR,Barcelona,esp.barcelona,12655,705021,0,69.0,14.0,2.0,0.0,2.0,11.0,0.0,24.0,9.0,0.4,0.0,0.0,632.0,687.0,0.9,3.0,29.0,0.1,44.0,31.0,0.7,9.0,9.0,12.0,0.8,7.0,10.0,10.0,2025-05-19 04:54:17,37.5,0.34782608695652173,0.13043478260869565,0.00041379310344827585,10.344827586206897,33.33333333333333,53.333333333333336,100.0,6.404657933042213,4.512372634643377,70.45454545454545,9.956521739130435,9.159420289855072
86,RMA,Real Madrid,esp.real_madrid,12655,705028,1,62.7,9.0,1.0,0.0,1.0,7.0,1.0,16.0,6.0,0.4,0.0,0.0,519.0,572.0,0.9,1.0,17.0,0.1,29.0,20.0,0.7,5.0,6.0,17.0,0.4,9.0,11.0,11.0,2025-05-20 04:53:39,37.5,0.2551834130781499,0.09569377990430622,0.00023529411764705883,5.88235294117647,50.0,62.5,100.0,5.06993006993007,3.4965034965034967,68.96551724137932,9.12280701754386,8.277511961722487
1068,ATM,Atlético Madrid,esp.atletico_madrid,12655,705033,1,56.4,11.0,0.0,0.0,2.0,8.0,1.0,19.0,11.0,0.6,0.0,0.0,495.0,555.0,0.9,1.0,12.0,0.1,29.0,18.0,0.6,7.0,9.0,20.0,0.5,7.0,17.0,17.0,2025-05-26 04:52:38,57.89473684210527,0.33687943262411346,0.1950354609929078,0.0005,8.333333333333332,38.88888888888889,59.25925925925925,100.0,5.225225225225225,3.2432432432432434,62.06896551724138,9.840425531914894,8.77659574468085
86,RMA,Real Madrid,esp.real_madrid,12655,705034,0,62.0,5.0,0.0,0.0,3.0,11.0,1.0,16.0,8.0,0.5,0.0,1.0,661.0,715.0,0.9,4.0,16.0,0.3,30.0,19.0,0.6,3.0,9.0,14.0,0.6,8.0,10.0,10.0,2025-05-25 04:51:56,50.0,0.25806451612903225,0.12903225806451613,0.00125,25.0,61.53846153846154,77.27272727272727,100.0,4.195804195804196,2.6573426573426575,63.33333333333333,11.53225806451613,10.661290322580646
83,BAR,Barcelona,esp.barcelona,12655,705035,1,76.0,10.0,0.0,0.0,1.0,6.0,2.0,13.0,4.0,0.3,1.0,1.0,663.0,720.0,0.9,2.0,12.0,0.2,41.0,24.0,0.6,3.0,8.0,17.0,0.5,4.0,14.0,14.0,2025-05-27 04:52:03,30.76923076923077,0.17105263157894737,0.05263157894736842,0.0005,16.666666666666664,28.57142857142857,54.54545454545454,100.0,5.694444444444445,3.3333333333333335,58.536585365853654,9.473684210526315,8.723684210526315
160,PSG,Paris Saint-Germain,fra.psg,12694,706429,1,76.2,9.0,0.0,0.0,1.0,8.0,1.0,15.0,10.0,0.7,1.0,1.0,770.0,824.0,0.9,4.0,15.0,0.3,46.0,35.0,0.8,1.0,12.0,17.0,0.7,4.0,7.0,7.0,2024-08-18 04:17:44,66.66666666666666,0.19685039370078738,0.13123359580052493,0.0018666666666666664,26.666666666666668,30.76923076923077,64.0,100.0,5.582524271844661,4.247572815533981,76.08695652173914,10.813648293963254,10.10498687664042
160,PSG,Paris Saint-Germain,fra.psg,12694,706441,0,68.6,11.0,1.0,0.0,0.0,10.0,3.0,27.0,11.0,0.4,0.0,0.0,694.0,744.0,0.9,6.0,17.0,0.4,31.0,18.0,0.6,4.0,10.0,21.0,0.5,10.0,8.0,8.0,2024-08-24 04:18:36,40.74074074074074,0.3935860058309038,0.16034985422740525,0.0014117647058823533,35.294117647058826,47.61904761904761,64.51612903225806,100.0,4.166666666666666,2.4193548387096775,58.06451612903226,10.845481049562682,10.11661807580175
160,PSG,Paris Saint-Germain,fra.psg,12694,706448,1,58.5,9.0,2.0,0.0,2.0,1.0,3.0,11.0,7.0,0.6,1.0,1.0,542.0,611.0,0.9,2.0,5.0,0.4,56.0,28.0,0.5,2.0,14.0,22.0,0.6,7.0,15.0,15.0,2024-09-02 04:22:17,63.63636363636363,0.18803418803418803,0.11965811965811966,0.0024,40.0,43.75,70.0,100.0,9.165302782324058,4.582651391162029,50.0,10.444444444444445,9.264957264957266
160,PSG,Paris Saint-Germain,fra.psg,12694,706457,0,67.3,7.0,2.0,0.0,3.0,9.0,2.0,22.0,9.0,0.4,0.0,0.0,623.0,679.0,0.9,3.0,22.0,0.1,26.0,19.0,0.7,6.0,8.0,14.0,0.6,5.0,7.0,7.0,2024-09-16 04:15:56,40.909090909090914,0.32689450222882616,0.1337295690936107,0.0005454545454545455,13.636363636363635,41.66666666666667,65.0,100.0,3.829160530191458,2.798232695139912,73.07692307692307,10.089153046062407,9.257057949479941
160,PSG,Paris Saint-Germain,fra.psg,12694,706469,1,78.0,6.0,1.0,0.0,1.0,5.0,0.0,11.0,4.0,0.4,0.0,0.0,757.0,808.0,0.9,6.0,20.0,0.3,42.0,33.0,0.8,2.0,7.0,14.0,0.5,6.0,10.0,10.0,2024-10-14 06:59:34,36.36363636363637,0.14102564102564102,0.05128205128205128,0.0012,30.0,50.0,68.42105263157895,100.0,5.198019801980198,4.084158415841585,78.57142857142857,10.35897435897436,9.705128205128204
160,PSG,Paris Saint-Germain,fra.psg,12694,706477,0,61.8,12.0,2.0,0.0,5.0,6.0,4.0,23.0,8.0,0.3,0.0,0.0,565.0,638.0,0.9,4.0,9.0,0.4,44.0,22.0,0.5,7.0,14.0,21.0,0.7,6.0,19.0,19.0,2024-10-19 05:12:42,34.78260869565217,0.37216828478964403,0.12944983818770228,0.0013333333333333333,44.44444444444444,33.33333333333333,62.5,100.0,6.896551724137931,3.4482758620689653,50.0,10.323624595469257,9.142394822006473
160,PSG,Paris Saint-Germain,fra.psg,12694,706484,1,71.1,9.0,2.0,0.0,1.0,15.0,2.0,19.0,8.0,0.4,0.0,0.0,642.0,701.0,0.9,7.0,32.0,0.2,31.0,19.0,0.6,5.0,13.0,22.0,0.6,8.0,6.0,6.0,2024-10-14 06:59:34,42.10526315789473,0.26722925457102675,0.11251758087201126,0.0008750000000000001,21.875,47.05882352941176,70.0,100.0,4.42225392296719,2.710413694721826,61.29032258064516,9.859353023909987,9.029535864978904
160,PSG,Paris Saint-Germain,fra.psg,12694,706490,0,55.5,10.0,2.0,0.0,2.0,5.0,5.0,18.0,10.0,0.6,0.0,0.0,493.0,560.0,0.9,4.0,12.0,0.3,44.0,23.0,0.5,3.0,15.0,28.0,0.5,8.0,15.0,15.0,2024-10-20 11:04:39,55.55555555555556,0.32432432432432434,0.18018018018018017,0.002,33.33333333333333,44.44444444444444,69.6969696969697,100.0,7.857142857142857,4.107142857142857,52.27272727272727,10.09009009009009,8.882882882882884
160,PSG,Paris Saint-Germain,fra.psg,12694,706502,1,74.6,7.0,0.0,0.0,8.0,2.0,1.0,19.0,8.0,0.4,0.0,0.0,862.0,916.0,0.9,4.0,9.0,0.4,39.0,31.0,0.8,2.0,14.0,21.0,0.7,11.0,1.0,1.0,2024-10-28 05:17:50,42.10526315789473,0.2546916890080429,0.10723860589812333,0.0017777777777777779,44.44444444444444,61.111111111111114,78.125,100.0,4.25764192139738,3.384279475982533,79.48717948717949,12.27882037533512,11.554959785522788
160,PSG,Paris Saint-Germain,fra.psg,12694,706511,0,68.7,3.0,1.0,0.0,2.0,7.0,2.0,18.0,8.0,0.4,0.0,0.0,640.0,720.0,0.9,4.0,11.0,0.4,54.0,28.0,0.5,5.0,12.0,20.0,0.6,7.0,13.0,13.0,2024-11-03 13:39:59,44.44444444444444,0.26200873362445415,0.11644832605531295,0.0014545454545454547,36.36363636363637,70.0,86.36363636363636,100.0,7.5,3.888888888888889,51.85185185185185,10.480349344978166,9.315866084425036
160,PSG,Paris Saint-Germain,fra.psg,12694,706516,1,70.3,16.0,3.0,0.0,0.0,8.0,1.0,26.0,12.0,0.5,0.0,0.0,740.0,801.0,0.9,8.0,21.0,0.4,32.0,22.0,0.7,5.0,11.0,15.0,0.7,7.0,11.0,11.0,2024-11-10 06:19:29,46.15384615384615,0.3698435277382646,0.17069701280227598,0.0019047619047619048,38.095238095238095,30.434782608695656,52.94117647058824,100.0,3.9950062421972534,2.746566791510612,68.75,11.39402560455192,10.526315789473685
160,PSG,Paris Saint-Germain,fra.psg,12694,706530,0,72.9,11.0,1.0,0.0,2.0,8.0,2.0,17.0,8.0,0.5,0.0,0.0,683.0,765.0,0.9,7.0,21.0,0.3,34.0,22.0,0.6,5.0,13.0,17.0,0.8,11.0,23.0,23.0,2024-11-23 06:02:05,47.05882352941176,0.23319615912208502,0.10973936899862825,0.0016666666666666666,33.33333333333333,50.0,68.57142857142857,100.0,4.444444444444445,2.8758169934640523,64.70588235294117,10.493827160493826,9.368998628257886
160,PSG,Paris Saint-Germain,fra.psg,12694,706542,0,84.1,3.0,0.0,0.0,1.0,9.0,1.0,24.0,10.0,0.4,0.0,0.0,935.0,1009.0,0.9,8.0,43.0,0.2,32.0,25.0,0.8,6.0,10.0,14.0,0.7,9.0,7.0,7.0,2024-12-01 06:00:01,41.66666666666667,0.28537455410225926,0.11890606420927469,0.0007441860465116279,18.6046511627907,75.0,86.36363636363636,100.0,3.1714568880079286,2.4777006937561943,78.125,11.997621878715815,11.117717003567183
160,PSG,Paris Saint-Germain,fra.psg,12694,706549,1,73.2,7.0,1.0,0.0,4.0,15.0,2.0,24.0,11.0,0.5,0.0,0.0,602.0,671.0,0.9,7.0,28.0,0.3,32.0,16.0,0.5,4.0,14.0,29.0,0.5,10.0,17.0,17.0,2024-12-07 06:06:35,45.83333333333333,0.32786885245901637,0.15027322404371585,0.00125,25.0,58.82352941176471,77.41935483870968,100.0,4.769001490312966,2.384500745156483,50.0,9.166666666666666,8.224043715846994
160,PSG,Paris Saint-Germain,fra.psg,12694,706559,0,67.9,7.0,2.0,0.0,2.0,4.0,2.0,13.0,6.0,0.5,1.0,1.0,672.0,734.0,0.9,2.0,13.0,0.2,54.0,36.0,0.7,3.0,12.0,16.0,0.8,7.0,21.0,21.0,2024-12-16 05:54:42,46.15384615384615,0.1914580265095729,0.08836524300441825,0.0007692307692307692,15.384615384615385,50.0,73.07692307692307,100.0,7.3569482288828345,4.904632152588556,66.66666666666666,10.8100147275405,9.896907216494844
160,PSG,Paris Saint-Germain,fra.psg,12694,706563,1,60.2,11.0,0.0,0.0,1.0,9.0,3.0,17.0,12.0,0.7,0.0,0.0,492.0,572.0,0.9,6.0,18.0,0.3,74.0,44.0,0.6,2.0,8.0,16.0,0.5,12.0,17.0,17.0,2024-12-19 06:05:16,70.58823529411765,0.28239202657807305,0.19933554817275748,0.002333333333333333,33.33333333333333,52.17391304347826,64.51612903225806,100.0,12.937062937062937,7.6923076923076925,59.45945945945946,9.501661129568106,8.172757475083056
160,PSG,Paris Saint-Germain,fra.psg,12694,706574,0,58.8,16.0,1.0,0.0,2.0,7.0,2.0,25.0,9.0,0.4,1.0,1.0,534.0,607.0,0.9,7.0,16.0,0.4,60.0,53.0,0.9,4.0,14.0,26.0,0.5,9.0,13.0,13.0,2025-01-13 05:34:22,36.0,0.4251700680272109,0.15306122448979592,0.0017500000000000003,43.75,36.0,58.97435897435898,100.0,9.884678747940692,8.731466227347612,88.33333333333333,10.323129251700681,9.081632653061225
160,PSG,Paris Saint-Germain,fra.psg,12694,706580,1,66.8,8.0,3.0,0.0,0.0,1.0,6.0,9.0,7.0,0.8,0.0,0.0,632.0,691.0,0.9,1.0,9.0,0.1,41.0,26.0,0.6,2.0,9.0,13.0,0.7,15.0,26.0,26.0,2025-02-14 05:51:56,77.77777777777779,0.1347305389221557,0.10479041916167665,0.0008888888888888889,11.11111111111111,65.21739130434783,75.0,100.0,5.933429811866859,3.762662807525326,63.41463414634146,10.344311377245509,9.461077844311378
160,PSG,Paris Saint-Germain,fra.psg,12694,706590,0,78.1,13.0,2.0,0.0,0.0,8.0,2.0,18.0,7.0,0.4,0.0,0.0,711.0,776.0,0.9,8.0,24.0,0.3,34.0,21.0,0.6,7.0,9.0,14.0,0.6,7.0,16.0,16.0,2025-01-26 05:40:34,38.88888888888889,0.23047375160051217,0.08962868117797695,0.0013333333333333333,33.33333333333333,35.0,55.172413793103445,100.0,4.381443298969072,2.7061855670103094,61.76470588235294,9.935979513444304,9.103713188220231
160,PSG,Paris Saint-Germain,fra.psg,12694,706600,1,65.9,12.0,0.0,0.0,0.0,7.0,5.0,14.0,7.0,0.5,0.0,0.0,644.0,722.0,0.9,4.0,15.0,0.3,63.0,34.0,0.5,3.0,8.0,11.0,0.7,7.0,16.0,16.0,2025-02-02 14:50:29,50.0,0.212443095599393,0.1062215477996965,0.0013333333333333333,26.666666666666668,36.84210526315789,55.55555555555556,100.0,8.725761772853186,4.7091412742382275,53.96825396825397,10.955993930197268,9.772382397572079
160,PSG,Paris Saint-Germain,fra.psg,12694,706607,0,64.0,9.0,1.0,0.0,1.0,1.0,2.0,16.0,7.0,0.4,0.0,0.0,543.0,616.0,0.9,2.0,12.0,0.2,53.0,38.0,0.7,3.0,9.0,19.0,0.5,5.0,13.0,13.0,2025-02-08 05:57:04,43.75,0.25,0.109375,0.0006666666666666666,16.666666666666664,35.714285714285715,60.86956521739131,100.0,8.603896103896105,6.1688311688311686,71.69811320754717,9.625,8.484375
160,PSG,Paris Saint-Germain,fra.psg,12694,706621,1,76.8,6.0,0.0,0.0,1.0,2.0,4.0,20.0,6.0,0.3,0.0,0.0,750.0,814.0,0.9,4.0,9.0,0.4,38.0,21.0,0.6,5.0,11.0,20.0,0.6,6.0,12.0,12.0,2025-02-16 05:49:53,30.0,0.2604166666666667,0.078125,0.0013333333333333333,44.44444444444444,50.0,73.91304347826086,100.0,4.668304668304668,2.5798525798525795,55.26315789473685,10.598958333333334,9.765625
160,PSG,Paris Saint-Germain,fra.psg,12694,706629,1,65.2,8.0,1.0,0.0,1.0,4.0,5.0,15.0,8.0,0.5,0.0,0.0,607.0,661.0,0.9,3.0,12.0,0.3,47.0,28.0,0.6,4.0,9.0,15.0,0.6,10.0,21.0,21.0,2025-02-24 05:52:05,53.333333333333336,0.2300613496932515,0.12269938650306748,0.00125,25.0,55.55555555555556,70.37037037037037,100.0,7.110438729198185,4.236006051437216,59.57446808510638,10.13803680981595,9.309815950920244
160,PSG,Paris Saint-Germain,fra.psg,12694,706636,0,57.8,6.0,0.0,0.0,3.0,9.0,1.0,26.0,11.0,0.4,0.0,0.0,595.0,649.0,0.9,9.0,20.0,0.5,36.0,25.0,0.7,7.0,9.0,13.0,0.7,12.0,11.0,11.0,2025-03-02 05:50:45,42.30769230769231,0.44982698961937717,0.1903114186851211,0.0018000000000000002,45.0,66.66666666666666,77.77777777777779,100.0,5.546995377503852,3.8520801232665636,69.44444444444444,11.228373702422147,10.294117647058824
160,PSG,Paris Saint-Germain,fra.psg,12694,706645,1,68.4,6.0,4.0,0.0,0.0,2.0,2.0,19.0,9.0,0.5,0.0,0.0,624.0,685.0,0.9,2.0,13.0,0.2,35.0,19.0,0.5,3.0,21.0,25.0,0.8,13.0,19.0,19.0,2025-03-15 04:50:00,47.368421052631575,0.27777777777777773,0.13157894736842105,0.0007692307692307692,15.384615384615385,68.42105263157895,85.0,100.0,5.109489051094891,2.7737226277372264,54.285714285714285,10.014619883040934,9.12280701754386
160,PSG,Paris Saint-Germain,fra.psg,12694,706654,0,60.1,7.0,1.0,0.0,4.0,5.0,1.0,16.0,5.0,0.3,0.0,0.0,554.0,611.0,0.9,6.0,15.0,0.4,41.0,23.0,0.6,5.0,13.0,20.0,0.7,7.0,13.0,13.0,2025-03-17 04:47:52,31.25,0.26622296173044924,0.08319467554076539,0.0012,40.0,50.0,74.07407407407408,100.0,6.710310965630114,3.764320785597381,56.09756097560976,10.16638935108153,9.217970049916804
160,PSG,Paris Saint-Germain,fra.psg,12694,706662,1,53.5,12.0,0.0,0.0,0.0,6.0,1.0,22.0,10.0,0.5,1.0,1.0,489.0,555.0,0.9,1.0,9.0,0.1,43.0,30.0,0.7,6.0,11.0,16.0,0.7,15.0,23.0,23.0,2025-03-30 04:53:40,45.45454545454545,0.411214953271028,0.18691588785046728,0.0005555555555555556,11.11111111111111,55.55555555555556,68.42105263157895,100.0,7.747747747747748,5.405405405405405,69.76744186046511,10.373831775700934,9.14018691588785
160,PSG,Paris Saint-Germain,fra.psg,12694,706676,0,81.3,7.0,0.0,0.0,1.0,5.0,0.0,20.0,6.0,0.3,0.0,0.0,891.0,954.0,0.9,4.0,16.0,0.3,29.0,23.0,0.8,7.0,12.0,25.0,0.5,1.0,10.0,10.0,2025-04-06 04:54:38,30.0,0.24600246002460024,0.07380073800738007,0.00075,25.0,12.5,65.0,100.0,3.039832285115304,2.410901467505241,79.3103448275862,11.734317343173432,10.959409594095941
160,PSG,Paris Saint-Germain,fra.psg,12694,706686,1,75.1,9.0,0.0,0.0,1.0,4.0,1.0,10.0,5.0,0.5,0.0,0.0,785.0,842.0,0.9,4.0,14.0,0.3,37.0,26.0,0.7,1.0,11.0,18.0,0.6,4.0,26.0,26.0,2025-04-24 04:59:44,50.0,0.13315579227696406,0.06657789613848203,0.0014285714285714286,28.57142857142857,30.76923076923077,62.5,100.0,4.394299287410926,3.0878859857482186,70.27027027027027,11.211717709720373,10.452729693741679
160,PSG,Paris Saint-Germain,fra.psg,12694,706690,0,70.3,7.0,0.0,0.0,1.0,7.0,0.0,18.0,11.0,0.6,0.0,0.0,733.0,789.0,0.9,3.0,15.0,0.2,47.0,34.0,0.7,2.0,11.0,14.0,0.8,6.0,15.0,15.0,2025-04-20 15:46:12,61.111111111111114,0.25604551920341395,0.15647226173541964,0.0012,20.0,46.15384615384615,70.83333333333334,100.0,5.9569074778200255,4.309252217997465,72.3404255319149,11.223328591749645,10.42674253200569
160,PSG,Paris Saint-Germain,fra.psg,12694,706700,0,76.0,9.0,3.0,0.0,0.0,17.0,0.0,32.0,13.0,0.4,0.0,0.0,717.0,780.0,0.9,9.0,29.0,0.3,34.0,25.0,0.7,12.0,11.0,17.0,0.6,4.0,3.0,3.0,2025-04-27 04:56:35,40.625,0.42105263157894735,0.17105263157894737,0.0012413793103448277,31.03448275862069,30.76923076923077,62.5,100.0,4.358974358974359,3.205128205128205,73.52941176470588,10.263157894736842,9.43421052631579
160,PSG,Paris Saint-Germain,fra.psg,12694,706711,1,63.7,13.0,2.0,0.0,3.0,2.0,1.0,20.0,4.0,0.2,0.0,0.0,544.0,597.0,0.9,3.0,11.0,0.3,32.0,21.0,0.7,7.0,10.0,14.0,0.7,7.0,12.0,12.0,2025-05-05 05:00:05,20.0,0.3139717425431711,0.06279434850863422,0.0005454545454545455,27.27272727272727,35.0,56.666666666666664,100.0,5.360134003350084,3.5175879396984926,65.625,9.372056514913657,8.540031397174253
160,PSG,Paris Saint-Germain,fra.psg,12694,706714,1,69.5,11.0,1.0,0.0,0.0,4.0,3.0,10.0,8.0,0.8,1.0,1.0,638.0,683.0,0.9,0.0,7.0,0.0,29.0,21.0,0.7,1.0,14.0,22.0,0.6,9.0,11.0,11.0,2025-05-12 04:49:54,80.0,0.14388489208633093,0.11510791366906475,0.0,0.0,45.0,67.64705882352942,100.0,4.24597364568082,3.074670571010249,72.41379310344827,9.827338129496402,9.179856115107913
160,PSG,Paris Saint-Germain,fra.psg,12694,706724,0,66.6,10.0,1.0,0.0,1.0,5.0,1.0,21.0,9.0,0.4,0.0,1.0,602.0,660.0,0.9,9.0,20.0,0.5,42.0,29.0,0.7,2.0,7.0,10.0,0.7,7.0,10.0,10.0,2025-05-19 04:54:17,42.857142857142854,0.31531531531531537,0.13513513513513514,0.0018000000000000002,45.0,41.17647058823529,58.333333333333336,100.0,6.363636363636363,4.393939393939394,69.04761904761905,9.90990990990991,9.03903903903904
364,LIV,Liverpool,eng.liverpool,12282,707090,0,56.2,11.0,0.0,0.0,1.0,5.0,1.0,12.0,9.0,0.8,0.0,0.0,523.0,585.0,0.9,2.0,17.0,0.1,39.0,24.0,0.6,1.0,14.0,17.0,0.8,10.0,9.0,9.0,2024-08-12 08:16:05,75.0,0.21352313167259784,0.16014234875444838,0.0009411764705882353,11.76470588235294,47.61904761904761,68.57142857142857,100.0,6.666666666666667,4.102564102564102,61.53846153846154,10.409252669039146,9.306049822064056
359,ARS,Arsenal,eng.arsenal,12282,707619,0,44.1,5.0,0.0,0.0,0.0,4.0,1.0,9.0,6.0,0.7,0.0,0.0,354.0,421.0,0.8,1.0,9.0,0.1,48.0,22.0,0.5,2.0,9.0,13.0,0.7,7.0,7.0,7.0,2024-08-08 08:16:06,66.66666666666666,0.20408163265306123,0.13605442176870747,0.0007777777777777776,11.11111111111111,58.333333333333336,76.19047619047619,100.0,11.401425178147269,5.225653206650831,45.83333333333333,9.546485260770975,8.02721088435374
1068,ATM,Atlético Madrid,esp.atletico_madrid,12282,709741,1,58.1,17.0,0.0,0.0,1.0,3.0,1.0,20.0,13.0,0.7,0.0,0.0,479.0,536.0,0.9,3.0,16.0,0.2,31.0,18.0,0.6,3.0,12.0,17.0,0.7,9.0,6.0,6.0,2024-08-08 08:16:05,65.0,0.3442340791738382,0.22375215146299482,0.0013124999999999999,18.75,34.61538461538461,55.26315789473685,100.0,5.7835820895522385,3.3582089552238807,58.06451612903226,9.225473321858864,8.244406196213426
1068,ATM,Atlético Madrid,esp.atletico_madrid,12282,710984,0,43.4,9.0,2.0,0.0,0.0,3.0,1.0,11.0,7.0,0.6,1.0,1.0,439.0,489.0,0.9,0.0,10.0,0.0,44.0,29.0,0.7,0.0,11.0,13.0,0.8,10.0,13.0,13.0,2024-08-21 04:11:38,63.63636363636363,0.2534562211981567,0.16129032258064516,0.0,0.0,52.63157894736842,70.0,100.0,8.997955010224949,5.930470347648262,65.9090909090909,11.267281105990783,10.11520737327189
359,ARS,Arsenal,eng.arsenal,12282,711285,0,55.5,15.0,1.0,0.0,0.0,3.0,3.0,9.0,4.0,0.4,0.0,0.0,455.0,511.0,0.9,2.0,8.0,0.3,60.0,37.0,0.6,4.0,7.0,11.0,0.6,12.0,9.0,9.0,2024-07-26 10:41:53,44.44444444444444,0.16216216216216217,0.07207207207207207,0.001,25.0,44.44444444444444,55.88235294117647,100.0,11.741682974559687,7.240704500978473,61.66666666666667,9.207207207207206,8.198198198198199
124,DOR,Borussia Dortmund,ger.dortmund,12282,711417,1,65.9,9.0,0.0,0.0,1.0,8.0,1.0,15.0,5.0,0.3,0.0,0.0,628.0,690.0,0.9,6.0,19.0,0.3,35.0,25.0,0.7,8.0,7.0,12.0,0.6,3.0,5.0,5.0,2024-07-22 10:40:52,33.33333333333333,0.22761760242792106,0.07587253414264036,0.0009473684210526314,31.57894736842105,25.0,52.63157894736842,100.0,5.072463768115942,3.6231884057971016,71.42857142857143,10.47040971168437,9.529590288315628
1068,ATM,Atlético Madrid,esp.atletico_madrid,12282,711418,0,53.7,11.0,4.0,0.0,8.0,4.0,0.0,9.0,3.0,0.3,0.0,0.0,392.0,464.0,0.8,3.0,15.0,0.2,49.0,27.0,0.6,1.0,8.0,11.0,0.7,6.0,13.0,13.0,2024-07-28 10:42:33,33.33333333333333,0.16759776536312848,0.055865921787709494,0.0006,20.0,35.294117647058826,56.00000000000001,100.0,10.560344827586206,5.818965517241379,55.10204081632652,8.640595903165735,7.299813780260707
132,MUN,Bayern Munich,ger.bayern_munich,12747,711434,1,70.9,11.0,3.0,0.0,1.0,7.0,0.0,15.0,8.0,0.5,0.0,0.0,520.0,609.0,0.9,5.0,15.0,0.3,41.0,21.0,0.5,5.0,9.0,18.0,0.5,2.0,13.0,13.0,2024-08-26 04:21:05,53.333333333333336,0.21156558533145273,0.11283497884344146,0.0016666666666666666,33.33333333333333,15.384615384615385,50.0,100.0,6.732348111658457,3.4482758620689653,51.21951219512195,8.58956276445698,7.334273624823695
124,DOR,Borussia Dortmund,ger.dortmund,12747,711440,0,70.1,6.0,0.0,0.0,0.0,7.0,2.0,20.0,5.0,0.3,0.0,0.0,646.0,709.0,0.9,7.0,27.0,0.3,36.0,19.0,0.5,8.0,13.0,22.0,0.6,1.0,21.0,21.0,2024-08-26 04:18:57,25.0,0.28530670470756064,0.07132667617689016,0.0007777777777777776,25.925925925925924,14.285714285714285,70.0,100.0,5.077574047954866,2.6798307475317347,52.77777777777778,10.114122681883025,9.21540656205421
124,DOR,Borussia Dortmund,ger.dortmund,12747,711443,1,53.4,16.0,5.0,1.0,3.0,6.0,1.0,9.0,4.0,0.4,0.0,0.0,460.0,524.0,0.9,5.0,16.0,0.3,42.0,19.0,0.5,2.0,7.0,13.0,0.5,10.0,30.0,30.0,2024-09-01 04:22:05,44.44444444444444,0.16853932584269662,0.0749063670411985,0.00125,31.25,38.46153846153847,51.515151515151516,100.0,8.015267175572518,3.6259541984732824,45.23809523809524,9.812734082397004,8.614232209737828
132,MUN,Bayern Munich,ger.bayern_munich,12747,711449,0,66.6,13.0,1.0,0.0,1.0,2.0,3.0,12.0,3.0,0.3,1.0,1.0,629.0,704.0,0.9,2.0,13.0,0.2,40.0,28.0,0.7,6.0,9.0,14.0,0.6,6.0,20.0,20.0,2024-09-03 04:22:00,25.0,0.1801801801801802,0.04504504504504505,0.0004615384615384616,15.384615384615385,31.57894736842105,53.57142857142857,100.0,5.681818181818182,3.977272727272727,70.0,10.570570570570572,9.444444444444445
124,DOR,Borussia Dortmund,ger.dortmund,12747,711452,0,61.2,12.0,2.0,0.0,0.0,8.0,2.0,13.0,6.0,0.5,1.0,1.0,481.0,561.0,0.9,5.0,22.0,0.2,45.0,22.0,0.5,4.0,5.0,8.0,0.6,7.0,19.0,19.0,2024-09-15 04:16:54,46.15384615384615,0.21241830065359477,0.09803921568627451,0.0011363636363636363,22.727272727272727,36.84210526315789,50.0,100.0,8.02139037433155,3.9215686274509802,48.888888888888886,9.166666666666666,7.859477124183006
132,MUN,Bayern Munich,ger.bayern_munich,12747,711458,1,70.5,11.0,1.0,0.0,0.0,10.0,0.0,23.0,12.0,0.5,1.0,1.0,736.0,798.0,0.9,4.0,20.0,0.2,50.0,31.0,0.6,5.0,7.0,9.0,0.8,8.0,11.0,11.0,2024-09-16 04:15:45,52.17391304347826,0.3262411347517731,0.1702127659574468,0.001,20.0,42.10526315789473,57.692307692307686,100.0,6.265664160401002,3.8847117794486214,62.0,11.319148936170214,10.439716312056738
124,DOR,Borussia Dortmund,ger.dortmund,12747,711465,1,48.2,6.0,3.0,0.0,2.0,4.0,4.0,7.0,3.0,0.4,0.0,0.0,391.0,457.0,0.9,2.0,10.0,0.2,34.0,20.0,0.6,2.0,9.0,13.0,0.7,7.0,17.0,17.0,2024-10-14 06:59:34,42.857142857142854,0.14522821576763484,0.06224066390041493,0.0008000000000000001,20.0,53.84615384615385,72.72727272727273,100.0,7.439824945295405,4.3763676148796495,58.82352941176471,9.481327800829876,8.112033195020746
132,MUN,Bayern Munich,ger.bayern_munich,12747,711466,1,69.9,13.0,3.0,0.0,1.0,4.0,0.0,25.0,7.0,0.3,0.0,0.0,779.0,844.0,0.9,3.0,13.0,0.2,28.0,15.0,0.5,13.0,13.0,20.0,0.7,12.0,11.0,11.0,2024-10-14 06:59:34,28.000000000000004,0.35765379113018597,0.10014306151645207,0.0006923076923076924,23.076923076923077,48.0,65.78947368421053,100.0,3.3175355450236967,1.7772511848341233,53.57142857142857,12.074391988555078,11.144492131616595
124,DOR,Borussia Dortmund,ger.dortmund,12747,711469,0,66.2,12.0,2.0,0.0,2.0,11.0,3.0,23.0,8.0,0.3,1.0,1.0,492.0,556.0,0.9,4.0,25.0,0.2,57.0,41.0,0.7,7.0,6.0,10.0,0.6,9.0,7.0,7.0,2024-10-14 06:59:34,34.78260869565217,0.3474320241691843,0.12084592145015105,0.00048,16.0,42.857142857142854,55.55555555555556,100.0,10.251798561151078,7.374100719424461,71.9298245614035,8.398791540785497,7.43202416918429
132,MUN,Bayern Munich,ger.bayern_munich,12747,711471,0,69.3,11.0,1.0,0.0,0.0,6.0,1.0,18.0,3.0,0.2,0.0,0.0,644.0,714.0,0.9,3.0,17.0,0.2,38.0,19.0,0.5,4.0,8.0,15.0,0.5,12.0,2.0,2.0,2024-10-14 06:59:34,16.666666666666664,0.25974025974025977,0.043290043290043295,0.0003529411764705883,17.647058823529413,52.17391304347826,64.51612903225806,100.0,5.322128851540616,2.661064425770308,50.0,10.303030303030303,9.292929292929294
132,MUN,Bayern Munich,ger.bayern_munich,12747,711482,1,74.1,6.0,1.0,0.0,5.0,11.0,1.0,24.0,13.0,0.5,0.0,0.0,777.0,853.0,0.9,6.0,32.0,0.2,34.0,16.0,0.5,5.0,10.0,16.0,0.6,8.0,11.0,11.0,2024-10-14 06:59:34,54.166666666666664,0.32388663967611336,0.1754385964912281,0.0009375,18.75,57.14285714285714,75.0,100.0,3.985932004689332,1.875732708089097,47.05882352941176,11.511470985155196,10.48582995951417
124,DOR,Borussia Dortmund,ger.dortmund,12747,711484,1,67.5,17.0,4.0,0.0,0.0,3.0,3.0,8.0,4.0,0.5,0.0,0.0,494.0,593.0,0.8,5.0,19.0,0.3,71.0,32.0,0.5,1.0,8.0,15.0,0.5,6.0,16.0,16.0,2024-10-14 06:59:34,50.0,0.11851851851851852,0.05925925925925926,0.0013157894736842105,26.31578947368421,26.08695652173913,45.16129032258064,100.0,11.973018549747048,5.396290050590219,45.07042253521127,8.785185185185185,7.318518518518519
132,MUN,Bayern Munich,ger.bayern_munich,12747,711490,0,65.8,6.0,0.0,0.0,2.0,7.0,1.0,22.0,10.0,0.5,0.0,0.0,626.0,699.0,0.9,5.0,15.0,0.3,53.0,33.0,0.6,4.0,11.0,15.0,0.7,4.0,13.0,13.0,2024-10-21 05:12:06,45.45454545454545,0.3343465045592705,0.1519756838905775,0.0016666666666666666,33.33333333333333,40.0,71.42857142857143,100.0,7.582260371959943,4.721030042918455,62.264150943396224,10.623100303951368,9.513677811550153
124,DOR,Borussia Dortmund,ger.dortmund,12747,711492,0,75.3,8.0,2.0,0.0,1.0,7.0,2.0,20.0,7.0,0.4,0.0,0.0,712.0,767.0,0.9,10.0,30.0,0.3,48.0,30.0,0.6,4.0,11.0,16.0,0.7,6.0,15.0,15.0,2024-10-20 11:04:39,35.0,0.2656042496679947,0.09296148738379814,0.0013333333333333333,33.33333333333333,42.857142857142854,68.0,100.0,6.258148631029988,3.911342894393742,62.5,10.185922974767596,9.455511288180611
124,DOR,Borussia Dortmund,ger.dortmund,12747,711498,1,76.2,10.0,1.0,1.0,1.0,5.0,2.0,11.0,4.0,0.4,0.0,0.0,637.0,722.0,0.9,0.0,14.0,0.0,63.0,31.0,0.5,3.0,10.0,22.0,0.5,4.0,11.0,11.0,2024-10-28 05:17:50,36.36363636363637,0.1443569553805774,0.05249343832020997,0.0,0.0,28.57142857142857,58.333333333333336,100.0,8.725761772853186,4.293628808864266,49.2063492063492,9.4750656167979,8.359580052493438
132,MUN,Bayern Munich,ger.bayern_munich,12747,711499,1,72.5,6.0,1.0,0.0,3.0,6.0,1.0,19.0,10.0,0.5,0.0,0.0,669.0,742.0,0.9,4.0,16.0,0.3,36.0,21.0,0.6,2.0,8.0,9.0,0.9,4.0,28.0,28.0,2024-10-29 05:18:18,52.63157894736842,0.2620689655172414,0.13793103448275862,0.00125,25.0,40.0,66.66666666666666,100.0,4.8517520215633425,2.8301886792452833,58.333333333333336,10.23448275862069,9.227586206896552
124,DOR,Borussia Dortmund,ger.dortmund,12747,711505,0,55.9,11.0,3.0,0.0,2.0,4.0,1.0,20.0,7.0,0.4,0.0,0.0,427.0,517.0,0.8,5.0,19.0,0.3,59.0,26.0,0.4,8.0,11.0,20.0,0.6,7.0,10.0,10.0,2024-11-03 13:39:59,35.0,0.35778175313059035,0.12522361359570663,0.0010526315789473684,26.31578947368421,38.88888888888889,62.06896551724138,100.0,11.411992263056092,5.029013539651837,44.06779661016949,9.248658318425761,7.638640429338104
132,MUN,Bayern Munich,ger.bayern_munich,12747,711510,0,77.6,2.0,0.0,0.0,1.0,7.0,1.0,16.0,7.0,0.4,1.0,1.0,796.0,865.0,0.9,2.0,18.0,0.1,32.0,24.0,0.8,5.0,7.0,12.0,0.6,6.0,14.0,14.0,2024-11-04 22:44:58,43.75,0.2061855670103093,0.09020618556701032,0.00044444444444444447,11.11111111111111,75.0,86.66666666666667,100.0,3.6994219653179194,2.7745664739884393,75.0,11.146907216494846,10.257731958762887
124,DOR,Borussia Dortmund,ger.dortmund,12747,711519,1,47.6,5.0,1.0,1.0,0.0,0.0,6.0,2.0,1.0,0.5,1.0,1.0,359.0,442.0,0.8,4.0,16.0,0.3,57.0,23.0,0.4,0.0,11.0,15.0,0.7,11.0,19.0,19.0,2024-11-10 06:19:29,50.0,0.04201680672268907,0.021008403361344536,0.00125,25.0,68.75,81.48148148148148,100.0,12.895927601809957,5.203619909502263,40.35087719298245,9.285714285714285,7.542016806722689
132,MUN,Bayern Munich,ger.bayern_munich,12747,711521,1,75.0,7.0,2.0,0.0,2.0,10.0,0.0,13.0,6.0,0.5,0.0,0.0,741.0,826.0,0.9,4.0,17.0,0.2,40.0,30.0,0.8,3.0,12.0,17.0,0.7,10.0,15.0,15.0,2024-11-11 06:17:44,46.15384615384615,0.17333333333333334,0.08,0.001176470588235294,23.52941176470588,58.82352941176471,75.86206896551724,100.0,4.842615012106537,3.631961259079903,75.0,11.013333333333334,9.88
124,DOR,Borussia Dortmund,ger.dortmund,12747,711523,0,59.1,11.0,1.0,0.0,0.0,7.0,2.0,19.0,7.0,0.4,0.0,0.0,572.0,633.0,0.9,3.0,17.0,0.2,45.0,31.0,0.7,8.0,13.0,18.0,0.7,5.0,7.0,7.0,2024-11-25 16:08:11,36.84210526315789,0.32148900169204736,0.11844331641285956,0.0007058823529411766,17.647058823529413,31.25,62.06896551724138,100.0,7.109004739336493,4.897314375987362,68.88888888888889,10.710659898477157,9.678510998307953
132,MUN,Bayern Munich,ger.bayern_munich,12747,711526,0,79.9,9.0,0.0,0.0,1.0,8.0,2.0,33.0,14.0,0.4,2.0,2.0,812.0,881.0,0.9,5.0,26.0,0.2,28.0,23.0,0.8,7.0,9.0,17.0,0.5,5.0,3.0,3.0,2024-11-24 15:57:29,42.42424242424242,0.4130162703379224,0.17521902377972465,0.0007692307692307692,19.230769230769234,35.714285714285715,60.86956521739131,100.0,3.1782065834279227,2.6106696935300793,82.14285714285714,11.026282853566958,10.162703379224029
124,DOR,Borussia Dortmund,ger.dortmund,12747,711537,0,32.7,11.0,2.0,0.0,1.0,2.0,4.0,7.0,2.0,0.3,0.0,0.0,220.0,304.0,0.7,3.0,5.0,0.6,51.0,18.0,0.4,4.0,17.0,25.0,0.7,9.0,29.0,29.0,2024-12-02 05:58:43,28.57142857142857,0.21406727828746175,0.061162079510703356,0.0018,60.0,45.0,70.27027027027027,100.0,16.776315789473685,5.921052631578947,35.294117647058826,9.296636085626911,6.727828746177369
132,MUN,Bayern Munich,ger.bayern_munich,12747,711537,1,67.3,7.0,2.0,0.0,4.0,3.0,1.0,14.0,5.0,0.4,0.0,0.0,539.0,615.0,0.9,3.0,18.0,0.2,36.0,18.0,0.5,6.0,11.0,20.0,0.6,5.0,9.0,9.0,2024-12-02 05:58:43,35.714285714285715,0.20802377414561665,0.07429420505200594,0.0006666666666666666,16.666666666666664,41.66666666666667,69.56521739130434,100.0,5.853658536585367,2.9268292682926833,50.0,9.13818722139673,8.00891530460624
132,MUN,Bayern Munich,ger.bayern_munich,12747,711542,0,82.5,4.0,1.0,0.0,1.0,8.0,0.0,21.0,10.0,0.5,0.0,0.0,923.0,991.0,0.9,6.0,25.0,0.2,45.0,33.0,0.7,2.0,6.0,12.0,0.5,6.0,7.0,7.0,2024-12-10 05:55:59,47.61904761904761,0.2545454545454545,0.12121212121212122,0.0012,24.0,60.0,75.0,100.0,4.540867810292633,3.3299697275479314,73.33333333333333,12.012121212121212,11.187878787878788
124,DOR,Borussia Dortmund,ger.dortmund,12747,711547,1,60.4,11.0,2.0,0.0,1.0,4.0,2.0,16.0,3.0,0.2,0.0,0.0,462.0,529.0,0.9,6.0,26.0,0.2,42.0,24.0,0.6,5.0,11.0,17.0,0.6,5.0,16.0,16.0,2024-12-10 05:55:59,18.75,0.26490066225165565,0.049668874172185434,0.0004615384615384616,23.076923076923077,31.25,59.25925925925925,100.0,7.9395085066162565,4.536862003780719,57.14285714285714,8.758278145695364,7.6490066225165565
132,MUN,Bayern Munich,ger.bayern_munich,12747,711550,1,68.8,12.0,2.0,0.0,0.0,2.0,2.0,13.0,1.0,0.1,0.0,0.0,545.0,647.0,0.8,5.0,21.0,0.2,47.0,22.0,0.5,6.0,10.0,17.0,0.6,6.0,21.0,21.0,2024-12-16 05:54:42,7.6923076923076925,0.18895348837209303,0.014534883720930232,0.0002380952380952381,23.809523809523807,33.33333333333333,57.14285714285714,100.0,7.2642967542503865,3.400309119010819,46.808510638297875,9.404069767441861,7.921511627906977
124,DOR,Borussia Dortmund,ger.dortmund,12747,711551,0,53.8,9.0,5.0,0.0,1.0,3.0,0.0,6.0,2.0,0.3,0.0,0.0,376.0,445.0,0.8,1.0,14.0,0.1,52.0,36.0,0.7,1.0,5.0,11.0,0.5,6.0,34.0,34.0,2024-12-17 05:56:13,33.33333333333333,0.11152416356877325,0.03717472118959108,0.00021428571428571425,7.142857142857142,40.0,55.00000000000001,100.0,11.685393258426966,8.089887640449438,69.23076923076923,8.271375464684015,6.988847583643123
124,DOR,Borussia Dortmund,ger.dortmund,12747,711559,1,50.1,8.0,2.0,1.0,1.0,4.0,4.0,12.0,4.0,0.3,0.0,0.0,407.0,471.0,0.9,4.0,12.0,0.3,49.0,26.0,0.5,2.0,9.0,13.0,0.7,11.0,36.0,36.0,2024-12-23 05:53:33,33.33333333333333,0.23952095808383234,0.07984031936127745,0.001,33.33333333333333,57.89473684210527,71.42857142857143,100.0,10.40339702760085,5.520169851380043,53.06122448979592,9.401197604790418,8.12375249500998
132,MUN,Bayern Munich,ger.bayern_munich,12747,711565,0,70.8,9.0,5.0,0.0,2.0,8.0,0.0,22.0,9.0,0.4,0.0,0.0,645.0,712.0,0.9,8.0,18.0,0.4,33.0,23.0,0.7,5.0,11.0,17.0,0.6,6.0,7.0,7.0,2024-12-22 05:54:10,40.909090909090914,0.3107344632768362,0.1271186440677966,0.0017777777777777779,44.44444444444444,40.0,65.38461538461539,100.0,4.634831460674158,3.2303370786516856,69.6969696969697,10.056497175141244,9.110169491525424
124,DOR,Borussia Dortmund,ger.dortmund,12747,711572,0,70.0,8.0,1.0,0.0,2.0,6.0,3.0,12.0,5.0,0.4,1.0,1.0,628.0,694.0,0.9,5.0,18.0,0.3,43.0,24.0,0.6,4.0,6.0,11.0,0.5,8.0,10.0,10.0,2025-01-12 05:35:25,41.66666666666667,0.17142857142857143,0.07142857142857142,0.0011111111111111111,27.77777777777778,50.0,63.63636363636363,100.0,6.195965417867435,3.45821325648415,55.81395348837209,9.914285714285715,8.971428571428572
132,MUN,Bayern Munich,ger.bayern_munich,12747,711573,1,67.2,7.0,1.0,0.0,1.0,10.0,0.0,23.0,10.0,0.4,1.0,1.0,585.0,656.0,0.9,8.0,36.0,0.2,36.0,22.0,0.6,8.0,11.0,13.0,0.8,12.0,9.0,9.0,2025-01-13 05:34:22,43.47826086956522,0.34226190476190477,0.1488095238095238,0.0008888888888888889,22.22222222222222,63.1578947368421,76.66666666666667,100.0,5.487804878048781,3.353658536585366,61.111111111111114,9.761904761904761,8.705357142857142
132,MUN,Bayern Munich,ger.bayern_munich,12747,711581,0,64.5,8.0,1.0,0.0,2.0,13.0,2.0,25.0,10.0,0.4,1.0,1.0,673.0,746.0,0.9,8.0,24.0,0.3,57.0,49.0,0.9,11.0,5.0,12.0,0.4,9.0,7.0,7.0,2025-01-17 05:55:41,40.0,0.3875968992248062,0.15503875968992248,0.0013333333333333333,33.33333333333333,52.94117647058824,63.63636363636363,100.0,7.640750670241286,6.568364611260054,85.96491228070175,11.565891472868216,10.434108527131784
124,DOR,Borussia Dortmund,ger.dortmund,12747,711584,1,75.3,11.0,2.0,0.0,2.0,9.0,3.0,16.0,4.0,0.3,0.0,0.0,552.0,611.0,0.9,7.0,42.0,0.2,23.0,15.0,0.7,7.0,2.0,8.0,0.3,4.0,11.0,11.0,2025-01-16 05:38:59,25.0,0.21248339973439576,0.05312084993359894,0.0005,16.666666666666664,26.666666666666668,35.294117647058826,100.0,3.764320785597381,2.454991816693944,65.21739130434783,8.114209827357238,7.330677290836654
132,MUN,Bayern Munich,ger.bayern_munich,12747,711588,0,72.1,10.0,2.0,0.0,0.0,6.0,1.0,25.0,10.0,0.4,0.0,0.0,632.0,691.0,0.9,9.0,21.0,0.4,49.0,32.0,0.7,3.0,6.0,12.0,0.5,3.0,8.0,8.0,2025-01-20 14:35:18,40.0,0.34674063800277394,0.1386962552011096,0.0017142857142857142,42.857142857142854,23.076923076923077,47.368421052631575,100.0,7.091172214182344,4.630969609261939,65.3061224489796,9.583911234396671,8.765603328710126
124,DOR,Borussia Dortmund,ger.dortmund,12747,711589,1,67.6,6.0,2.0,0.0,0.0,7.0,3.0,12.0,3.0,0.3,0.0,0.0,632.0,705.0,0.9,5.0,36.0,0.1,53.0,34.0,0.6,5.0,12.0,17.0,0.7,7.0,11.0,11.0,2025-01-19 05:36:40,25.0,0.1775147928994083,0.044378698224852076,0.00041666666666666664,13.88888888888889,53.84615384615385,76.0,100.0,7.5177304964539005,4.822695035460993,64.15094339622641,10.428994082840237,9.349112426035504
124,DOR,Borussia Dortmund,ger.dortmund,12747,711596,0,45.8,11.0,1.0,1.0,4.0,5.0,2.0,8.0,4.0,0.5,0.0,0.0,305.0,390.0,0.8,2.0,11.0,0.2,58.0,17.0,0.3,4.0,9.0,14.0,0.6,9.0,25.0,25.0,2025-01-26 05:40:34,50.0,0.17467248908296945,0.08733624454148473,0.0009090909090909091,18.181818181818183,45.0,62.06896551724138,100.0,14.871794871794872,4.358974358974359,29.310344827586203,8.51528384279476,6.65938864628821
132,MUN,Bayern Munich,ger.bayern_munich,12747,711600,1,65.2,9.0,2.0,0.0,1.0,4.0,1.0,7.0,3.0,0.4,0.0,0.0,581.0,642.0,0.9,2.0,16.0,0.1,52.0,33.0,0.6,1.0,12.0,18.0,0.7,8.0,13.0,13.0,2025-01-26 05:40:34,42.857142857142854,0.10736196319018404,0.046012269938650305,0.0005,12.5,47.05882352941176,68.96551724137932,100.0,8.09968847352025,5.14018691588785,63.46153846153846,9.846625766871165,8.911042944785276
124,DOR,Borussia Dortmund,ger.dortmund,12747,711606,1,64.1,9.0,4.0,0.0,1.0,5.0,4.0,16.0,5.0,0.3,0.0,0.0,527.0,602.0,0.9,8.0,16.0,0.5,56.0,27.0,0.5,6.0,10.0,15.0,0.7,7.0,27.0,27.0,2025-02-02 14:50:29,31.25,0.24960998439937598,0.078003120124805,0.0015,50.0,43.75,65.38461538461539,100.0,9.30232558139535,4.485049833887043,48.214285714285715,9.391575663026522,8.221528861154447
132,MUN,Bayern Munich,ger.bayern_munich,12747,711607,0,71.3,7.0,1.0,0.0,2.0,12.0,2.0,29.0,12.0,0.4,0.0,0.0,686.0,743.0,0.9,9.0,20.0,0.5,45.0,33.0,0.7,8.0,7.0,10.0,0.7,3.0,6.0,6.0,2025-02-02 14:50:29,41.37931034482759,0.4067321178120617,0.16830294530154277,0.0018000000000000002,45.0,30.0,58.82352941176471,100.0,6.056527590847914,4.441453566621804,73.33333333333333,10.420757363253857,9.62131837307153
124,DOR,Borussia Dortmund,ger.dortmund,12747,711613,0,68.3,13.0,3.0,1.0,1.0,9.0,1.0,16.0,5.0,0.3,0.0,0.0,513.0,579.0,0.9,5.0,27.0,0.2,49.0,22.0,0.4,4.0,8.0,9.0,0.9,3.0,15.0,15.0,2025-02-09 05:50:16,31.25,0.2342606149341142,0.07320644216691069,0.0005555555555555556,18.51851851851852,18.75,45.83333333333333,100.0,8.46286701208981,3.7996545768566494,44.89795918367347,8.477306002928257,7.510980966325037
132,MUN,Bayern Munich,ger.bayern_munich,12747,711615,0,74.8,9.0,1.0,0.0,3.0,5.0,0.0,21.0,12.0,0.6,2.0,2.0,858.0,915.0,0.9,5.0,16.0,0.3,47.0,33.0,0.7,2.0,4.0,15.0,0.3,6.0,4.0,4.0,2025-02-08 05:57:04,57.14285714285714,0.2807486631016043,0.16042780748663102,0.001875,31.25,40.0,52.63157894736842,100.0,5.136612021857923,3.606557377049181,70.2127659574468,12.232620320855615,11.470588235294118
124,DOR,Borussia Dortmund,ger.dortmund,12747,711621,1,69.2,4.0,0.0,0.0,1.0,8.0,7.0,17.0,2.0,0.1,0.0,0.0,575.0,666.0,0.9,8.0,34.0,0.2,48.0,31.0,0.6,8.0,9.0,14.0,0.6,3.0,14.0,14.0,2025-02-18 05:50:43,11.76470588235294,0.24566473988439305,0.028901734104046242,0.00023529411764705883,23.52941176470588,42.857142857142854,75.0,100.0,7.207207207207207,4.654654654654655,64.58333333333334,9.624277456647398,8.309248554913294
132,MUN,Bayern Munich,ger.bayern_munich,12747,711624,1,44.0,13.0,3.0,0.0,3.0,0.0,2.0,2.0,0.0,0.0,0.0,0.0,349.0,439.0,0.8,1.0,2.0,0.5,55.0,24.0,0.4,1.0,13.0,23.0,0.6,12.0,37.0,37.0,2025-02-16 05:49:53,0.0,0.045454545454545456,0.0,0.0,50.0,48.0,65.78947368421053,100.0,12.52847380410023,5.466970387243736,43.63636363636363,9.977272727272727,7.931818181818182
124,DOR,Borussia Dortmund,ger.dortmund,12747,711631,0,64.5,10.0,2.0,0.0,0.0,5.0,2.0,24.0,8.0,0.3,0.0,0.0,501.0,581.0,0.9,9.0,25.0,0.4,52.0,24.0,0.5,5.0,7.0,15.0,0.5,10.0,15.0,15.0,2025-02-23 05:50:57,33.33333333333333,0.37209302325581395,0.12403100775193798,0.00108,36.0,50.0,62.96296296296296,100.0,8.950086058519794,4.130808950086059,46.15384615384615,9.007751937984496,7.767441860465116
132,MUN,Bayern Munich,ger.bayern_munich,12747,711633,0,63.5,8.0,1.0,0.0,1.0,4.0,2.0,19.0,12.0,0.6,0.0,0.0,696.0,775.0,0.9,2.0,11.0,0.2,51.0,34.0,0.7,4.0,11.0,20.0,0.6,9.0,9.0,9.0,2025-02-25 05:51:14,63.1578947368421,0.2992125984251969,0.1889763779527559,0.001090909090909091,18.181818181818183,52.94117647058824,71.42857142857143,100.0,6.580645161290323,4.387096774193548,66.66666666666666,12.204724409448819,10.960629921259843
132,MUN,Bayern Munich,ger.bayern_munich,12747,711639,1,47.2,13.0,3.0,0.0,2.0,6.0,2.0,17.0,8.0,0.5,0.0,0.0,371.0,432.0,0.9,2.0,9.0,0.2,39.0,17.0,0.4,4.0,12.0,18.0,0.7,7.0,31.0,31.0,2025-03-02 05:50:45,47.05882352941176,0.3601694915254237,0.1694915254237288,0.0011111111111111111,22.22222222222222,35.0,59.375,100.0,9.027777777777777,3.935185185185185,43.58974358974359,9.152542372881355,7.860169491525423
124,DOR,Borussia Dortmund,ger.dortmund,12747,711642,1,56.7,13.0,2.0,0.0,2.0,1.0,1.0,14.0,3.0,0.2,0.0,0.0,463.0,549.0,0.8,0.0,9.0,0.0,64.0,32.0,0.5,5.0,13.0,21.0,0.6,8.0,39.0,39.0,2025-03-02 05:50:45,21.428571428571427,0.24691358024691357,0.05291005291005291,0.0,0.0,38.095238095238095,61.76470588235294,100.0,11.657559198542804,5.828779599271402,50.0,9.682539682539682,8.165784832451498
132,MUN,Bayern Munich,ger.bayern_munich,12747,711651,0,73.8,7.0,0.0,1.0,3.0,9.0,2.0,14.0,5.0,0.4,0.0,1.0,659.0,726.0,0.9,6.0,19.0,0.3,34.0,27.0,0.8,2.0,6.0,20.0,0.3,7.0,17.0,17.0,2025-03-09 05:48:56,35.714285714285715,0.1897018970189702,0.06775067750677508,0.0012631578947368421,31.57894736842105,50.0,65.0,100.0,4.683195592286501,3.71900826446281,79.41176470588235,9.83739837398374,8.929539295392955
124,DOR,Borussia Dortmund,ger.dortmund,12747,711654,0,71.8,6.0,1.0,0.0,4.0,12.0,0.0,15.0,1.0,0.1,0.0,0.0,502.0,584.0,0.9,9.0,49.0,0.2,40.0,21.0,0.5,6.0,15.0,21.0,0.7,4.0,7.0,7.0,2025-03-11 04:49:22,6.666666666666667,0.20891364902506965,0.01392757660167131,0.00018367346938775512,18.367346938775512,40.0,76.0,100.0,6.8493150684931505,3.595890410958904,52.5,8.133704735376044,6.991643454038997
132,MUN,Bayern Munich,ger.bayern_munich,12747,711658,1,80.0,8.0,2.0,0.0,1.0,14.0,3.0,18.0,4.0,0.2,0.0,0.0,661.0,741.0,0.9,2.0,37.0,0.1,35.0,20.0,0.6,7.0,7.0,12.0,0.6,6.0,21.0,21.0,2025-03-17 04:47:52,22.22222222222222,0.225,0.05,0.00010810810810810812,5.405405405405405,42.857142857142854,61.904761904761905,100.0,4.723346828609987,2.699055330634278,57.14285714285714,9.2625,8.2625
124,DOR,Borussia Dortmund,ger.dortmund,12747,711662,1,66.5,10.0,3.0,0.0,1.0,12.0,3.0,25.0,9.0,0.4,0.0,0.0,494.0,593.0,0.8,11.0,38.0,0.3,57.0,28.0,0.5,7.0,6.0,11.0,0.5,7.0,23.0,23.0,2025-03-17 04:47:52,36.0,0.37593984962406013,0.13533834586466165,0.0011578947368421054,28.947368421052634,41.17647058823529,56.52173913043478,100.0,9.612141652613827,4.721753794266442,49.122807017543856,8.917293233082706,7.428571428571429
124,DOR,Borussia Dortmund,ger.dortmund,12747,711673,0,44.1,10.0,2.0,0.0,2.0,6.0,1.0,18.0,7.0,0.4,0.0,0.0,315.0,421.0,0.7,6.0,15.0,0.4,68.0,25.0,0.4,6.0,15.0,25.0,0.6,12.0,28.0,28.0,2025-04-01 04:55:30,38.88888888888889,0.40816326530612246,0.15873015873015872,0.0016000000000000003,40.0,54.54545454545454,72.97297297297297,100.0,16.152019002375297,5.938242280285035,36.76470588235294,9.546485260770975,7.142857142857142
132,MUN,Bayern Munich,ger.bayern_munich,12747,711674,0,65.5,13.0,3.0,0.0,2.0,5.0,2.0,19.0,9.0,0.5,0.0,0.0,625.0,699.0,0.9,3.0,11.0,0.3,47.0,25.0,0.5,5.0,11.0,16.0,0.7,4.0,20.0,20.0,2025-03-30 17:16:54,47.368421052631575,0.2900763358778626,0.13740458015267176,0.0013636363636363635,27.27272727272727,23.52941176470588,53.57142857142857,100.0,6.723891273247497,3.5765379113018603,53.191489361702125,10.67175572519084,9.541984732824428
124,DOR,Borussia Dortmund,ger.dortmund,12747,711676,1,46.2,6.0,0.0,0.0,1.0,4.0,1.0,18.0,7.0,0.4,0.0,0.0,333.0,412.0,0.8,5.0,12.0,0.4,66.0,22.0,0.3,9.0,10.0,17.0,0.6,7.0,33.0,33.0,2025-04-06 04:54:38,38.88888888888889,0.3896103896103896,0.15151515151515152,0.0016666666666666668,41.66666666666667,53.84615384615385,73.91304347826086,100.0,16.019417475728158,5.339805825242718,33.33333333333333,8.917748917748916,7.207792207792207
132,MUN,Bayern Munich,ger.bayern_munich,12747,711683,1,69.9,8.0,0.0,0.0,2.0,4.0,2.0,19.0,7.0,0.4,0.0,0.0,607.0,681.0,0.9,6.0,16.0,0.4,55.0,33.0,0.6,4.0,11.0,16.0,0.7,9.0,12.0,12.0,2025-04-06 04:54:38,36.84210526315789,0.2718168812589413,0.10014306151645207,0.0015000000000000002,37.5,52.94117647058824,71.42857142857143,100.0,8.076358296622614,4.845814977973569,60.0,9.742489270386265,8.683834048640914
132,MUN,Bayern Munich,ger.bayern_munich,12747,711688,0,62.2,8.0,0.0,0.0,2.0,6.0,1.0,28.0,11.0,0.4,0.0,0.0,568.0,641.0,0.9,6.0,22.0,0.3,43.0,24.0,0.6,7.0,7.0,9.0,0.8,14.0,22.0,22.0,2025-04-13 05:20:15,39.285714285714285,0.45016077170418006,0.17684887459807072,0.001090909090909091,27.27272727272727,63.63636363636363,72.41379310344827,100.0,6.708268330733229,3.74414976599064,55.81395348837209,10.305466237942122,9.131832797427652
124,DOR,Borussia Dortmund,ger.dortmund,12747,711688,1,37.8,5.0,0.0,0.0,2.0,5.0,9.0,11.0,3.0,0.3,0.0,0.0,290.0,384.0,0.8,3.0,14.0,0.2,59.0,19.0,0.3,5.0,7.0,14.0,0.5,11.0,30.0,30.0,2025-04-13 05:20:15,27.27272727272727,0.29100529100529104,0.07936507936507937,0.0006428571428571428,21.428571428571427,68.75,78.26086956521739,100.0,15.364583333333334,4.947916666666666,32.20338983050847,10.15873015873016,7.6719576719576725
132,MUN,Bayern Munich,ger.bayern_munich,12747,711693,1,68.4,11.0,1.0,0.0,3.0,4.0,1.0,18.0,11.0,0.6,0.0,0.0,711.0,768.0,0.9,1.0,10.0,0.1,31.0,18.0,0.6,4.0,6.0,11.0,0.5,2.0,16.0,16.0,2025-04-20 15:46:12,61.111111111111114,0.2631578947368421,0.1608187134502924,0.0006,10.0,15.384615384615385,42.10526315789473,100.0,4.036458333333334,2.34375,58.06451612903226,11.228070175438596,10.394736842105262
124,DOR,Borussia Dortmund,ger.dortmund,12747,711700,0,59.5,13.0,1.0,0.0,2.0,6.0,1.0,14.0,6.0,0.4,0.0,0.0,461.0,561.0,0.8,5.0,22.0,0.2,54.0,26.0,0.5,5.0,8.0,13.0,0.6,9.0,22.0,22.0,2025-04-22 04:56:43,42.857142857142854,0.23529411764705882,0.10084033613445378,0.0009090909090909091,22.727272727272727,40.909090909090914,56.666666666666664,100.0,9.62566844919786,4.634581105169341,48.148148148148145,9.428571428571429,7.7478991596638656
124,DOR,Borussia Dortmund,ger.dortmund,12747,711705,1,62.4,9.0,1.0,0.0,0.0,5.0,1.0,16.0,8.0,0.5,0.0,1.0,541.0,622.0,0.9,2.0,14.0,0.1,45.0,19.0,0.4,4.0,9.0,15.0,0.6,8.0,18.0,18.0,2025-04-28 04:54:05,50.0,0.25641025641025644,0.12820512820512822,0.0007142857142857143,14.285714285714285,47.05882352941176,65.38461538461539,100.0,7.234726688102894,3.054662379421222,42.22222222222222,9.967948717948719,8.669871794871796
132,MUN,Bayern Munich,ger.bayern_munich,12747,711708,0,59.0,13.0,2.0,0.0,1.0,4.0,3.0,14.0,6.0,0.4,0.0,0.0,520.0,577.0,0.9,2.0,10.0,0.2,48.0,25.0,0.5,4.0,8.0,12.0,0.7,7.0,24.0,24.0,2025-04-27 04:56:35,42.857142857142854,0.23728813559322035,0.1016949152542373,0.0008000000000000001,20.0,35.0,53.57142857142857,100.0,8.31889081455806,4.332755632582322,52.083333333333336,9.779661016949152,8.813559322033898
124,DOR,Borussia Dortmund,ger.dortmund,12747,711711,0,54.9,13.0,0.0,0.0,1.0,4.0,2.0,11.0,5.0,0.5,0.0,0.0,459.0,527.0,0.9,4.0,15.0,0.3,35.0,21.0,0.6,3.0,9.0,15.0,0.6,11.0,22.0,22.0,2025-05-05 05:00:05,45.45454545454545,0.20036429872495448,0.09107468123861567,0.0013333333333333333,26.666666666666668,45.83333333333333,60.60606060606061,100.0,6.641366223908918,3.984819734345351,60.0,9.599271402550091,8.360655737704919
132,MUN,Bayern Munich,ger.bayern_munich,12747,711718,1,62.3,6.0,1.0,0.0,2.0,7.0,3.0,20.0,6.0,0.3,0.0,0.0,515.0,599.0,0.9,6.0,16.0,0.4,59.0,38.0,0.6,7.0,7.0,15.0,0.5,5.0,27.0,27.0,2025-05-05 05:00:05,30.0,0.32102728731942215,0.09630818619582665,0.001125,37.5,45.45454545454545,66.66666666666666,100.0,9.84974958263773,6.3439065108514185,64.40677966101694,9.614767255216695,8.26645264847512
132,MUN,Bayern Munich,ger.bayern_munich,12747,711720,0,62.9,3.0,1.0,0.0,1.0,4.0,7.0,24.0,9.0,0.4,0.0,0.0,613.0,677.0,0.9,4.0,16.0,0.3,44.0,36.0,0.8,10.0,8.0,11.0,0.7,5.0,16.0,16.0,2025-05-12 04:49:54,37.5,0.3815580286168522,0.14308426073131955,0.001,25.0,62.5,81.25,100.0,6.499261447562777,5.317577548005908,81.81818181818183,10.763116057233704,9.745627980922098
124,DOR,Borussia Dortmund,ger.dortmund,12747,711722,1,37.9,8.0,2.0,0.0,1.0,0.0,8.0,9.0,5.0,0.6,0.0,0.0,304.0,385.0,0.8,0.0,4.0,0.0,53.0,17.0,0.3,2.0,12.0,16.0,0.8,10.0,37.0,37.0,2025-05-12 04:49:54,55.55555555555556,0.237467018469657,0.13192612137203166,0.0,0.0,55.55555555555556,73.33333333333333,100.0,13.766233766233766,4.415584415584416,32.075471698113205,10.158311345646439,8.021108179419526
124,DOR,Borussia Dortmund,ger.dortmund,12747,711732,0,73.7,12.0,3.0,0.0,1.0,7.0,2.0,19.0,6.0,0.3,1.0,1.0,647.0,696.0,0.9,5.0,25.0,0.2,32.0,21.0,0.7,3.0,6.0,14.0,0.4,7.0,17.0,17.0,2025-05-18 04:51:43,31.57894736842105,0.25780189959294436,0.08141112618724558,0.0006,20.0,36.84210526315789,52.0,100.0,4.597701149425287,3.0172413793103448,65.625,9.443690637720488,8.778833107191316
132,MUN,Bayern Munich,ger.bayern_munich,12747,711737,1,66.9,7.0,0.0,0.0,0.0,4.0,2.0,14.0,5.0,0.4,0.0,0.0,638.0,706.0,0.9,0.0,16.0,0.0,39.0,24.0,0.6,2.0,7.0,15.0,0.5,4.0,17.0,17.0,2025-05-18 04:51:43,35.714285714285715,0.2092675635276532,0.07473841554559042,0.0,0.0,36.36363636363637,61.111111111111114,100.0,5.524079320113314,3.39943342776204,61.53846153846154,10.553064275037368,9.536621823617338
86,RMA,Real Madrid,esp.real_madrid,12753,712532,0,64.8,12.0,4.0,0.0,0.0,6.0,0.0,28.0,11.0,0.4,0.0,0.0,539.5,601.5,0.9,0.0,0.0,0.0,44.0,26.0,0.6,8.0,10.0,0.0,0.6,8.0,14.0,14.0,2025-01-11 05:43:04,39.285714285714285,0.4320987654320988,0.1697530864197531,0.0,0.0,40.0,60.0,100.0,7.315045719035744,4.322527015793849,59.09090909090909,9.282407407407408,8.325617283950617
83,BAR,Barcelona,esp.barcelona,12753,712533,1,56.3,8.0,0.0,0.0,0.0,2.0,5.0,14.0,8.0,0.6,0.0,0.0,574.0,639.5,0.9,0.0,0.0,0.0,38.0,21.0,0.6,2.0,10.0,0.0,0.6499999999999999,6.0,15.0,15.0,2025-01-10 05:36:39,57.14285714285714,0.24866785079928952,0.14209591474245117,0.0,0.0,42.857142857142854,66.66666666666666,100.0,5.942142298670837,3.2838154808444098,55.26315789473685,11.35879218472469,10.19538188277087
86,RMA,Real Madrid,esp.real_madrid,12752,712534,0,48.8,14.0,5.0,0.0,0.0,9.0,3.0,19.0,6.0,0.3,0.0,0.0,539.5,601.5,0.9,0.0,0.0,0.0,44.0,26.0,0.6,6.0,10.0,0.0,0.6,8.0,14.0,14.0,2025-01-13 05:34:22,31.57894736842105,0.389344262295082,0.12295081967213116,0.0,0.0,36.36363636363637,56.25,100.0,7.315045719035744,4.322527015793849,59.09090909090909,12.325819672131148,11.05532786885246
83,BAR,Barcelona,esp.barcelona,12752,712534,1,51.2,13.0,4.0,1.0,0.0,5.0,5.0,14.0,8.0,0.6,1.0,1.0,574.0,639.5,0.9,0.0,0.0,0.0,38.0,21.0,0.6,3.0,10.0,0.0,0.6499999999999999,6.0,15.0,15.0,2025-01-13 05:34:22,57.14285714285714,0.2734375,0.15625,0.0,0.0,31.57894736842105,55.172413793103445,100.0,5.942142298670837,3.2838154808444098,55.26315789473685,12.490234375,11.2109375
363,CHE,Chelsea,eng.chelsea,12282,712571,0,54.1,14.0,2.0,0.0,1.0,5.0,2.0,21.0,7.0,0.3,0.0,0.0,432.0,476.0,0.9,5.0,20.0,0.3,34.0,22.0,0.6,6.0,4.0,8.0,0.5,8.0,4.0,4.0,2024-08-12 08:16:06,33.33333333333333,0.38817005545286504,0.12939001848428835,0.00075,25.0,36.36363636363637,46.15384615384615,100.0,7.142857142857142,4.621848739495799,64.70588235294117,8.798521256931608,7.985212569316081
83,BAR,Barcelona,esp.barcelona,12813,715386,0,59.9,13.0,0.0,0.0,0.0,6.0,1.0,12.0,2.0,0.2,0.0,0.0,574.0,639.5,0.9,0.0,0.0,0.0,38.0,21.0,0.6,5.0,10.0,0.0,0.6499999999999999,6.0,15.0,15.0,2024-08-13 08:15:04,16.666666666666664,0.2003338898163606,0.0333889816360601,0.0,0.0,31.57894736842105,55.172413793103445,100.0,5.942142298670837,3.2838154808444098,55.26315789473685,10.676126878130217,9.58263772954925
160,PSG,Paris Saint-Germain,fra.psg,12282,715537,1,65.3,11.0,0.0,0.0,0.0,8.0,3.0,9.0,6.0,0.7,0.0,0.0,601.0,661.0,0.9,4.0,13.0,0.3,35.0,17.0,0.5,1.0,7.0,12.0,0.6,5.0,15.0,15.0,2024-08-08 08:16:05,66.66666666666666,0.13782542113323124,0.09188361408882083,0.0021538461538461538,30.76923076923077,31.25,52.17391304347826,100.0,5.29500756429652,2.5718608169440245,48.57142857142857,10.122511485451762,9.203675344563553
160,PSG,Paris Saint-Germain,fra.psg,12282,715538,1,63.6,6.0,1.0,0.0,2.0,3.0,2.0,11.0,2.0,0.2,0.0,0.0,613.0,673.0,0.9,1.0,9.0,0.1,35.0,18.0,0.5,4.0,6.0,13.0,0.5,7.0,5.0,5.0,2024-08-11 08:15:15,18.181818181818183,0.17295597484276728,0.031446540880503145,0.00022222222222222223,11.11111111111111,53.84615384615385,68.42105263157895,100.0,5.200594353640416,2.674591381872214,51.42857142857142,10.581761006289309,9.638364779874214
1068,ATM,Atlético Madrid,esp.atletico_madrid,12282,716815,1,51.0,15.0,1.0,0.0,5.0,1.0,0.0,8.0,4.0,0.5,0.0,0.0,377.0,450.0,0.8,3.0,7.0,0.4,44.0,17.0,0.4,1.0,12.0,17.0,0.7,5.0,9.0,9.0,2024-08-04 08:14:28,50.0,0.1568627450980392,0.0784313725490196,0.0021428571428571425,42.857142857142854,25.0,53.125,100.0,9.777777777777779,3.7777777777777777,38.63636363636363,8.823529411764707,7.392156862745098
132,MUN,Bayern Munich,ger.bayern_munich,12282,716830,0,68.8,8.0,0.0,0.0,1.0,6.0,1.0,13.0,6.0,0.5,0.0,0.0,686.0,762.0,0.9,3.0,11.0,0.3,57.0,34.0,0.6,2.0,9.0,16.0,0.6,11.0,5.0,5.0,2024-08-14 08:16:22,46.15384615384615,0.18895348837209303,0.0872093023255814,0.0013636363636363635,27.27272727272727,57.89473684210527,71.42857142857143,100.0,7.480314960629922,4.4619422572178475,59.64912280701754,11.075581395348838,9.97093023255814
132,MUN,Bayern Munich,ger.bayern_munich,12282,717407,1,81.2,3.0,0.0,0.0,1.0,25.0,0.0,80.0,38.0,0.5,0.0,0.0,716.0,795.0,0.9,26.0,46.0,0.6,25.0,20.0,0.8,16.0,14.0,22.0,0.6,6.0,1.0,1.0,2024-07-30 06:40:35,47.5,0.9852216748768473,0.46798029556650245,0.0028260869565217388,56.52173913043478,66.66666666666666,86.95652173913044,100.0,3.1446540880503147,2.515723270440252,80.0,9.790640394088669,8.817733990147783
364,LIV,Liverpool,eng.liverpool,12282,718515,0,60.7,6.0,1.0,0.0,2.0,2.0,3.0,16.0,6.0,0.4,0.0,0.0,595.0,644.0,0.9,3.0,10.0,0.3,35.0,21.0,0.6,5.0,6.0,11.0,0.5,5.0,7.0,7.0,2024-08-12 08:16:07,37.5,0.26359143327841844,0.09884678747940691,0.0012,30.0,45.45454545454545,64.70588235294117,100.0,5.434782608695652,3.260869565217391,60.0,10.609555189456342,9.802306425041186
132,MUN,Bayern Munich,ger.bayern_munich,12282,718821,0,73.9,8.0,0.0,0.0,2.0,11.0,1.0,25.0,10.0,0.4,0.0,0.0,667.0,726.0,0.9,6.0,24.0,0.3,53.0,38.0,0.7,8.0,13.0,16.0,0.8,8.0,5.0,5.0,2024-08-21 04:21:03,40.0,0.3382949932341001,0.13531799729364005,0.001,25.0,50.0,72.41379310344827,100.0,7.300275482093664,5.234159779614325,71.69811320754717,9.824086603518268,9.02571041948579
382,MNC,Manchester City,eng.man_city,12731,720268,0,72.4,5.0,0.0,0.0,1.0,10.0,0.0,24.0,8.0,0.3,0.0,0.0,692.0,754.0,0.9,3.0,17.0,0.2,34.0,20.0,0.6,10.0,14.0,21.0,0.7,3.0,11.0,11.0,2024-10-14 06:59:34,33.33333333333333,0.3314917127071823,0.11049723756906077,0.0005294117647058823,17.647058823529413,37.5,77.27272727272727,100.0,4.509283819628647,2.6525198938992043,58.82352941176471,10.414364640883978,9.558011049723756
364,LIV,Liverpool,eng.liverpool,12731,720274,0,61.1,13.0,1.0,0.0,3.0,5.0,3.0,21.0,11.0,0.5,0.0,0.0,487.0,534.0,0.9,3.0,18.0,0.2,43.0,26.0,0.6,2.0,9.0,17.0,0.5,11.0,17.0,17.0,2024-10-14 06:59:34,52.38095238095239,0.3436988543371522,0.18003273322422259,0.0008333333333333333,16.666666666666664,45.83333333333333,60.60606060606061,100.0,8.05243445692884,4.868913857677903,60.46511627906976,8.739770867430442,7.970540098199672
363,CHE,Chelsea,eng.chelsea,12731,720277,0,71.2,14.0,1.0,0.0,1.0,8.0,1.0,20.0,10.0,0.5,0.0,0.0,552.0,613.0,0.9,5.0,12.0,0.4,28.0,16.0,0.6,2.0,10.0,17.0,0.6,10.0,17.0,17.0,2024-10-14 06:59:34,50.0,0.28089887640449435,0.14044943820224717,0.0020833333333333333,41.66666666666667,41.66666666666667,58.82352941176471,100.0,4.567699836867863,2.6101141924959217,57.14285714285714,8.609550561797752,7.752808988764045
359,ARS,Arsenal,eng.arsenal,12731,720281,0,76.8,5.0,1.0,0.0,1.0,10.0,0.0,21.0,8.0,0.4,0.0,0.0,576.0,642.0,0.9,2.0,16.0,0.1,36.0,24.0,0.7,7.0,5.0,11.0,0.5,5.0,9.0,9.0,2024-10-14 06:59:34,38.095238095238095,0.2734375,0.10416666666666667,0.0005,12.5,50.0,66.66666666666666,100.0,5.607476635514018,3.7383177570093453,66.66666666666666,8.359375,7.5
1068,ATM,Atlético Madrid,esp.atletico_madrid,12885,720321,0,59.0,11.0,0.0,0.0,3.0,9.0,1.0,19.0,6.0,0.3,0.0,0.0,621.0,682.0,0.9,6.0,29.0,0.2,29.0,14.0,0.5,6.0,7.0,15.0,0.5,10.0,7.0,7.0,2024-12-13 05:54:14,31.57894736842105,0.3220338983050847,0.1016949152542373,0.0006206896551724138,20.689655172413794,47.61904761904761,60.71428571428571,100.0,4.252199413489736,2.0527859237536656,48.275862068965516,11.559322033898304,10.525423728813559
124,DOR,Borussia Dortmund,ger.dortmund,12885,720322,0,44.8,9.0,4.0,0.0,6.0,2.0,5.0,12.0,2.0,0.2,1.0,1.0,355.0,414.0,0.9,9.0,18.0,0.5,46.0,34.0,0.7,3.0,12.0,16.0,0.8,13.0,10.0,10.0,2024-12-13 05:54:14,16.666666666666664,0.26785714285714285,0.044642857142857144,0.001,50.0,59.09090909090909,73.52941176470588,100.0,11.11111111111111,8.212560386473431,73.91304347826086,9.241071428571429,7.924107142857143
83,BAR,Barcelona,esp.barcelona,12885,720322,1,55.2,10.0,2.0,0.0,0.0,3.0,0.0,13.0,8.0,0.6,0.0,0.0,450.0,524.0,0.9,2.0,11.0,0.2,36.0,15.0,0.4,2.0,17.0,25.0,0.7,4.0,12.0,12.0,2024-12-13 05:54:14,61.53846153846154,0.23550724637681159,0.14492753623188406,0.001090909090909091,18.181818181818183,28.57142857142857,67.74193548387096,100.0,6.870229007633588,2.8625954198473282,41.66666666666667,9.492753623188404,8.152173913043478
359,ARS,Arsenal,eng.arsenal,12885,720325,0,54.6,12.0,2.0,0.0,2.0,3.0,2.0,16.0,8.0,0.5,0.0,0.0,468.0,530.0,0.9,3.0,7.0,0.4,37.0,19.0,0.5,2.0,9.0,20.0,0.5,11.0,7.0,7.0,2024-12-13 05:54:14,50.0,0.29304029304029305,0.14652014652014653,0.0021428571428571425,42.857142857142854,47.82608695652174,62.5,100.0,6.981132075471698,3.5849056603773586,51.35135135135135,9.706959706959706,8.571428571428571
382,MNC,Manchester City,eng.man_city,12885,720326,1,68.9,7.0,2.0,0.0,1.0,6.0,3.0,12.0,3.0,0.3,0.0,0.0,652.0,699.0,0.9,1.0,15.0,0.1,22.0,12.0,0.5,6.0,5.0,7.0,0.7,5.0,9.0,9.0,2024-12-12 05:52:33,25.0,0.1741654571843251,0.04354136429608128,0.0002,6.666666666666667,41.66666666666667,58.82352941176471,100.0,3.1473533619456364,1.7167381974248928,54.54545454545454,10.145137880986937,9.46298984034833
364,LIV,Liverpool,eng.liverpool,12885,720331,0,55.8,12.0,2.0,0.0,1.0,3.0,0.0,13.0,7.0,0.5,0.0,0.0,522.0,583.0,0.9,2.0,16.0,0.1,46.0,29.0,0.6,0.0,14.0,20.0,0.7,8.0,15.0,15.0,2025-01-23 05:37:12,53.84615384615385,0.23297491039426524,0.12544802867383514,0.000625,12.5,40.0,64.70588235294117,100.0,7.890222984562607,4.974271012006861,63.04347826086957,10.448028673835125,9.35483870967742
124,DOR,Borussia Dortmund,ger.dortmund,12885,720333,1,47.5,18.0,4.0,0.0,0.0,5.0,4.0,3.0,2.0,0.7,1.0,1.0,260.0,350.0,0.7,1.0,9.0,0.1,66.0,19.0,0.3,0.0,9.0,19.0,0.5,5.0,20.0,20.0,2025-01-22 05:37:47,66.66666666666666,0.06315789473684211,0.042105263157894736,0.0007777777777777776,11.11111111111111,21.73913043478261,43.75,100.0,18.857142857142858,5.428571428571429,28.78787878787879,7.368421052631579,5.473684210526316
83,BAR,Barcelona,esp.barcelona,12885,720334,1,74.4,9.0,4.0,0.0,1.0,6.0,2.0,22.0,11.0,0.5,2.0,2.0,658.0,731.0,0.9,5.0,21.0,0.2,29.0,17.0,0.6,5.0,9.0,13.0,0.7,6.0,19.0,19.0,2025-01-22 05:37:47,50.0,0.29569892473118276,0.14784946236559138,0.0011904761904761904,23.809523809523807,40.0,62.5,100.0,3.9671682626538987,2.3255813953488373,58.620689655172406,9.8252688172043,8.844086021505376
1068,ATM,Atlético Madrid,esp.atletico_madrid,12885,720335,0,30.0,7.0,2.0,1.0,0.0,3.0,3.0,5.0,2.0,0.4,0.0,0.0,228.0,299.0,0.8,0.0,10.0,0.0,51.0,16.0,0.3,0.0,5.0,12.0,0.4,10.0,17.0,17.0,2025-01-23 05:37:12,40.0,0.16666666666666666,0.06666666666666667,0.0,0.0,58.82352941176471,68.18181818181817,100.0,17.05685618729097,5.351170568561873,31.372549019607842,9.966666666666667,7.6
132,MUN,Bayern Munich,ger.bayern_munich,12885,720341,1,80.0,6.0,3.0,1.0,1.0,13.0,0.0,30.0,6.0,0.2,0.0,0.0,665.0,737.0,0.9,7.0,40.0,0.2,33.0,22.0,0.7,12.0,13.0,17.0,0.8,5.0,1.0,1.0,2025-01-24 05:41:43,20.0,0.375,0.075,0.00034999999999999994,17.5,45.45454545454545,75.0,100.0,4.477611940298507,2.9850746268656714,66.66666666666666,9.2125,8.3125
359,ARS,Arsenal,eng.arsenal,12885,720343,0,63.0,9.0,2.0,0.0,1.0,11.0,0.0,17.0,4.0,0.2,0.0,0.0,476.0,526.0,0.9,11.0,25.0,0.4,20.0,8.0,0.4,8.0,12.0,18.0,0.7,2.0,12.0,12.0,2025-01-24 05:41:43,23.52941176470588,0.2698412698412698,0.06349206349206349,0.0008800000000000001,44.0,18.181818181818183,60.86956521739131,100.0,3.802281368821293,1.520912547528517,40.0,8.34920634920635,7.555555555555555
160,PSG,Paris Saint-Germain,fra.psg,12885,720344,0,63.2,10.0,1.0,0.0,3.0,11.0,5.0,26.0,9.0,0.3,0.0,0.0,561.0,617.0,0.9,6.0,21.0,0.3,48.0,37.0,0.8,7.0,13.0,19.0,0.7,11.0,11.0,11.0,2025-01-24 05:41:43,34.61538461538461,0.4113924050632911,0.14240506329113922,0.000857142857142857,28.57142857142857,52.38095238095239,70.58823529411765,100.0,7.779578606158834,5.9967585089141,77.08333333333334,9.762658227848101,8.876582278481012
382,MNC,Manchester City,eng.man_city,12885,720344,1,36.8,10.0,1.0,0.0,0.0,6.0,4.0,9.0,6.0,0.7,0.0,0.0,293.0,356.0,0.8,4.0,14.0,0.3,44.0,21.0,0.5,1.0,10.0,18.0,0.6,7.0,23.0,23.0,2025-01-24 05:41:43,66.66666666666666,0.24456521739130438,0.16304347826086957,0.002,28.57142857142857,41.17647058823529,62.96296296296296,100.0,12.359550561797752,5.8988764044943816,47.72727272727273,9.673913043478262,7.961956521739131
86,RMA,Real Madrid,esp.real_madrid,12885,720345,0,70.3,11.0,1.0,0.0,0.0,10.0,2.0,14.0,6.0,0.4,0.0,0.0,735.0,793.0,0.9,2.0,17.0,0.1,43.0,30.0,0.7,4.0,9.0,19.0,0.5,11.0,10.0,10.0,2025-01-24 05:41:43,42.857142857142854,0.19914651493598862,0.08534850640113799,0.00047058823529411766,11.76470588235294,50.0,64.51612903225806,100.0,5.422446406052964,3.783102143757881,69.76744186046511,11.28022759601707,10.455192034139403
382,MNC,Manchester City,eng.man_city,12885,720350,0,73.9,2.0,0.0,0.0,1.0,5.0,4.0,17.0,6.0,0.4,0.0,0.0,779.0,815.0,1.0,2.0,23.0,0.1,19.0,16.0,0.8,4.0,10.0,13.0,0.8,3.0,7.0,7.0,2025-01-30 14:49:01,35.294117647058826,0.23004059539918809,0.08119079837618402,0.00034782608695652176,8.695652173913043,60.0,86.66666666666667,100.0,2.331288343558282,1.96319018404908,84.21052631578947,11.028416779431664,10.54127198917456
364,LIV,Liverpool,eng.liverpool,12885,720351,1,46.8,11.0,3.0,1.0,1.0,2.0,1.0,9.0,5.0,0.6,1.0,1.0,385.0,454.0,0.8,4.0,14.0,0.3,37.0,15.0,0.4,2.0,9.0,16.0,0.6,13.0,21.0,21.0,2025-01-30 14:49:01,55.55555555555556,0.19230769230769232,0.10683760683760685,0.001714285714285714,28.57142857142857,54.166666666666664,66.66666666666666,100.0,8.149779735682818,3.303964757709251,40.54054054054054,9.700854700854702,8.226495726495727
160,PSG,Paris Saint-Germain,fra.psg,12885,720354,1,58.4,8.0,1.0,0.0,3.0,8.0,2.0,13.0,6.0,0.5,0.0,0.0,533.0,607.0,0.9,2.0,10.0,0.2,53.0,34.0,0.6,4.0,9.0,17.0,0.5,4.0,20.0,20.0,2025-01-30 14:49:01,46.15384615384615,0.2226027397260274,0.10273972602739727,0.001,20.0,33.33333333333333,61.904761904761905,100.0,8.731466227347612,5.601317957166392,64.15094339622641,10.393835616438356,9.126712328767123
359,ARS,Arsenal,eng.arsenal,12885,720355,1,60.6,13.0,2.0,0.0,2.0,13.0,2.0,16.0,6.0,0.4,1.0,2.0,407.0,474.0,0.9,5.0,23.0,0.2,32.0,14.0,0.4,4.0,7.0,16.0,0.4,5.0,9.0,9.0,2025-01-30 14:49:01,37.5,0.264026402640264,0.099009900990099,0.0008695652173913043,21.73913043478261,27.77777777777778,48.0,100.0,6.751054852320674,2.9535864978902953,43.75,7.821782178217822,6.716171617161716
1068,ATM,Atlético Madrid,esp.atletico_madrid,12885,720356,1,50.4,10.0,0.0,0.0,0.0,5.0,2.0,12.0,8.0,0.7,0.0,0.0,465.0,554.0,0.8,4.0,14.0,0.3,50.0,33.0,0.7,2.0,9.0,18.0,0.5,14.0,21.0,21.0,2025-01-30 14:49:01,66.66666666666666,0.2380952380952381,0.15873015873015872,0.002,28.57142857142857,58.333333333333336,69.6969696969697,100.0,9.025270758122744,5.956678700361011,66.0,10.992063492063492,9.226190476190476
132,MUN,Bayern Munich,ger.bayern_munich,12885,720357,0,74.6,11.0,0.0,0.0,0.0,9.0,3.0,35.0,9.0,0.3,0.0,0.0,687.0,769.0,0.9,9.0,43.0,0.2,36.0,31.0,0.9,14.0,11.0,21.0,0.5,7.0,5.0,5.0,2025-01-30 14:49:01,25.71428571428571,0.4691689008042896,0.12064343163538875,0.0006279069767441861,20.930232558139537,38.88888888888889,62.06896551724138,100.0,4.681404421326398,4.031209362808843,86.11111111111111,10.308310991957105,9.209115281501342
124,DOR,Borussia Dortmund,ger.dortmund,12885,720360,0,45.4,10.0,1.0,0.0,1.0,6.0,1.0,15.0,7.0,0.5,0.0,0.0,372.0,440.0,0.8,7.0,17.0,0.4,38.0,15.0,0.4,5.0,11.0,15.0,0.7,13.0,13.0,13.0,2025-01-30 14:49:01,46.666666666666664,0.3303964757709251,0.15418502202643172,0.0020588235294117644,41.17647058823529,56.52173913043478,70.58823529411765,100.0,8.636363636363637,3.4090909090909087,39.473684210526315,9.691629955947137,8.193832599118943
83,BAR,Barcelona,esp.barcelona,12885,720362,0,68.2,7.0,0.0,0.0,1.0,7.0,3.0,16.0,7.0,0.4,0.0,0.0,575.0,633.0,0.9,4.0,15.0,0.3,38.0,23.0,0.6,4.0,5.0,13.0,0.4,8.0,19.0,19.0,2025-01-30 14:49:01,43.75,0.2346041055718475,0.10263929618768328,0.0010666666666666667,26.666666666666668,53.333333333333336,65.0,100.0,6.003159557661927,3.6334913112164293,60.526315789473685,9.281524926686217,8.43108504398827
86,RMA,Real Madrid,esp.real_madrid,12885,720364,1,59.3,12.0,3.0,0.0,1.0,3.0,5.0,14.0,6.0,0.4,0.0,0.0,563.0,620.0,0.9,2.0,11.0,0.2,57.0,40.0,0.7,2.0,15.0,19.0,0.8,5.0,27.0,27.0,2025-01-30 14:49:01,42.857142857142854,0.2360876897133221,0.10118043844856661,0.0007272727272727273,18.181818181818183,29.411764705882355,62.5,100.0,9.193548387096774,6.451612903225806,70.17543859649122,10.455311973018551,9.494097807757168
364,LIV,Liverpool,eng.liverpool,12885,720365,1,50.6,12.0,2.0,0.0,4.0,5.0,1.0,23.0,11.0,0.5,0.0,0.0,399.0,460.0,0.9,3.0,15.0,0.2,43.0,22.0,0.5,4.0,10.0,14.0,0.7,10.0,14.0,14.0,2024-09-18 04:21:19,47.82608695652174,0.45454545454545453,0.21739130434782608,0.001,20.0,45.45454545454545,62.5,100.0,9.347826086956522,4.782608695652174,51.162790697674424,9.09090909090909,7.8853754940711465
364,LIV,Liverpool,eng.liverpool,12885,720366,0,51.4,10.0,4.0,0.0,3.0,5.0,2.0,9.0,4.0,0.4,0.0,0.0,370.0,451.0,0.8,2.0,12.0,0.2,54.0,26.0,0.5,0.0,6.0,10.0,0.6,8.0,17.0,17.0,2024-10-14 06:59:34,44.44444444444444,0.17509727626459146,0.07782101167315175,0.0006666666666666666,16.666666666666664,44.44444444444444,58.333333333333336,100.0,11.973392461197339,5.764966740576496,48.148148148148145,8.77431906614786,7.198443579766537
364,LIV,Liverpool,eng.liverpool,12885,720367,1,57.5,7.0,1.0,0.0,0.0,7.0,6.0,17.0,8.0,0.5,0.0,0.0,524.0,599.0,0.9,3.0,20.0,0.2,55.0,31.0,0.6,2.0,6.0,14.0,0.4,15.0,16.0,16.0,2024-10-25 05:15:37,47.05882352941176,0.2956521739130435,0.1391304347826087,0.00075,15.0,68.18181818181817,75.0,100.0,9.181969949916526,5.175292153589315,56.36363636363636,10.417391304347825,9.11304347826087
364,LIV,Liverpool,eng.liverpool,12885,720368,0,47.1,15.0,0.0,0.0,0.0,1.0,4.0,22.0,8.0,0.4,0.0,0.0,411.0,472.0,0.9,3.0,11.0,0.3,44.0,22.0,0.5,9.0,6.0,11.0,0.5,10.0,10.0,10.0,2024-11-07 06:19:29,36.36363636363637,0.46709129511677283,0.16985138004246284,0.001090909090909091,27.27272727272727,40.0,51.61290322580645,100.0,9.322033898305085,4.661016949152542,50.0,10.021231422505307,8.726114649681529
364,LIV,Liverpool,eng.liverpool,12885,720369,0,62.7,11.0,3.0,0.0,1.0,8.0,3.0,17.0,7.0,0.4,0.0,1.0,563.0,617.0,0.9,3.0,16.0,0.2,30.0,24.0,0.8,3.0,11.0,18.0,0.6,7.0,9.0,9.0,2024-11-30 06:02:45,41.17647058823529,0.2711323763955343,0.11164274322169059,0.0007500000000000001,18.75,38.88888888888889,62.06896551724138,100.0,4.862236628849271,3.889789303079417,80.0,9.840510366826155,8.9792663476874
86,RMA,Real Madrid,esp.real_madrid,12885,720369,1,37.3,10.0,4.0,0.0,3.0,5.0,5.0,8.0,3.0,0.4,0.0,1.0,319.0,366.0,0.9,1.0,11.0,0.1,28.0,15.0,0.5,1.0,11.0,19.0,0.6,13.0,25.0,25.0,2024-11-30 06:02:45,37.5,0.21447721179624665,0.0804289544235925,0.00036363636363636367,9.090909090909092,56.52173913043478,70.58823529411765,100.0,7.650273224043716,4.098360655737705,53.57142857142857,9.812332439678285,8.552278820375335
364,LIV,Liverpool,eng.liverpool,12885,720370,1,62.5,8.0,2.0,0.0,1.0,8.0,5.0,15.0,7.0,0.5,1.0,1.0,553.0,611.0,0.9,2.0,20.0,0.1,28.0,14.0,0.5,3.0,5.0,10.0,0.5,5.0,10.0,10.0,2024-12-12 05:52:33,46.666666666666664,0.24,0.112,0.0005,10.0,38.46153846153847,55.55555555555556,100.0,4.582651391162029,2.2913256955810146,50.0,9.776,8.848
83,BAR,Barcelona,esp.barcelona,12885,720372,0,39.8,11.0,0.0,0.0,1.0,5.0,2.0,12.0,4.0,0.3,0.0,0.0,307.0,377.0,0.8,1.0,4.0,0.3,44.0,20.0,0.5,5.0,11.0,16.0,0.7,6.0,23.0,23.0,2024-10-25 05:15:37,33.33333333333333,0.30150753768844224,0.10050251256281408,0.00075,25.0,35.294117647058826,60.71428571428571,100.0,11.671087533156498,5.305039787798409,45.45454545454545,9.472361809045227,7.7135678391959805
132,MUN,Bayern Munich,ger.bayern_munich,12885,720372,1,60.2,10.0,2.0,0.0,3.0,5.0,0.0,11.0,3.0,0.3,0.0,0.0,494.0,565.0,0.9,2.0,13.0,0.2,60.0,43.0,0.7,4.0,16.0,24.0,0.7,8.0,10.0,10.0,2024-10-25 05:15:37,27.27272727272727,0.18272425249169436,0.04983388704318937,0.0004615384615384616,15.384615384615385,44.44444444444444,70.58823529411765,100.0,10.619469026548673,7.610619469026549,71.66666666666667,9.385382059800664,8.205980066445182
1068,ATM,Atlético Madrid,esp.atletico_madrid,12885,720373,0,61.8,9.0,3.0,0.0,1.0,6.0,0.0,11.0,6.0,0.5,0.0,0.0,472.0,554.0,0.9,5.0,17.0,0.3,42.0,23.0,0.5,0.0,9.0,14.0,0.6,9.0,18.0,18.0,2024-10-25 05:15:37,54.54545454545454,0.1779935275080906,0.0970873786407767,0.0014705882352941176,29.411764705882355,50.0,66.66666666666666,100.0,7.581227436823104,4.1516245487364625,54.761904761904766,8.964401294498382,7.637540453074434
382,MNC,Manchester City,eng.man_city,12885,720374,0,79.9,5.0,1.0,0.0,0.0,7.0,1.0,22.0,10.0,0.5,1.0,1.0,716.0,767.0,0.9,7.0,32.0,0.2,16.0,7.0,0.4,9.0,7.0,9.0,0.8,4.0,8.0,8.0,2024-10-25 05:15:37,45.45454545454545,0.27534418022528157,0.12515644555694616,0.00109375,21.875,44.44444444444444,68.75,100.0,2.0860495436766624,0.9126466753585397,43.75,9.599499374217771,8.961201501877346
382,MNC,Manchester City,eng.man_city,12885,720379,1,72.7,10.0,3.0,0.0,4.0,11.0,2.0,20.0,6.0,0.3,0.0,1.0,556.0,597.0,0.9,2.0,20.0,0.1,19.0,11.0,0.6,8.0,7.0,14.0,0.5,6.0,5.0,5.0,2024-11-07 06:19:29,30.0,0.2751031636863824,0.08253094910591471,0.0003,10.0,37.5,56.52173913043478,100.0,3.1825795644891124,1.8425460636515913,57.89473684210527,8.211829436038514,7.64786795048143
86,RMA,Real Madrid,esp.real_madrid,12885,720380,0,56.8,11.0,4.0,0.0,2.0,8.0,6.0,23.0,10.0,0.4,1.0,1.0,476.0,511.0,0.9,4.0,26.0,0.2,34.0,24.0,0.7,3.0,13.0,20.0,0.7,5.0,3.0,3.0,2024-11-07 06:19:29,43.47826086956522,0.40492957746478875,0.17605633802816903,0.0006153846153846154,15.384615384615385,31.25,62.06896551724138,100.0,6.653620352250488,4.6966731898238745,70.58823529411765,8.996478873239438,8.380281690140846
124,DOR,Borussia Dortmund,ger.dortmund,12885,720381,0,66.3,9.0,1.0,0.0,0.0,11.0,1.0,21.0,8.0,0.4,0.0,0.0,535.0,618.0,0.9,11.0,34.0,0.3,68.0,38.0,0.6,5.0,7.0,16.0,0.4,8.0,9.0,9.0,2024-11-07 06:19:29,38.095238095238095,0.31674208144796384,0.12066365007541478,0.0012941176470588236,32.35294117647059,47.05882352941176,62.5,100.0,11.003236245954692,6.148867313915858,55.88235294117647,9.321266968325792,8.069381598793363
83,BAR,Barcelona,esp.barcelona,12885,720385,1,69.9,12.0,0.0,0.0,0.0,7.0,0.0,21.0,9.0,0.4,0.0,0.0,601.0,669.0,0.9,2.0,15.0,0.1,41.0,29.0,0.7,3.0,8.0,13.0,0.6,10.0,10.0,10.0,2024-11-08 06:16:00,42.857142857142854,0.3004291845493562,0.12875536480686695,0.0005333333333333334,13.333333333333334,45.45454545454545,60.0,100.0,6.128550074738415,4.334828101644246,70.73170731707317,9.570815450643776,8.59799713876967
359,ARS,Arsenal,eng.arsenal,12885,720387,1,62.8,21.0,2.0,0.0,1.0,13.0,0.0,20.0,4.0,0.2,0.0,0.0,437.0,507.0,0.9,10.0,46.0,0.2,30.0,18.0,0.6,10.0,6.0,12.0,0.5,8.0,12.0,12.0,2024-11-08 06:16:00,20.0,0.3184713375796179,0.06369426751592357,0.00043478260869565214,21.73913043478261,27.586206896551722,40.0,100.0,5.9171597633136095,3.5502958579881656,60.0,8.073248407643312,6.95859872611465
160,PSG,Paris Saint-Germain,fra.psg,12885,720388,0,71.3,9.0,0.0,0.0,2.0,6.0,1.0,22.0,9.0,0.4,0.0,0.0,793.0,870.0,0.9,7.0,26.0,0.3,31.0,24.0,0.8,5.0,7.0,10.0,0.7,10.0,7.0,7.0,2024-11-07 06:19:29,40.909090909090914,0.3085553997194951,0.12622720897615708,0.0010769230769230769,26.923076923076923,52.63157894736842,65.38461538461539,100.0,3.5632183908045976,2.7586206896551726,77.41935483870968,12.201963534361852,11.12201963534362
1068,ATM,Atlético Madrid,esp.atletico_madrid,12885,720388,1,28.7,11.0,1.0,0.0,1.0,0.0,8.0,4.0,3.0,0.8,0.0,0.0,260.0,351.0,0.7,0.0,7.0,0.0,48.0,22.0,0.5,0.0,20.0,32.0,0.6,20.0,26.0,26.0,2024-11-07 06:19:29,75.0,0.13937282229965156,0.10452961672473868,0.0,0.0,64.51612903225806,78.43137254901961,100.0,13.675213675213676,6.267806267806268,45.83333333333333,12.229965156794425,9.059233449477352
132,MUN,Bayern Munich,ger.bayern_munich,12885,720389,0,73.5,8.0,1.0,0.0,1.0,10.0,0.0,24.0,10.0,0.4,0.0,0.0,810.0,870.0,0.9,4.0,29.0,0.1,25.0,19.0,0.8,5.0,14.0,20.0,0.7,11.0,4.0,4.0,2024-11-08 06:16:00,41.66666666666667,0.32653061224489793,0.1360544217687075,0.0005517241379310345,13.793103448275861,57.89473684210527,75.75757575757575,100.0,2.8735632183908044,2.1839080459770113,76.0,11.83673469387755,11.020408163265307
1068,ATM,Atlético Madrid,esp.atletico_madrid,12885,720392,1,60.1,9.0,1.0,0.0,2.0,6.0,2.0,24.0,10.0,0.4,0.0,0.0,603.0,660.0,0.9,4.0,20.0,0.2,31.0,18.0,0.6,6.0,12.0,15.0,0.8,9.0,8.0,8.0,2024-11-27 06:03:29,41.66666666666667,0.39933444259567386,0.16638935108153077,0.0008000000000000001,20.0,50.0,70.0,100.0,4.696969696969696,2.727272727272727,58.06451612903226,10.98169717138103,10.033277870216306
83,BAR,Barcelona,esp.barcelona,12885,720394,0,75.9,8.0,0.0,0.0,0.0,4.0,0.0,19.0,8.0,0.4,1.0,1.0,690.0,775.0,0.9,3.0,11.0,0.3,67.0,48.0,0.7,7.0,12.0,20.0,0.6,5.0,11.0,11.0,2024-11-28 06:07:09,42.10526315789473,0.25032938076416333,0.10540184453227931,0.001090909090909091,27.27272727272727,38.46153846153847,68.0,100.0,8.645161290322582,6.193548387096774,71.64179104477611,10.210803689064559,9.09090909090909
132,MUN,Bayern Munich,ger.bayern_munich,12885,720396,0,57.4,13.0,3.0,0.0,1.0,4.0,3.0,18.0,7.0,0.4,0.0,0.0,487.0,576.0,0.8,1.0,8.0,0.1,48.0,25.0,0.5,3.0,12.0,23.0,0.5,16.0,18.0,18.0,2024-11-28 06:07:09,38.88888888888889,0.31358885017421606,0.12195121951219512,0.0005,12.5,55.172413793103445,68.29268292682927,100.0,8.333333333333332,4.340277777777778,52.083333333333336,10.034843205574914,8.484320557491289
160,PSG,Paris Saint-Germain,fra.psg,12885,720396,1,42.6,10.0,3.0,1.0,2.0,3.0,6.0,11.0,3.0,0.3,0.0,0.0,332.0,419.0,0.8,4.0,16.0,0.3,50.0,20.0,0.4,4.0,13.0,25.0,0.5,10.0,25.0,25.0,2024-11-28 06:07:09,27.27272727272727,0.25821596244131456,0.07042253521126761,0.00075,25.0,50.0,69.6969696969697,100.0,11.933174224343675,4.77326968973747,40.0,9.835680751173708,7.793427230046948
382,MNC,Manchester City,eng.man_city,12885,720398,0,63.5,7.0,1.0,0.0,0.0,10.0,2.0,18.0,9.0,0.5,1.0,1.0,564.0,630.0,0.9,6.0,24.0,0.3,28.0,16.0,0.6,7.0,8.0,13.0,0.6,9.0,9.0,9.0,2024-11-27 06:03:29,50.0,0.28346456692913385,0.14173228346456693,0.00125,25.0,56.25,70.83333333333334,100.0,4.444444444444445,2.5396825396825395,57.14285714285714,9.921259842519685,8.881889763779528
359,ARS,Arsenal,eng.arsenal,12885,720399,1,47.8,8.0,1.0,0.0,1.0,3.0,8.0,13.0,9.0,0.7,1.0,1.0,402.0,458.0,0.9,4.0,9.0,0.4,24.0,12.0,0.5,2.0,10.0,20.0,0.5,6.0,10.0,10.0,2024-11-28 06:07:09,69.23076923076923,0.27196652719665276,0.1882845188284519,0.0031111111111111105,44.44444444444444,42.857142857142854,66.66666666666666,100.0,5.240174672489083,2.6200873362445414,50.0,9.581589958158997,8.410041841004185
124,DOR,Borussia Dortmund,ger.dortmund,12885,720406,1,70.5,11.0,1.0,0.0,2.0,8.0,1.0,17.0,6.0,0.4,0.0,0.0,604.0,672.0,0.9,8.0,21.0,0.4,32.0,18.0,0.6,2.0,11.0,22.0,0.5,8.0,13.0,13.0,2024-11-30 06:02:45,35.294117647058826,0.24113475177304963,0.0851063829787234,0.0015238095238095239,38.095238095238095,42.10526315789473,63.33333333333333,100.0,4.761904761904762,2.6785714285714284,56.25,9.53191489361702,8.567375886524824
86,RMA,Real Madrid,esp.real_madrid,12885,720413,1,44.4,13.0,2.0,0.0,0.0,2.0,7.0,10.0,6.0,0.6,0.0,0.0,402.0,472.0,0.9,0.0,2.0,0.0,44.0,14.0,0.3,1.0,11.0,16.0,0.7,14.0,20.0,20.0,2024-12-12 05:52:33,60.0,0.22522522522522523,0.13513513513513514,0.0,0.0,51.85185185185185,65.78947368421053,100.0,9.322033898305085,2.9661016949152543,31.818181818181817,10.63063063063063,9.054054054054054
160,PSG,Paris Saint-Germain,fra.psg,12885,720414,1,70.0,11.0,0.0,0.0,0.0,5.0,1.0,15.0,8.0,0.5,0.0,0.0,740.0,814.0,0.9,4.0,18.0,0.2,49.0,41.0,0.8,1.0,13.0,22.0,0.6,9.0,9.0,9.0,2024-12-12 05:52:33,53.333333333333336,0.21428571428571427,0.11428571428571428,0.0011111111111111111,22.22222222222222,45.0,66.66666666666666,100.0,6.019656019656019,5.036855036855037,83.6734693877551,11.628571428571428,10.571428571428571
132,MUN,Bayern Munich,ger.bayern_munich,12885,720415,1,65.4,10.0,2.0,0.0,2.0,5.0,3.0,21.0,8.0,0.4,1.0,1.0,518.0,591.0,0.9,7.0,17.0,0.4,29.0,16.0,0.6,5.0,10.0,20.0,0.5,8.0,10.0,10.0,2024-12-12 05:52:33,38.095238095238095,0.3211009174311926,0.12232415902140671,0.0016470588235294118,41.17647058823529,44.44444444444444,64.28571428571429,100.0,4.906937394247039,2.707275803722504,55.172413793103445,9.036697247706421,7.920489296636085
86,RMA,Real Madrid,esp.real_madrid,12885,720420,0,45.8,13.0,4.0,0.0,1.0,10.0,6.0,20.0,8.0,0.4,0.0,0.0,373.0,432.0,0.9,7.0,19.0,0.4,35.0,24.0,0.7,7.0,9.0,12.0,0.8,13.0,14.0,14.0,2024-09-18 04:21:20,40.0,0.4366812227074236,0.17467248908296945,0.0014736842105263156,36.84210526315789,50.0,62.857142857142854,100.0,8.101851851851851,5.555555555555555,68.57142857142857,9.43231441048035,8.14410480349345
132,MUN,Bayern Munich,ger.bayern_munich,12885,720422,0,69.9,8.0,0.0,0.0,5.0,12.0,1.0,29.0,19.0,0.7,3.0,3.0,705.0,766.0,0.9,6.0,22.0,0.3,24.0,20.0,0.8,7.0,6.0,10.0,0.6,10.0,3.0,3.0,2024-09-19 04:21:03,65.51724137931035,0.4148783977110157,0.2718168812589413,0.001909090909090909,27.27272727272727,55.55555555555556,66.66666666666666,100.0,3.1331592689295036,2.610966057441253,83.33333333333334,10.958512160228898,10.085836909871244
160,PSG,Paris Saint-Germain,fra.psg,12885,720425,0,63.8,8.0,1.0,0.0,0.0,5.0,1.0,26.0,5.0,0.2,0.0,0.0,587.0,640.0,0.9,6.0,19.0,0.3,33.0,21.0,0.6,12.0,10.0,15.0,0.7,6.0,16.0,16.0,2024-09-21 04:21:25,19.230769230769234,0.40752351097178685,0.07836990595611286,0.0006315789473684211,31.57894736842105,42.857142857142854,66.66666666666666,100.0,5.15625,3.28125,63.63636363636363,10.031347962382446,9.20062695924765
382,MNC,Manchester City,eng.man_city,12885,720426,0,59.8,12.0,1.0,0.0,2.0,4.0,3.0,22.0,5.0,0.2,0.0,0.0,597.0,651.0,0.9,6.0,16.0,0.4,32.0,24.0,0.8,7.0,3.0,8.0,0.4,5.0,10.0,10.0,2024-09-21 04:21:25,22.727272727272727,0.3678929765886288,0.08361204013377926,0.0007500000000000001,37.5,29.411764705882355,40.0,100.0,4.915514592933948,3.686635944700461,75.0,10.88628762541806,9.983277591973245
124,DOR,Borussia Dortmund,ger.dortmund,12885,720428,1,63.5,4.0,1.0,0.0,2.0,3.0,5.0,17.0,6.0,0.4,1.0,1.0,678.0,728.0,0.9,3.0,14.0,0.2,40.0,24.0,0.6,4.0,10.0,15.0,0.7,8.0,14.0,14.0,2024-09-21 04:21:24,35.294117647058826,0.2677165354330709,0.09448818897637795,0.0008571428571428571,21.428571428571427,66.66666666666666,81.81818181818183,100.0,5.4945054945054945,3.296703296703297,60.0,11.464566929133857,10.67716535433071
359,ARS,Arsenal,eng.arsenal,12885,720431,1,46.1,10.0,0.0,0.0,3.0,2.0,2.0,6.0,2.0,0.3,0.0,0.0,362.0,433.0,0.8,0.0,4.0,0.0,52.0,17.0,0.3,1.0,7.0,10.0,0.7,6.0,16.0,16.0,2024-09-21 04:22:09,33.33333333333333,0.1301518438177874,0.04338394793926247,0.0,0.0,37.5,56.52173913043478,100.0,12.009237875288683,3.9260969976905313,32.69230769230769,9.392624728850326,7.8524945770065075
1068,ATM,Atlético Madrid,esp.atletico_madrid,12885,720432,0,51.8,13.0,3.0,0.0,3.0,8.0,2.0,21.0,4.0,0.2,0.0,0.0,477.0,554.0,0.9,13.0,25.0,0.5,55.0,35.0,0.6,6.0,13.0,21.0,0.6,4.0,11.0,11.0,2024-09-21 04:22:09,19.047619047619047,0.40540540540540543,0.07722007722007722,0.0010400000000000001,52.0,23.52941176470588,56.666666666666664,100.0,9.927797833935017,6.31768953068592,63.63636363636363,10.694980694980696,9.208494208494209
83,BAR,Barcelona,esp.barcelona,12885,720434,1,44.1,14.0,3.0,1.0,2.0,0.0,6.0,4.0,1.0,0.3,0.0,0.0,273.0,341.0,0.8,1.0,6.0,0.2,49.0,23.0,0.5,0.0,9.0,12.0,0.8,4.0,26.0,26.0,2024-09-21 04:22:08,25.0,0.09070294784580499,0.022675736961451247,0.0005,16.666666666666664,22.22222222222222,48.148148148148145,100.0,14.369501466275661,6.744868035190615,46.93877551020408,7.732426303854875,6.190476190476191
124,DOR,Borussia Dortmund,ger.dortmund,12885,720438,0,52.6,16.0,2.0,0.0,4.0,8.0,2.0,16.0,13.0,0.8,2.0,2.0,437.0,499.0,0.9,5.0,13.0,0.4,37.0,24.0,0.6,1.0,9.0,14.0,0.6,14.0,13.0,13.0,2024-10-14 06:59:34,81.25,0.3041825095057034,0.24714828897338403,0.003076923076923077,38.46153846153847,46.666666666666664,58.97435897435898,100.0,7.414829659318638,4.809619238476954,64.86486486486487,9.486692015209126,8.307984790874524
382,MNC,Manchester City,eng.man_city,12885,720439,1,76.1,8.0,0.0,0.0,0.0,15.0,0.0,28.0,14.0,0.5,0.0,0.0,698.0,754.0,0.9,10.0,27.0,0.4,21.0,16.0,0.8,3.0,5.0,12.0,0.4,3.0,7.0,7.0,2024-10-14 06:59:34,50.0,0.3679369250985546,0.1839684625492773,0.0018518518518518517,37.03703703703704,27.27272727272727,50.0,100.0,2.7851458885941645,2.122015915119363,76.19047619047619,9.908015768725361,9.172141918528252
83,BAR,Barcelona,esp.barcelona,12885,720442,0,70.0,9.0,0.0,0.0,0.0,9.0,1.0,21.0,8.0,0.4,0.0,0.0,609.0,668.0,0.9,5.0,21.0,0.2,43.0,28.0,0.7,8.0,9.0,14.0,0.6,5.0,3.0,3.0,2024-10-14 06:59:34,38.095238095238095,0.3,0.11428571428571428,0.0009523809523809524,23.809523809523807,35.714285714285715,60.86956521739131,100.0,6.437125748502994,4.191616766467066,65.11627906976744,9.542857142857143,8.7
359,ARS,Arsenal,eng.arsenal,12885,720443,0,35.1,8.0,1.0,0.0,3.0,1.0,2.0,6.0,5.0,0.8,0.0,0.0,289.0,354.0,0.8,2.0,6.0,0.3,43.0,21.0,0.5,0.0,18.0,28.0,0.6,10.0,16.0,16.0,2024-10-14 06:59:34,83.33333333333334,0.17094017094017094,0.14245014245014245,0.0026666666666666666,33.33333333333333,55.55555555555556,77.77777777777779,100.0,12.146892655367232,5.932203389830509,48.837209302325576,10.085470085470085,8.233618233618234
160,PSG,Paris Saint-Germain,fra.psg,12885,720443,1,64.9,8.0,1.0,0.0,1.0,5.0,3.0,10.0,2.0,0.2,0.0,0.0,578.0,647.0,0.9,3.0,18.0,0.2,46.0,26.0,0.6,1.0,13.0,23.0,0.6,8.0,13.0,13.0,2024-10-14 06:59:34,20.0,0.15408320493066255,0.03081664098613251,0.0003333333333333333,16.666666666666664,50.0,72.41379310344827,100.0,7.109737248840804,4.01854714064915,56.52173913043478,9.969183359013867,8.906009244992296
1068,ATM,Atlético Madrid,esp.atletico_madrid,12885,720447,1,46.7,8.0,4.0,0.0,1.0,2.0,6.0,4.0,0.0,0.0,0.0,0.0,461.0,537.0,0.9,5.0,11.0,0.5,26.0,8.0,0.3,2.0,6.0,14.0,0.4,3.0,17.0,17.0,2024-10-14 06:59:34,0.0,0.08565310492505353,0.0,0.0,45.45454545454545,27.27272727272727,52.94117647058824,100.0,4.8417132216014895,1.48975791433892,30.76923076923077,11.498929336188436,9.871520342612419
86,RMA,Real Madrid,esp.real_madrid,12885,720448,1,57.8,14.0,5.0,0.0,0.0,3.0,2.0,12.0,6.0,0.5,0.0,0.0,522.0,598.0,0.9,4.0,17.0,0.2,54.0,29.0,0.5,1.0,15.0,27.0,0.6,11.0,13.0,13.0,2024-10-14 06:59:34,50.0,0.20761245674740486,0.10380622837370243,0.001176470588235294,23.52941176470588,44.0,65.0,100.0,9.03010033444816,4.849498327759197,53.70370370370371,10.346020761245676,9.031141868512112
132,MUN,Bayern Munich,ger.bayern_munich,12885,720451,1,70.0,12.0,2.0,0.0,3.0,11.0,1.0,17.0,7.0,0.4,0.0,0.0,590.0,655.0,0.9,2.0,20.0,0.1,42.0,28.0,0.7,6.0,14.0,24.0,0.6,14.0,5.0,5.0,2024-10-14 06:59:34,41.17647058823529,0.24285714285714285,0.1,0.0004000000000000001,10.0,53.84615384615385,70.0,100.0,6.412213740458015,4.2748091603053435,66.66666666666666,9.357142857142858,8.428571428571429
359,ARS,Arsenal,eng.arsenal,12885,720455,0,55.9,7.0,2.0,0.0,0.0,5.0,1.0,13.0,5.0,0.4,0.0,1.0,543.0,603.0,0.9,7.0,20.0,0.4,28.0,11.0,0.4,2.0,9.0,12.0,0.8,9.0,18.0,18.0,2024-10-24 01:14:06,38.46153846153847,0.23255813953488372,0.08944543828264759,0.0013999999999999998,35.0,56.25,72.0,100.0,4.643449419568822,1.8242122719734661,39.285714285714285,10.7871198568873,9.713774597495528
86,RMA,Real Madrid,esp.real_madrid,12885,720459,0,51.5,10.0,1.0,0.0,0.0,11.0,5.0,26.0,10.0,0.4,0.0,0.0,467.0,516.0,0.9,4.0,24.0,0.2,33.0,19.0,0.6,8.0,4.0,7.0,0.6,8.0,8.0,8.0,2024-10-24 01:14:06,38.46153846153847,0.5048543689320388,0.1941747572815534,0.0006666666666666666,16.666666666666664,44.44444444444444,54.54545454545454,100.0,6.395348837209303,3.6821705426356592,57.57575757575758,10.019417475728156,9.067961165048544
124,DOR,Borussia Dortmund,ger.dortmund,12885,720459,1,48.5,11.0,0.0,0.0,0.0,4.0,6.0,8.0,7.0,0.9,0.0,0.0,441.0,500.0,0.9,1.0,7.0,0.1,34.0,20.0,0.6,0.0,13.0,23.0,0.6,9.0,26.0,26.0,2024-10-24 01:14:06,87.5,0.16494845360824742,0.14432989690721648,0.0012857142857142856,14.285714285714285,45.0,66.66666666666666,100.0,6.800000000000001,4.0,58.82352941176471,10.309278350515465,9.092783505154639
160,PSG,Paris Saint-Germain,fra.psg,12885,720460,0,60.7,11.0,1.0,0.0,0.0,14.0,2.0,26.0,8.0,0.3,0.0,0.0,515.0,589.0,0.9,7.0,32.0,0.2,32.0,19.0,0.6,8.0,15.0,18.0,0.8,13.0,16.0,16.0,2024-10-24 01:14:06,30.76923076923077,0.42833607907743,0.13179571663920922,0.00065625,21.875,54.166666666666664,71.7948717948718,100.0,5.432937181663837,3.225806451612903,59.375,9.703459637561778,8.484349258649093
363,CHE,Chelsea,eng.chelsea,12898,720626,0,70.0,9.0,1.0,0.0,0.0,10.0,1.0,20.0,6.0,0.3,0.0,0.0,712.0,769.0,0.9,4.0,15.0,0.3,25.0,14.0,0.6,5.0,6.0,8.0,0.8,10.0,7.0,7.0,2025-04-05 08:30:15,30.0,0.2857142857142857,0.08571428571428572,0.0008,26.666666666666668,52.63157894736842,64.0,100.0,3.2509752925877766,1.8205461638491547,56.00000000000001,10.985714285714286,10.17142857142857
363,CHE,Chelsea,eng.chelsea,12898,720631,1,60.0,17.0,1.0,0.0,1.0,6.0,2.0,14.0,9.0,0.6,1.0,1.0,571.0,619.0,0.9,3.0,17.0,0.2,39.0,25.0,0.6,2.0,7.0,8.0,0.9,12.0,19.0,19.0,2024-10-26 13:50:23,64.28571428571429,0.23333333333333334,0.15,0.0010588235294117646,17.647058823529413,41.37931034482759,52.77777777777778,100.0,6.30048465266559,4.038772213247173,64.1025641025641,10.316666666666666,9.516666666666667
363,CHE,Chelsea,eng.chelsea,12898,720659,0,57.9,9.0,0.0,0.0,0.0,4.0,7.0,31.0,18.0,0.6,1.0,1.0,533.0,587.0,0.9,6.0,10.0,0.6,44.0,28.0,0.6,4.0,6.0,9.0,0.7,3.0,12.0,12.0,2024-11-12 06:14:04,58.06451612903226,0.5354058721934369,0.31088082901554404,0.0036,60.0,25.0,50.0,100.0,7.495741056218058,4.770017035775128,63.63636363636363,10.138169257340243,9.20552677029361
363,CHE,Chelsea,eng.chelsea,12898,720674,1,66.9,10.0,3.0,1.0,0.0,6.0,11.0,17.0,9.0,0.5,0.0,0.0,550.0,622.0,0.9,5.0,13.0,0.4,36.0,22.0,0.6,3.0,9.0,15.0,0.6,5.0,22.0,22.0,2024-11-30 06:02:45,52.94117647058824,0.25411061285500747,0.13452914798206278,0.0019230769230769232,38.46153846153847,33.33333333333333,58.333333333333336,100.0,5.787781350482315,3.536977491961415,61.111111111111114,9.297458893871449,8.221225710014947
363,CHE,Chelsea,eng.chelsea,12898,720681,1,69.4,8.0,0.0,0.0,4.0,4.0,2.0,24.0,13.0,0.5,0.0,0.0,631.0,682.0,0.9,2.0,12.0,0.2,31.0,22.0,0.7,5.0,12.0,19.0,0.6,9.0,6.0,6.0,2024-12-14 05:55:08,54.166666666666664,0.34582132564841495,0.18731988472622477,0.0008333333333333333,16.666666666666664,52.94117647058824,72.41379310344827,100.0,4.545454545454546,3.225806451612903,70.96774193548387,9.827089337175792,9.09221902017291
363,CHE,Chelsea,eng.chelsea,12898,720708,0,73.2,7.0,0.0,0.0,0.0,7.0,3.0,20.0,10.0,0.5,0.0,0.0,653.0,720.0,0.9,5.0,22.0,0.2,38.0,23.0,0.6,6.0,4.0,9.0,0.4,4.0,6.0,6.0,2024-12-21 05:59:11,50.0,0.27322404371584696,0.13661202185792348,0.0011363636363636363,22.727272727272727,36.36363636363637,53.333333333333336,100.0,5.277777777777778,3.194444444444444,60.526315789473685,9.836065573770492,8.920765027322403
124,DOR,Borussia Dortmund,ger.dortmund,12611,720729,1,57.9,17.0,4.0,0.0,1.0,6.0,2.0,18.0,4.0,0.2,0.0,0.0,547.0,641.0,0.9,8.0,20.0,0.4,66.0,29.0,0.4,8.0,12.0,22.0,0.5,6.0,17.0,17.0,2024-10-31 05:20:32,22.22222222222222,0.31088082901554404,0.0690846286701209,0.0008000000000000001,40.0,26.08695652173913,51.42857142857142,100.0,10.29641185647426,4.5241809672386895,43.93939393939394,11.070811744386875,9.447322970639034
132,MUN,Bayern Munich,ger.bayern_munich,12611,720730,1,79.8,10.0,1.0,0.0,0.0,2.0,4.0,15.0,10.0,0.7,0.0,0.0,842.0,906.0,0.9,1.0,6.0,0.2,65.0,59.0,0.9,2.0,10.0,16.0,0.6,9.0,6.0,6.0,2024-10-31 05:20:32,66.66666666666666,0.1879699248120301,0.12531328320802004,0.0011666666666666665,16.666666666666664,47.368421052631575,65.51724137931035,100.0,7.174392935982341,6.512141280353201,90.76923076923077,11.353383458646617,10.551378446115288
86,RMA,Real Madrid,esp.real_madrid,12927,721442,0,65.4,14.0,0.0,0.0,1.0,6.0,4.0,12.0,5.0,0.4,1.0,1.0,639.0,702.0,0.9,1.0,7.0,0.1,40.0,28.0,0.7,1.0,13.0,24.0,0.5,8.0,14.0,14.0,2024-12-20 06:07:06,41.66666666666667,0.18348623853211007,0.0764525993883792,0.0005714285714285714,14.285714285714285,36.36363636363637,60.0,100.0,5.698005698005698,3.9886039886039883,70.0,10.73394495412844,9.770642201834862
364,LIV,Liverpool,eng.liverpool,12730,721575,1,55.2,11.0,2.0,0.0,3.0,2.0,5.0,11.0,7.0,0.6,0.0,0.0,438.0,515.0,0.9,1.0,6.0,0.2,48.0,16.0,0.3,0.0,9.0,13.0,0.7,8.0,17.0,17.0,2024-11-02 14:38:40,63.63636363636363,0.19927536231884058,0.12681159420289853,0.001,16.666666666666664,42.10526315789473,60.71428571428571,100.0,9.320388349514563,3.1067961165048543,33.33333333333333,9.329710144927535,7.934782608695651
382,MNC,Manchester City,eng.man_city,12730,721576,1,68.4,6.0,0.0,0.0,0.0,4.0,5.0,15.0,3.0,0.2,0.0,0.0,577.0,637.0,0.9,5.0,21.0,0.2,42.0,25.0,0.6,2.0,9.0,11.0,0.8,4.0,12.0,12.0,2024-11-01 05:23:15,20.0,0.21929824561403508,0.043859649122807015,0.0004761904761904762,23.809523809523807,40.0,68.42105263157895,100.0,6.593406593406594,3.924646781789639,59.523809523809526,9.312865497076023,8.435672514619883
359,ARS,Arsenal,eng.arsenal,12730,721577,1,74.1,4.0,0.0,0.0,2.0,7.0,2.0,18.0,10.0,0.6,0.0,0.0,668.0,719.0,0.9,5.0,17.0,0.3,34.0,20.0,0.6,5.0,10.0,14.0,0.7,9.0,9.0,9.0,2024-11-02 14:38:40,55.55555555555556,0.24291497975708504,0.1349527665317139,0.0017647058823529412,29.411764705882355,69.23076923076923,82.6086956521739,100.0,4.728789986091794,2.781641168289291,58.82352941176471,9.70310391363023,9.01484480431849
363,CHE,Chelsea,eng.chelsea,12730,721579,1,65.6,14.0,2.0,0.0,1.0,9.0,1.0,17.0,4.0,0.2,0.0,0.0,615.0,676.0,0.9,6.0,25.0,0.2,23.0,11.0,0.5,9.0,8.0,14.0,0.6,6.0,9.0,9.0,2024-11-02 14:38:40,23.52941176470588,0.25914634146341464,0.06097560975609757,0.00048,24.0,30.0,50.0,100.0,3.4023668639053253,1.6272189349112427,47.82608695652174,10.30487804878049,9.375
1068,ATM,Atlético Madrid,esp.atletico_madrid,12922,722264,1,81.5,8.0,0.0,0.0,3.0,6.0,3.0,16.0,7.0,0.4,1.0,1.0,622.0,694.0,0.9,6.0,32.0,0.2,38.0,25.0,0.7,5.0,10.0,15.0,0.7,4.0,14.0,14.0,2024-11-01 05:23:15,43.75,0.19631901840490798,0.08588957055214724,0.0007500000000000001,18.75,33.33333333333333,63.63636363636363,100.0,5.475504322766571,3.602305475504323,65.78947368421053,8.515337423312884,7.631901840490798
359,ARS,Arsenal,eng.arsenal,12729,722969,0,70.5,7.0,1.0,0.0,3.0,4.0,2.0,12.0,9.0,0.8,0.0,0.0,481.0,550.0,0.9,5.0,16.0,0.3,26.0,6.0,0.2,0.0,6.0,9.0,0.7,6.0,18.0,18.0,2024-12-21 05:59:11,75.0,0.1702127659574468,0.1276595744680851,0.0025,31.25,46.15384615384615,63.1578947368421,100.0,4.7272727272727275,1.090909090909091,23.076923076923077,7.801418439716312,6.822695035460993
364,LIV,Liverpool,eng.liverpool,12729,722970,1,68.6,10.0,2.0,0.0,1.0,7.0,3.0,14.0,4.0,0.3,0.0,0.0,571.0,644.0,0.9,3.0,16.0,0.2,32.0,10.0,0.3,5.0,11.0,13.0,0.8,7.0,13.0,13.0,2024-12-19 06:05:16,28.57142857142857,0.20408163265306123,0.05830903790087464,0.0005625,18.75,41.17647058823529,64.28571428571429,100.0,4.968944099378882,1.5527950310559007,31.25,9.387755102040817,8.323615160349854
132,MUN,Bayern Munich,ger.bayern_munich,12610,723151,0,58.2,8.0,2.0,1.0,1.0,12.0,3.0,14.0,2.0,0.1,0.0,0.0,417.0,490.0,0.9,6.0,18.0,0.3,62.0,31.0,0.5,5.0,10.0,14.0,0.7,7.0,6.0,6.0,2024-12-10 05:55:59,14.285714285714285,0.24054982817869414,0.034364261168384876,0.0003333333333333333,33.33333333333333,46.666666666666664,68.0,100.0,12.653061224489795,6.326530612244897,50.0,8.419243986254296,7.164948453608247
132,MUN,Bayern Munich,ger.bayern_munich,12996,723555,1,71.0,8.0,0.0,0.0,0.0,12.0,2.0,20.0,10.0,0.5,0.0,0.0,695.0,778.0,0.9,3.0,21.0,0.1,48.0,36.0,0.8,7.0,12.0,21.0,0.6,7.0,4.0,4.0,2025-01-08 05:41:48,50.0,0.28169014084507044,0.14084507042253522,0.0007142857142857143,14.285714285714285,46.666666666666664,70.37037037037037,100.0,6.169665809768637,4.627249357326478,75.0,10.95774647887324,9.788732394366198
1068,ATM,Atlético Madrid,esp.atletico_madrid,12921,723911,1,71.0,9.0,2.0,0.0,2.0,7.0,1.0,28.0,13.0,0.5,0.0,0.0,535.0,608.0,0.9,6.0,32.0,0.2,49.0,26.0,0.5,4.0,3.0,9.0,0.3,9.0,29.0,29.0,2024-12-06 05:57:16,46.42857142857143,0.39436619718309857,0.18309859154929578,0.0009375,18.75,50.0,57.14285714285714,100.0,8.05921052631579,4.276315789473684,53.06122448979592,8.56338028169014,7.535211267605634
363,CHE,Chelsea,eng.chelsea,12986,723985,0,81.3,7.0,0.0,0.0,0.0,11.0,3.0,28.0,8.0,0.3,0.0,1.0,622.0,678.0,0.9,9.0,27.0,0.3,27.0,17.0,0.6,6.0,5.0,12.0,0.4,4.0,7.0,7.0,2025-01-18 05:38:21,28.57142857142857,0.34440344403444034,0.0984009840098401,0.001,33.33333333333333,36.36363636363637,56.25,100.0,3.982300884955752,2.5073746312684366,62.96296296296296,8.339483394833948,7.650676506765068
364,LIV,Liverpool,eng.liverpool,12986,723996,0,78.7,4.0,0.0,0.0,0.0,8.0,1.0,22.0,9.0,0.4,0.0,0.0,627.0,699.0,0.9,4.0,16.0,0.3,57.0,27.0,0.5,5.0,13.0,18.0,0.7,3.0,10.0,10.0,2025-01-12 05:35:25,40.909090909090914,0.2795425667090216,0.11435832274459974,0.001,25.0,42.857142857142854,80.0,100.0,8.15450643776824,3.862660944206009,47.368421052631575,8.881829733163913,7.966963151207115
382,MNC,Manchester City,eng.man_city,12986,723997,0,68.4,7.0,0.0,0.0,4.0,6.0,2.0,20.0,10.0,0.5,2.0,2.0,456.0,517.0,0.9,2.0,11.0,0.2,41.0,20.0,0.5,5.0,7.0,12.0,0.6,2.0,12.0,12.0,2025-01-14 05:34:01,50.0,0.29239766081871343,0.14619883040935672,0.0009090909090909091,18.181818181818183,22.22222222222222,56.25,100.0,7.930367504835589,3.8684719535783367,48.78048780487805,7.558479532163742,6.666666666666666
359,ARS,Arsenal,eng.arsenal,12986,724015,0,70.3,10.0,2.0,0.0,5.0,12.0,3.0,26.0,7.0,0.3,0.0,1.0,575.0,656.0,0.9,9.0,44.0,0.2,46.0,24.0,0.5,10.0,4.0,16.0,0.3,4.0,4.0,4.0,2025-01-13 05:34:22,26.923076923076923,0.3698435277382646,0.09957325746799431,0.0006136363636363636,20.454545454545457,28.57142857142857,44.44444444444444,100.0,7.01219512195122,3.6585365853658534,52.17391304347826,9.331436699857752,8.17923186344239
160,PSG,Paris Saint-Germain,fra.psg,13016,724043,1,67.2,5.0,1.0,0.0,3.0,6.0,3.0,18.0,6.0,0.3,0.0,0.0,630.0,684.0,0.9,3.0,21.0,0.1,38.0,25.0,0.7,6.0,8.0,12.0,0.7,9.0,12.0,12.0,2024-12-23 05:53:33,33.33333333333333,0.26785714285714285,0.08928571428571429,0.0004285714285714285,14.285714285714285,64.28571428571429,77.27272727272727,100.0,5.555555555555555,3.654970760233918,65.78947368421053,10.178571428571429,9.375
132,MUN,Bayern Munich,ger.bayern_munich,13056,724424,0,71.4,11.0,0.0,0.0,4.0,10.0,1.0,31.0,17.0,0.5,1.0,1.0,709.0,786.0,0.9,8.0,32.0,0.3,28.0,21.0,0.8,5.0,13.0,17.0,0.8,8.0,4.0,4.0,2025-06-17 05:06:59,54.83870967741935,0.43417366946778707,0.23809523809523808,0.00125,25.0,42.10526315789473,65.625,100.0,3.5623409669211195,2.6717557251908395,75.0,11.008403361344538,9.929971988795517
160,PSG,Paris Saint-Germain,fra.psg,13056,724425,0,74.4,7.0,2.0,0.0,0.0,4.0,1.0,16.0,11.0,0.7,1.0,1.0,776.0,818.0,0.9,1.0,10.0,0.1,52.0,43.0,0.8,2.0,3.0,10.0,0.3,12.0,9.0,9.0,2025-06-16 05:07:55,68.75,0.2150537634408602,0.14784946236559138,0.0006999999999999999,10.0,63.1578947368421,68.18181818181817,100.0,6.356968215158925,5.256723716381418,82.6923076923077,10.994623655913978,10.43010752688172
1068,ATM,Atlético Madrid,esp.atletico_madrid,13056,724425,1,25.6,8.0,5.0,1.0,2.0,2.0,6.0,5.0,1.0,0.2,0.0,0.0,227.0,276.0,0.8,2.0,6.0,0.3,31.0,19.0,0.6,2.0,15.0,22.0,0.7,3.0,13.0,13.0,2025-06-16 05:07:55,20.0,0.1953125,0.0390625,0.0006666666666666666,33.33333333333333,27.27272727272727,69.23076923076923,100.0,11.231884057971014,6.884057971014493,61.29032258064516,10.78125,8.8671875
363,CHE,Chelsea,eng.chelsea,13056,724428,0,65.2,11.0,3.0,0.0,1.0,7.0,4.0,17.0,6.0,0.4,0.0,0.0,660.0,718.0,0.9,6.0,15.0,0.4,30.0,16.0,0.5,8.0,17.0,22.0,0.8,9.0,13.0,13.0,2025-06-18 04:59:34,35.294117647058826,0.2607361963190184,0.09202453987730061,0.0016000000000000003,40.0,45.0,70.27027027027027,100.0,4.178272980501393,2.2284122562674096,53.333333333333336,11.012269938650306,10.122699386503067
124,DOR,Borussia Dortmund,ger.dortmund,13056,724431,1,54.5,9.0,2.0,0.0,2.0,3.0,5.0,7.0,3.0,0.4,0.0,0.0,500.0,576.0,0.9,1.0,12.0,0.1,42.0,20.0,0.5,1.0,7.0,12.0,0.6,8.0,24.0,24.0,2025-06-18 04:59:34,42.857142857142854,0.12844036697247707,0.05504587155963303,0.0003333333333333333,8.333333333333332,47.05882352941176,62.5,100.0,7.291666666666667,3.4722222222222223,47.61904761904761,10.568807339449542,9.174311926605505
382,MNC,Manchester City,eng.man_city,13056,724435,0,67.6,10.0,0.0,1.0,1.0,9.0,2.0,15.0,6.0,0.4,0.0,0.0,559.0,616.0,0.9,7.0,13.0,0.5,22.0,10.0,0.5,2.0,5.0,7.0,0.7,4.0,17.0,17.0,2025-06-20 04:57:41,40.0,0.22189349112426038,0.08875739644970415,0.0021538461538461538,53.84615384615385,28.57142857142857,47.368421052631575,100.0,3.571428571428571,1.6233766233766231,45.45454545454545,9.11242603550296,8.26923076923077
86,RMA,Real Madrid,esp.real_madrid,13056,724436,0,52.0,9.0,1.0,0.0,2.0,5.0,1.0,19.0,7.0,0.4,0.0,1.0,453.0,498.0,0.9,9.0,23.0,0.4,26.0,17.0,0.7,5.0,9.0,12.0,0.8,5.0,17.0,17.0,2025-06-19 05:11:19,36.84210526315789,0.36538461538461536,0.1346153846153846,0.001565217391304348,39.130434782608695,35.714285714285715,60.86956521739131,100.0,5.220883534136546,3.413654618473896,65.38461538461539,9.576923076923077,8.711538461538462
1068,ATM,Atlético Madrid,esp.atletico_madrid,13056,724441,1,56.9,13.0,2.0,0.0,0.0,2.0,3.0,15.0,7.0,0.5,0.0,0.0,468.0,546.0,0.9,5.0,13.0,0.4,38.0,19.0,0.5,2.0,13.0,22.0,0.6,9.0,21.0,21.0,2025-06-21 04:51:56,46.666666666666664,0.26362038664323373,0.12302284710017575,0.0019230769230769232,38.46153846153847,40.909090909090914,62.857142857142854,100.0,6.95970695970696,3.47985347985348,50.0,9.595782073813709,8.224956063268893
160,PSG,Paris Saint-Germain,fra.psg,13056,724442,0,74.7,11.0,0.0,0.0,1.0,10.0,3.0,16.0,2.0,0.1,0.0,0.0,680.0,751.0,0.9,6.0,31.0,0.2,61.0,46.0,0.8,8.0,10.0,19.0,0.5,11.0,6.0,6.0,2025-06-21 04:51:56,12.5,0.214190093708166,0.02677376171352075,0.00019354838709677422,19.35483870967742,50.0,65.625,100.0,8.122503328894808,6.125166444740346,75.40983606557377,10.05354752342704,9.103078982597054
363,CHE,Chelsea,eng.chelsea,13056,724444,1,48.5,14.0,3.0,1.0,0.0,5.0,5.0,11.0,4.0,0.4,0.0,0.0,361.0,410.0,0.9,3.0,11.0,0.3,28.0,12.0,0.4,3.0,4.0,11.0,0.4,7.0,10.0,10.0,2025-06-21 04:51:56,36.36363636363637,0.2268041237113402,0.08247422680412371,0.001090909090909091,27.27272727272727,33.33333333333333,44.0,100.0,6.829268292682928,2.9268292682926833,42.857142857142854,8.45360824742268,7.443298969072165
132,MUN,Bayern Munich,ger.bayern_munich,13056,724446,0,72.5,13.0,1.0,0.0,3.0,6.0,2.0,11.0,4.0,0.4,0.0,0.0,598.0,644.0,0.9,1.0,16.0,0.1,36.0,32.0,0.9,1.0,4.0,7.0,0.6,4.0,15.0,15.0,2025-06-22 04:41:16,36.36363636363637,0.15172413793103448,0.05517241379310345,0.00025,6.25,23.52941176470588,38.095238095238095,100.0,5.590062111801243,4.968944099378882,88.88888888888889,8.882758620689655,8.248275862068965
124,DOR,Borussia Dortmund,ger.dortmund,13056,724447,1,40.7,15.0,2.0,0.0,2.0,5.0,1.0,8.0,6.0,0.8,0.0,0.0,316.0,388.0,0.8,4.0,13.0,0.3,47.0,24.0,0.5,2.0,7.0,11.0,0.6,13.0,15.0,15.0,2025-06-22 04:41:16,75.0,0.19656019656019655,0.14742014742014742,0.0024615384615384616,30.76923076923077,46.42857142857143,57.14285714285714,100.0,12.11340206185567,6.185567010309279,51.06382978723404,9.533169533169533,7.764127764127764
86,RMA,Real Madrid,esp.real_madrid,13056,724452,0,57.2,8.0,0.0,1.0,0.0,2.0,10.0,8.0,3.0,0.4,0.0,0.0,533.0,589.0,0.9,0.0,8.0,0.0,45.0,29.0,0.6,3.0,8.0,15.0,0.5,8.0,19.0,19.0,2025-06-23 04:35:27,37.5,0.13986013986013984,0.05244755244755245,0.0,0.0,50.0,66.66666666666666,100.0,7.6400679117147705,4.923599320882852,64.44444444444444,10.297202797202797,9.318181818181818
382,MNC,Manchester City,eng.man_city,13056,724454,0,73.9,11.0,1.0,0.0,0.0,9.0,1.0,21.0,11.0,0.5,1.0,1.0,709.0,753.0,0.9,3.0,21.0,0.1,33.0,23.0,0.7,5.0,12.0,14.0,0.9,7.0,7.0,7.0,2025-06-24 04:33:58,52.38095238095239,0.2841677943166441,0.14884979702300405,0.0007142857142857143,14.285714285714285,38.88888888888889,63.33333333333333,100.0,4.382470119521913,3.054448871181939,69.6969696969697,10.189445196211095,9.59404600811908
1068,ATM,Atlético Madrid,esp.atletico_madrid,13056,724455,0,61.2,11.0,0.0,0.0,0.0,9.0,3.0,24.0,5.0,0.2,0.0,0.0,508.0,576.0,0.9,8.0,39.0,0.2,38.0,28.0,0.7,7.0,11.0,14.0,0.8,5.0,14.0,14.0,2025-06-25 04:37:51,20.833333333333336,0.39215686274509803,0.08169934640522876,0.00041025641025641023,20.51282051282051,31.25,59.25925925925925,100.0,6.597222222222222,4.861111111111112,73.68421052631578,9.411764705882353,8.30065359477124
160,PSG,Paris Saint-Germain,fra.psg,13056,724456,1,72.3,9.0,1.0,0.0,0.0,7.0,0.0,15.0,7.0,0.5,0.0,0.0,747.0,816.0,0.9,3.0,18.0,0.2,58.0,45.0,0.8,4.0,13.0,22.0,0.6,5.0,19.0,19.0,2025-06-25 04:37:51,46.666666666666664,0.2074688796680498,0.09681881051175657,0.0008333333333333333,16.666666666666664,35.714285714285715,66.66666666666666,100.0,7.107843137254902,5.514705882352941,77.58620689655173,11.28630705394191,10.33195020746888
132,MUN,Bayern Munich,ger.bayern_munich,13056,724460,1,73.0,9.0,0.0,0.0,6.0,6.0,3.0,13.0,4.0,0.3,0.0,0.0,623.0,687.0,0.9,5.0,27.0,0.2,27.0,18.0,0.7,5.0,9.0,14.0,0.6,6.0,10.0,10.0,2025-06-27 04:56:26,30.76923076923077,0.1780821917808219,0.0547945205479452,0.0005555555555555556,18.51851851851852,40.0,62.5,100.0,3.9301310043668125,2.6200873362445414,66.66666666666666,9.41095890410959,8.534246575342467
363,CHE,Chelsea,eng.chelsea,13056,724462,1,74.1,12.0,0.0,0.0,1.0,4.0,0.0,16.0,7.0,0.4,0.0,0.0,633.0,683.0,0.9,3.0,12.0,0.3,11.0,4.0,0.4,4.0,5.0,11.0,0.5,2.0,7.0,7.0,2025-06-27 04:56:26,43.75,0.21592442645074225,0.09446693657219973,0.001,25.0,14.285714285714285,36.84210526315789,100.0,1.610541727672035,0.5856515373352855,36.36363636363637,9.21727395411606,8.542510121457491
124,DOR,Borussia Dortmund,ger.dortmund,13056,724463,0,59.5,10.0,2.0,0.0,0.0,6.0,3.0,28.0,11.0,0.4,0.0,0.0,461.0,515.0,0.9,10.0,24.0,0.4,35.0,19.0,0.5,8.0,4.0,8.0,0.5,6.0,4.0,4.0,2025-06-27 04:56:26,39.285714285714285,0.47058823529411764,0.18487394957983194,0.0016666666666666668,41.66666666666667,37.5,50.0,100.0,6.796116504854369,3.6893203883495143,54.285714285714285,8.655462184873949,7.7478991596638656
382,MNC,Manchester City,eng.man_city,13056,724468,1,76.1,10.0,0.0,0.0,1.0,6.0,0.0,24.0,11.0,0.5,0.0,0.0,717.0,769.0,0.9,5.0,15.0,0.3,25.0,15.0,0.6,10.0,7.0,12.0,0.6,5.0,2.0,2.0,2025-06-28 04:42:02,45.83333333333333,0.31537450722733246,0.1445466491458607,0.0016666666666666666,33.33333333333333,33.33333333333333,54.54545454545454,100.0,3.2509752925877766,1.950585175552666,60.0,10.105124835742444,9.421813403416557
86,RMA,Real Madrid,esp.real_madrid,13056,724470,1,55.6,4.0,0.0,0.0,0.0,5.0,3.0,12.0,4.0,0.3,0.0,0.0,577.0,648.0,0.9,4.0,15.0,0.3,56.0,33.0,0.6,2.0,15.0,21.0,0.7,10.0,21.0,21.0,2025-06-28 04:42:02,33.33333333333333,0.2158273381294964,0.07194244604316546,0.0008,26.666666666666668,71.42857142857143,86.20689655172413,100.0,8.641975308641975,5.092592592592593,58.92857142857143,11.654676258992806,10.377697841726619
1068,ATM,Atlético Madrid,esp.atletico_madrid,12920,724687,1,59.8,15.0,3.0,0.0,1.0,7.0,2.0,18.0,5.0,0.3,0.0,0.0,529.0,600.0,0.9,1.0,10.0,0.1,50.0,35.0,0.7,5.0,23.0,31.0,0.7,7.0,16.0,16.0,2025-01-05 05:43:24,27.77777777777778,0.3010033444816054,0.08361204013377926,0.0003,10.0,31.818181818181817,66.66666666666666,100.0,8.333333333333332,5.833333333333333,70.0,10.033444816053512,8.846153846153847
86,RMA,Real Madrid,esp.real_madrid,12920,724692,1,66.5,13.0,0.0,0.0,3.0,9.0,1.0,33.0,21.0,0.6,0.0,0.0,637.0,692.0,0.9,4.0,18.0,0.2,42.0,36.0,0.9,4.0,10.0,25.0,0.4,8.0,3.0,3.0,2025-01-07 05:42:47,63.63636363636363,0.49624060150375937,0.3157894736842105,0.0013333333333333333,22.22222222222222,38.095238095238095,58.06451612903226,100.0,6.069364161849711,5.202312138728324,85.71428571428571,10.406015037593985,9.578947368421053
83,BAR,Barcelona,esp.barcelona,12920,724693,1,74.8,7.0,1.0,0.0,3.0,8.0,1.0,19.0,9.0,0.5,0.0,0.0,585.0,659.0,0.9,11.0,27.0,0.4,44.0,27.0,0.6,5.0,12.0,16.0,0.8,9.0,18.0,18.0,2025-01-05 05:43:24,47.368421052631575,0.2540106951871658,0.12032085561497327,0.002037037037037037,40.74074074074074,56.25,75.0,100.0,6.676783004552352,4.09711684370258,61.36363636363637,8.810160427807487,7.820855614973262
160,PSG,Paris Saint-Germain,fra.psg,13015,727617,1,82.7,13.0,1.0,0.0,3.0,4.0,2.0,13.0,8.0,0.6,1.0,1.0,816.0,893.0,0.9,5.0,22.0,0.2,34.0,26.0,0.8,1.0,11.0,14.0,0.8,6.0,2.0,2.0,2025-01-18 05:38:21,61.53846153846154,0.15719467956469166,0.09673518742442563,0.0013636363636363635,22.727272727272727,31.57894736842105,56.666666666666664,100.0,3.807390817469205,2.9115341545352744,76.47058823529412,10.798065296251512,9.866989117291414
359,ARS,Arsenal,eng.arsenal,12728,727880,0,69.5,6.0,1.0,0.0,2.0,11.0,2.0,23.0,3.0,0.1,0.0,0.0,500.0,572.0,0.9,9.0,42.0,0.2,42.0,20.0,0.5,10.0,7.0,13.0,0.5,3.0,11.0,11.0,2025-01-10 05:36:39,13.043478260869565,0.33093525179856115,0.04316546762589928,0.00021428571428571427,21.428571428571427,33.33333333333333,62.5,100.0,7.3426573426573425,3.4965034965034967,47.61904761904761,8.23021582733813,7.194244604316546
364,LIV,Liverpool,eng.liverpool,12728,727881,1,60.1,10.0,0.0,0.0,0.0,2.0,2.0,14.0,7.0,0.5,0.0,0.0,489.0,565.0,0.9,5.0,20.0,0.3,51.0,20.0,0.4,3.0,12.0,19.0,0.6,9.0,17.0,17.0,2025-01-09 05:42:55,50.0,0.23294509151414308,0.11647254575707154,0.00125,25.0,47.368421052631575,67.74193548387096,100.0,9.026548672566372,3.5398230088495577,39.21568627450981,9.40099833610649,8.136439267886855
364,LIV,Liverpool,eng.liverpool,12728,727882,0,64.0,5.0,0.0,0.0,3.0,14.0,0.0,26.0,10.0,0.4,1.0,1.0,503.0,578.0,0.9,11.0,25.0,0.4,51.0,29.0,0.6,10.0,14.0,22.0,0.6,8.0,16.0,16.0,2025-02-10 05:47:23,38.46153846153847,0.40625,0.15625,0.0017600000000000003,44.0,61.53846153846154,81.48148148148148,100.0,8.823529411764707,5.017301038062284,56.86274509803921,9.03125,7.859375
359,ARS,Arsenal,eng.arsenal,12728,727883,1,68.3,12.0,3.0,0.0,0.0,13.0,1.0,11.0,3.0,0.3,0.0,0.0,350.0,423.0,0.8,3.0,31.0,0.1,31.0,12.0,0.4,5.0,10.0,15.0,0.7,2.0,13.0,13.0,2025-02-09 05:50:16,27.27272727272727,0.16105417276720352,0.043923865300146414,0.00029032258064516127,9.67741935483871,14.285714285714285,50.0,100.0,7.328605200945626,2.8368794326241136,38.70967741935484,6.193265007320645,5.124450951683748
86,RMA,Real Madrid,esp.real_madrid,12919,729684,0,58.4,10.0,2.0,0.0,3.0,11.0,2.0,23.0,11.0,0.5,0.0,0.0,747.0,818.0,0.9,7.0,28.0,0.3,80.0,50.0,0.6,6.0,15.0,17.0,0.9,10.0,21.0,21.0,2025-01-17 05:55:41,47.82608695652174,0.3938356164383562,0.18835616438356165,0.00125,25.0,50.0,71.42857142857143,100.0,9.7799511002445,6.112469437652812,62.5,14.006849315068493,12.79109589041096
1068,ATM,Atlético Madrid,esp.atletico_madrid,12919,729686,1,46.7,17.0,1.0,0.0,2.0,9.0,4.0,14.0,11.0,0.8,1.0,1.0,427.0,468.0,0.9,2.0,17.0,0.1,33.0,23.0,0.7,1.0,11.0,16.0,0.7,9.0,22.0,22.0,2025-01-16 05:38:59,78.57142857142857,0.29978586723768735,0.2355460385438972,0.0009411764705882353,11.76470588235294,34.61538461538461,54.054054054054056,100.0,7.051282051282051,4.914529914529915,69.6969696969697,10.021413276231263,9.143468950749464
83,BAR,Barcelona,esp.barcelona,12919,729687,0,68.7,10.0,2.0,0.0,8.0,8.0,2.0,18.0,9.0,0.5,0.0,0.0,581.0,648.0,0.9,3.0,15.0,0.2,43.0,28.0,0.7,6.0,8.0,16.0,0.5,9.0,10.0,10.0,2025-01-16 05:38:59,50.0,0.26200873362445415,0.13100436681222707,0.001,20.0,47.368421052631575,62.96296296296296,100.0,6.635802469135803,4.320987654320987,65.11627906976744,9.432314410480348,8.457059679767102
364,LIV,Liverpool,eng.liverpool,12985,730037,1,75.0,7.0,2.0,0.0,2.0,7.0,1.0,14.0,4.0,0.3,0.0,0.0,498.0,595.0,0.8,3.0,20.0,0.2,61.0,26.0,0.4,6.0,8.0,11.0,0.7,8.0,29.0,29.0,2025-02-11 05:48:04,28.57142857142857,0.18666666666666668,0.05333333333333334,0.00045,15.0,53.333333333333336,69.56521739130434,100.0,10.252100840336134,4.369747899159663,42.62295081967213,7.933333333333334,6.64
363,CHE,Chelsea,eng.chelsea,12985,730046,1,57.3,3.0,2.0,0.0,1.0,3.0,1.0,7.0,1.0,0.1,0.0,0.0,495.0,561.0,0.9,1.0,10.0,0.1,57.0,25.0,0.4,1.0,9.0,16.0,0.6,4.0,23.0,23.0,2025-02-10 05:47:23,14.285714285714285,0.12216404886561955,0.017452006980802792,0.00010000000000000002,10.0,57.14285714285714,81.25,100.0,10.16042780748663,4.45632798573975,43.859649122807014,9.790575916230367,8.638743455497382
382,MNC,Manchester City,eng.man_city,12985,730051,1,73.1,5.0,1.0,0.0,0.0,10.0,3.0,24.0,10.0,0.4,0.0,0.0,514.0,580.0,0.9,5.0,19.0,0.3,46.0,29.0,0.6,9.0,13.0,18.0,0.7,2.0,20.0,20.0,2025-02-10 05:47:23,41.66666666666667,0.32831737346101236,0.13679890560875513,0.0010526315789473684,26.31578947368421,28.57142857142857,75.0,100.0,7.931034482758621,5.0,63.04347826086957,7.934336525307798,7.031463748290014
160,PSG,Paris Saint-Germain,fra.psg,13014,730525,1,71.4,11.0,3.0,0.0,0.0,5.0,2.0,12.0,3.0,0.3,0.0,0.0,782.0,842.0,0.9,0.0,10.0,0.0,55.0,46.0,0.8,1.0,8.0,18.0,0.4,2.0,3.0,3.0,2025-02-07 05:43:01,25.0,0.1680672268907563,0.04201680672268907,0.0,0.0,15.384615384615385,47.61904761904761,100.0,6.532066508313539,5.463182897862233,83.63636363636363,11.792717086834733,10.95238095238095
83,BAR,Barcelona,esp.barcelona,12918,730975,1,76.8,7.0,0.0,0.0,2.0,4.0,1.0,17.0,9.0,0.5,0.0,0.0,770.0,839.0,0.9,1.0,4.0,0.3,42.0,26.0,0.6,4.0,5.0,13.0,0.4,4.0,18.0,18.0,2025-02-07 05:43:01,52.94117647058824,0.22135416666666669,0.1171875,0.00125,25.0,36.36363636363637,56.25,100.0,5.005959475566151,3.098927294398093,61.904761904761905,10.924479166666668,10.026041666666668
1068,ATM,Atlético Madrid,esp.atletico_madrid,12918,730976,0,49.0,12.0,1.0,0.0,1.0,6.0,4.0,14.0,8.0,0.6,0.0,0.0,383.0,461.0,0.8,3.0,13.0,0.2,44.0,20.0,0.5,3.0,12.0,19.0,0.6,5.0,15.0,15.0,2025-02-06 05:44:20,57.14285714285714,0.2857142857142857,0.16326530612244897,0.0013846153846153847,23.076923076923077,29.411764705882355,58.620689655172406,100.0,9.544468546637743,4.3383947939262475,45.45454545454545,9.408163265306122,7.816326530612245
86,RMA,Real Madrid,esp.real_madrid,12918,730977,1,58.9,13.0,3.0,0.0,1.0,7.0,3.0,20.0,12.0,0.6,0.0,0.0,533.0,573.0,0.9,7.0,16.0,0.4,33.0,24.0,0.7,2.0,10.0,16.0,0.6,7.0,21.0,21.0,2025-02-06 05:44:20,60.0,0.3395585738539898,0.2037351443123939,0.002625,43.75,35.0,56.666666666666664,100.0,5.7591623036649215,4.18848167539267,72.72727272727273,9.72835314091681,9.049235993208828
160,PSG,Paris Saint-Germain,fra.psg,12886,732185,1,62.0,13.0,1.0,0.0,1.0,3.0,2.0,16.0,7.0,0.4,1.0,1.0,523.0,589.0,0.9,1.0,10.0,0.1,52.0,30.0,0.6,5.0,11.0,16.0,0.7,12.0,45.0,45.0,2025-02-12 05:47:15,43.75,0.25806451612903225,0.11290322580645161,0.0004000000000000001,10.0,48.0,63.888888888888886,100.0,8.828522920203735,5.093378607809847,57.692307692307686,9.5,8.435483870967742
132,MUN,Bayern Munich,ger.bayern_munich,12886,732186,1,56.9,4.0,0.0,0.0,4.0,7.0,1.0,10.0,5.0,0.5,0.0,0.0,593.0,650.0,0.9,3.0,17.0,0.2,40.0,25.0,0.6,2.0,9.0,12.0,0.8,7.0,26.0,26.0,2025-02-14 05:51:56,50.0,0.1757469244288225,0.08787346221441125,0.0008823529411764706,17.647058823529413,63.63636363636363,80.0,100.0,6.153846153846154,3.8461538461538463,62.5,11.423550087873462,10.421792618629174
382,MNC,Manchester City,eng.man_city,12886,732187,0,54.4,9.0,0.0,0.0,1.0,6.0,4.0,11.0,4.0,0.4,1.0,1.0,450.0,497.0,0.9,2.0,14.0,0.1,28.0,13.0,0.5,4.0,9.0,16.0,0.6,4.0,15.0,15.0,2025-02-12 05:47:15,36.36363636363637,0.20220588235294118,0.07352941176470588,0.0005714285714285714,14.285714285714285,30.76923076923077,59.09090909090909,100.0,5.633802816901409,2.61569416498994,46.42857142857143,9.136029411764707,8.272058823529411
86,RMA,Real Madrid,esp.real_madrid,12886,732187,1,45.6,6.0,0.0,0.0,2.0,5.0,2.0,20.0,8.0,0.4,0.0,0.0,375.0,420.0,0.9,0.0,9.0,0.0,46.0,27.0,0.6,5.0,8.0,15.0,0.5,4.0,12.0,12.0,2025-02-12 05:47:15,40.0,0.43859649122807015,0.17543859649122806,0.0,0.0,40.0,66.66666666666666,100.0,10.952380952380953,6.428571428571428,58.69565217391305,9.210526315789473,8.223684210526315
124,DOR,Borussia Dortmund,ger.dortmund,12886,732189,1,54.5,18.0,1.0,0.0,1.0,8.0,6.0,16.0,7.0,0.4,0.0,0.0,458.0,516.0,0.9,8.0,23.0,0.3,35.0,24.0,0.7,5.0,15.0,23.0,0.7,3.0,21.0,21.0,2025-02-13 05:50:42,43.75,0.29357798165137616,0.12844036697247707,0.001391304347826087,34.78260869565217,14.285714285714285,50.0,100.0,6.782945736434108,4.651162790697675,68.57142857142857,9.46788990825688,8.403669724770642
132,MUN,Bayern Munich,ger.bayern_munich,12886,732193,0,67.0,2.0,0.0,0.0,0.0,7.0,1.0,23.0,10.0,0.4,0.0,0.0,702.0,765.0,0.9,4.0,30.0,0.1,43.0,27.0,0.6,5.0,4.0,7.0,0.6,7.0,3.0,3.0,2025-02-20 05:49:20,43.47826086956522,0.34328358208955223,0.14925373134328357,0.0005333333333333334,13.333333333333334,77.77777777777779,84.61538461538461,100.0,5.620915032679739,3.5294117647058822,62.7906976744186,11.417910447761194,10.477611940298507
160,PSG,Paris Saint-Germain,fra.psg,12886,732196,0,68.3,7.0,0.0,0.0,0.0,4.0,2.0,20.0,9.0,0.5,0.0,0.0,679.0,743.0,0.9,4.0,12.0,0.3,43.0,34.0,0.8,3.0,10.0,13.0,0.8,6.0,14.0,14.0,2025-02-21 05:54:27,45.0,0.29282576866764276,0.13177159590043924,0.0016666666666666666,33.33333333333333,46.15384615384615,69.56521739130434,100.0,5.787348586810229,4.5760430686406455,79.06976744186046,10.878477306002928,9.941434846266471
124,DOR,Borussia Dortmund,ger.dortmund,12886,732199,0,55.2,14.0,1.0,0.0,4.0,6.0,1.0,19.0,5.0,0.3,0.0,1.0,543.0,609.0,0.9,6.0,24.0,0.3,39.0,27.0,0.7,3.0,17.0,25.0,0.7,6.0,17.0,17.0,2025-02-20 05:49:20,26.31578947368421,0.3442028985507246,0.09057971014492754,0.00075,25.0,30.0,62.16216216216216,100.0,6.403940886699508,4.433497536945813,69.23076923076923,11.032608695652174,9.836956521739129
86,RMA,Real Madrid,esp.real_madrid,12886,732200,0,48.4,9.0,1.0,0.0,0.0,7.0,3.0,15.0,8.0,0.5,0.0,0.0,437.0,493.0,0.9,3.0,9.0,0.3,48.0,24.0,0.5,4.0,8.0,15.0,0.5,9.0,14.0,14.0,2025-02-20 05:49:20,53.333333333333336,0.30991735537190085,0.1652892561983471,0.0016666666666666666,33.33333333333333,50.0,65.38461538461539,100.0,9.73630831643002,4.86815415821501,50.0,10.185950413223141,9.02892561983471
382,MNC,Manchester City,eng.man_city,12886,732200,1,51.6,9.0,2.0,0.0,1.0,5.0,5.0,12.0,4.0,0.3,0.0,0.0,480.0,528.0,0.9,1.0,9.0,0.1,10.0,3.0,0.3,5.0,8.0,12.0,0.7,5.0,14.0,14.0,2025-02-20 05:49:20,33.33333333333333,0.23255813953488372,0.07751937984496124,0.0003333333333333333,11.11111111111111,35.714285714285715,59.09090909090909,100.0,1.893939393939394,0.5681818181818182,30.0,10.232558139534884,9.30232558139535
160,PSG,Paris Saint-Germain,fra.psg,13013,732290,1,73.9,9.0,0.0,0.0,1.0,8.0,2.0,21.0,9.0,0.4,1.0,1.0,738.0,789.0,0.9,4.0,17.0,0.2,27.0,19.0,0.7,7.0,11.0,20.0,0.6,4.0,12.0,12.0,2025-02-28 05:53:14,42.857142857142854,0.2841677943166441,0.12178619756427604,0.0009411764705882353,23.52941176470588,30.76923076923077,62.5,100.0,3.4220532319391634,2.4081115335868186,70.37037037037037,10.6765899864682,9.986468200270636
382,MNC,Manchester City,eng.man_city,12984,732573,0,73.0,5.0,0.0,0.0,1.0,20.0,0.0,29.0,9.0,0.3,0.0,0.0,610.0,679.0,0.9,13.0,34.0,0.4,36.0,17.0,0.5,10.0,3.0,8.0,0.4,6.0,24.0,24.0,2025-03-02 19:59:20,31.03448275862069,0.3972602739726027,0.1232876712328767,0.0011470588235294116,38.23529411764706,54.54545454545454,64.28571428571429,100.0,5.3019145802650955,2.503681885125184,47.22222222222222,9.301369863013699,8.356164383561644
83,BAR,Barcelona,esp.barcelona,12917,732586,0,67.3,12.0,0.0,0.0,0.0,8.0,3.0,16.0,9.0,0.6,0.0,0.0,599.0,677.0,0.9,3.0,22.0,0.1,36.0,19.0,0.5,3.0,12.0,15.0,0.8,9.0,13.0,13.0,2025-02-28 05:53:14,56.25,0.23774145616641904,0.1337295690936107,0.000818181818181818,13.636363636363635,42.857142857142854,63.63636363636363,100.0,5.317577548005908,2.806499261447563,52.77777777777778,10.059435364041605,8.900445765230312
1068,ATM,Atlético Madrid,esp.atletico_madrid,12917,732586,1,32.7,10.0,4.0,0.0,3.0,3.0,4.0,10.0,7.0,0.7,0.0,0.0,250.0,325.0,0.8,2.0,7.0,0.3,48.0,22.0,0.5,1.0,12.0,20.0,0.6,12.0,36.0,36.0,2025-02-28 05:53:14,70.0,0.3058103975535168,0.21406727828746175,0.002,28.57142857142857,54.54545454545454,70.58823529411765,100.0,14.76923076923077,6.769230769230769,45.83333333333333,9.938837920489295,7.64525993883792
86,RMA,Real Madrid,esp.real_madrid,12917,732587,1,48.0,9.0,2.0,0.0,2.0,8.0,6.0,14.0,5.0,0.4,0.0,0.0,367.0,434.0,0.8,3.0,10.0,0.3,54.0,26.0,0.5,3.0,6.0,16.0,0.4,5.0,37.0,37.0,2025-03-01 05:49:16,35.714285714285715,0.2916666666666667,0.10416666666666667,0.0012,30.0,35.714285714285715,55.00000000000001,100.0,12.442396313364055,5.990783410138248,48.148148148148145,9.041666666666666,7.645833333333333
1068,ATM,Atlético Madrid,esp.atletico_madrid,12917,732588,0,43.5,11.0,5.0,0.0,4.0,6.0,4.0,6.0,0.0,0.0,0.0,0.0,290.0,361.0,0.8,8.0,29.0,0.3,66.0,36.0,0.5,1.0,6.0,13.0,0.5,11.0,19.0,19.0,2025-04-04 04:55:24,0.0,0.13793103448275862,0.0,0.0,27.586206896551722,50.0,60.71428571428571,100.0,18.282548476454295,9.97229916897507,54.54545454545454,8.298850574712644,6.666666666666667
83,BAR,Barcelona,esp.barcelona,12917,732588,1,56.5,22.0,3.0,0.0,1.0,7.0,0.0,15.0,5.0,0.3,0.0,0.0,423.0,498.0,0.8,2.0,12.0,0.2,42.0,26.0,0.6,6.0,9.0,11.0,0.8,11.0,21.0,21.0,2025-04-04 04:55:24,33.33333333333333,0.26548672566371684,0.08849557522123894,0.0005,16.666666666666664,33.33333333333333,47.61904761904761,100.0,8.433734939759036,5.220883534136546,61.904761904761905,8.814159292035399,7.486725663716814
86,RMA,Real Madrid,esp.real_madrid,12917,732589,0,58.4,6.0,1.0,0.0,3.0,10.0,2.0,26.0,10.0,0.4,0.0,0.0,637.0,707.0,0.9,3.0,16.0,0.2,69.0,44.0,0.6,5.0,14.0,17.0,0.8,10.0,21.0,21.0,2025-04-02 21:02:57,38.46153846153847,0.4452054794520548,0.17123287671232876,0.0007500000000000001,18.75,62.5,80.0,100.0,9.759547383309759,6.223479490806223,63.76811594202898,12.106164383561644,10.907534246575343
364,LIV,Liverpool,eng.liverpool,12727,733028,0,65.6,14.0,1.0,0.0,2.0,4.0,4.0,7.0,2.0,0.3,0.0,0.0,359.0,452.0,0.8,3.0,19.0,0.2,57.0,19.0,0.3,2.0,12.0,13.0,0.9,3.0,27.0,27.0,2025-03-19 04:52:15,28.57142857142857,0.10670731707317074,0.030487804878048783,0.0004736842105263157,15.789473684210526,17.647058823529413,51.724137931034484,100.0,12.610619469026549,4.20353982300885,33.33333333333333,6.890243902439025,5.472560975609756
83,BAR,Barcelona,esp.barcelona,12884,733143,1,48.0,5.0,1.0,1.0,1.0,4.0,8.0,10.0,5.0,0.5,0.0,0.0,356.0,430.0,0.8,4.0,12.0,0.3,51.0,19.0,0.4,3.0,10.0,15.0,0.7,6.0,42.0,42.0,2025-03-06 12:55:37,50.0,0.20833333333333334,0.10416666666666667,0.0016666666666666666,33.33333333333333,54.54545454545454,76.19047619047619,100.0,11.86046511627907,4.4186046511627906,37.254901960784316,8.958333333333334,7.416666666666667
83,BAR,Barcelona,esp.barcelona,12884,733144,0,65.1,4.0,0.0,0.0,3.0,1.0,1.0,20.0,6.0,0.3,0.0,0.0,580.0,650.0,0.9,4.0,10.0,0.4,27.0,12.0,0.4,5.0,14.0,19.0,0.7,2.0,14.0,14.0,2025-03-12 04:49:50,30.0,0.30721966205837176,0.09216589861751152,0.0012,40.0,33.33333333333333,80.0,100.0,4.153846153846154,1.8461538461538463,44.44444444444444,9.984639016897082,8.90937019969278
132,MUN,Bayern Munich,ger.bayern_munich,12884,733147,0,64.6,13.0,2.0,0.0,0.0,5.0,1.0,17.0,6.0,0.4,1.0,1.0,480.0,556.0,0.9,4.0,18.0,0.2,58.0,33.0,0.6,4.0,7.0,14.0,0.5,7.0,12.0,12.0,2025-03-06 12:55:37,35.294117647058826,0.26315789473684215,0.09287925696594428,0.0008888888888888889,22.22222222222222,35.0,51.85185185185185,100.0,10.431654676258994,5.935251798561151,56.896551724137936,8.606811145510836,7.430340557275542
132,MUN,Bayern Munich,ger.bayern_munich,12884,733148,1,46.7,13.0,3.0,0.0,0.0,6.0,3.0,12.0,5.0,0.4,0.0,0.0,259.0,338.0,0.8,3.0,14.0,0.2,55.0,19.0,0.3,2.0,9.0,17.0,0.5,15.0,38.0,38.0,2025-03-13 04:48:46,41.66666666666667,0.2569593147751606,0.1070663811563169,0.0008571428571428571,21.428571428571427,53.57142857142857,64.86486486486487,100.0,16.272189349112427,5.621301775147929,34.54545454545455,7.237687366167023,5.5460385438972155
160,PSG,Paris Saint-Germain,fra.psg,12884,733600,0,70.4,3.0,1.0,0.0,3.0,14.0,0.0,27.0,10.0,0.4,0.0,0.0,629.0,693.0,0.9,5.0,24.0,0.2,34.0,23.0,0.7,9.0,15.0,20.0,0.8,8.0,12.0,12.0,2025-03-06 12:55:37,37.03703703703704,0.38352272727272724,0.14204545454545453,0.0008333333333333334,20.833333333333336,72.72727272727273,88.46153846153845,100.0,4.9062049062049065,3.318903318903319,67.64705882352942,9.84375,8.93465909090909
364,LIV,Liverpool,eng.liverpool,12884,733600,1,29.6,7.0,1.0,0.0,0.0,2.0,9.0,2.0,1.0,0.5,0.0,0.0,220.0,295.0,0.7,1.0,5.0,0.2,58.0,24.0,0.4,0.0,9.0,14.0,0.6,9.0,22.0,22.0,2025-03-06 12:55:37,50.0,0.06756756756756756,0.03378378378378378,0.001,20.0,56.25,72.0,100.0,19.661016949152543,8.135593220338983,41.37931034482759,9.966216216216216,7.4324324324324325
124,DOR,Borussia Dortmund,ger.dortmund,12884,733601,0,43.3,14.0,2.0,0.0,2.0,5.0,0.0,7.0,1.0,0.1,0.0,0.0,339.0,431.0,0.8,3.0,14.0,0.2,62.0,26.0,0.4,0.0,10.0,22.0,0.5,13.0,17.0,17.0,2025-03-06 12:55:37,14.285714285714285,0.16166281755196307,0.023094688221709007,0.00021428571428571427,21.428571428571427,48.148148148148145,62.16216216216216,100.0,14.385150812064964,6.0324825986078885,41.935483870967744,9.953810623556583,7.829099307159354
86,RMA,Real Madrid,esp.real_madrid,12884,733602,0,51.4,10.0,1.0,0.0,0.0,6.0,1.0,13.0,7.0,0.5,0.0,0.0,596.0,642.0,0.9,2.0,11.0,0.2,40.0,22.0,0.6,4.0,7.0,11.0,0.6,15.0,13.0,13.0,2025-03-06 12:55:37,53.84615384615385,0.2529182879377432,0.13618677042801558,0.0009090909090909091,18.181818181818183,60.0,68.75,100.0,6.230529595015576,3.4267912772585665,55.00000000000001,12.490272373540856,11.59533073929961
1068,ATM,Atlético Madrid,esp.atletico_madrid,12884,733602,1,48.6,13.0,0.0,0.0,0.0,3.0,5.0,6.0,2.0,0.3,0.0,0.0,538.0,602.0,0.9,3.0,10.0,0.3,33.0,15.0,0.5,1.0,14.0,19.0,0.7,6.0,15.0,15.0,2025-03-06 12:55:37,33.33333333333333,0.12345679012345678,0.0411522633744856,0.0009,30.0,31.57894736842105,60.60606060606061,100.0,5.48172757475083,2.4916943521594686,45.45454545454545,12.386831275720164,11.069958847736626
359,ARS,Arsenal,eng.arsenal,12884,733603,1,46.8,10.0,3.0,0.0,4.0,3.0,1.0,15.0,8.0,0.5,0.0,0.0,329.0,400.0,0.8,4.0,8.0,0.5,36.0,11.0,0.3,3.0,7.0,9.0,0.8,12.0,26.0,26.0,2025-03-06 12:55:37,53.333333333333336,0.32051282051282054,0.17094017094017094,0.0025,50.0,54.54545454545454,65.51724137931035,100.0,9.0,2.75,30.555555555555557,8.547008547008547,7.029914529914531
124,DOR,Borussia Dortmund,ger.dortmund,12884,733604,1,50.4,12.0,3.0,0.0,3.0,3.0,3.0,17.0,8.0,0.5,1.0,1.0,353.0,440.0,0.8,7.0,20.0,0.4,71.0,31.0,0.4,1.0,12.0,22.0,0.5,11.0,29.0,29.0,2025-03-14 04:53:04,47.05882352941176,0.3373015873015873,0.15873015873015872,0.0017499999999999998,35.0,47.82608695652174,65.71428571428571,100.0,16.136363636363637,7.045454545454545,43.66197183098591,8.730158730158731,7.003968253968254
364,LIV,Liverpool,eng.liverpool,12884,733605,0,45.8,14.0,1.0,0.0,3.0,12.0,7.0,19.0,3.0,0.2,0.0,0.0,425.0,538.0,0.8,6.0,35.0,0.2,80.0,40.0,0.5,6.0,13.0,20.0,0.7,12.0,12.0,12.0,2025-03-12 04:49:50,15.789473684210526,0.4148471615720524,0.06550218340611354,0.00034285714285714285,17.142857142857142,46.15384615384615,64.1025641025641,100.0,14.869888475836431,7.434944237918216,50.0,11.746724890829695,9.279475982532752
160,PSG,Paris Saint-Germain,fra.psg,12884,733605,1,54.2,6.0,1.0,0.0,3.0,6.0,2.0,21.0,8.0,0.4,0.0,0.0,572.0,675.0,0.8,2.0,10.0,0.2,68.0,20.0,0.3,8.0,17.0,33.0,0.5,14.0,55.0,55.0,2025-03-12 04:49:50,38.095238095238095,0.38745387453874536,0.14760147601476015,0.0008000000000000001,20.0,70.0,83.78378378378379,100.0,10.074074074074074,2.9629629629629632,29.411764705882355,12.453874538745387,10.55350553505535
1068,ATM,Atlético Madrid,esp.atletico_madrid,12884,733606,0,38.0,11.0,4.0,0.0,1.0,10.0,3.0,17.0,8.0,0.5,0.0,0.0,441.0,510.0,0.9,4.0,28.0,0.1,43.0,20.0,0.5,2.0,27.0,35.0,0.8,12.0,34.0,34.0,2025-03-13 04:48:46,47.05882352941176,0.4473684210526316,0.21052631578947367,0.0007142857142857143,14.285714285714285,52.17391304347826,78.0,100.0,8.431372549019608,3.9215686274509802,46.51162790697674,13.421052631578947,11.605263157894736
86,RMA,Real Madrid,esp.real_madrid,12884,733606,1,62.0,16.0,4.0,0.0,1.0,10.0,7.0,10.0,3.0,0.3,0.0,1.0,791.0,856.0,0.9,5.0,27.0,0.2,56.0,38.0,0.7,3.0,21.0,27.0,0.8,12.0,30.0,30.0,2025-03-13 04:48:46,30.0,0.16129032258064516,0.04838709677419355,0.0005555555555555556,18.51851851851852,42.857142857142854,67.3469387755102,100.0,6.5420560747663545,4.439252336448598,67.85714285714286,13.806451612903226,12.758064516129032
359,ARS,Arsenal,eng.arsenal,12884,733607,0,51.1,9.0,3.0,0.0,0.0,5.0,3.0,9.0,7.0,0.8,0.0,0.0,424.0,485.0,0.9,3.0,15.0,0.2,31.0,16.0,0.5,1.0,5.0,8.0,0.6,2.0,9.0,9.0,2025-03-14 04:53:04,77.77777777777779,0.1761252446183953,0.136986301369863,0.0016000000000000003,20.0,18.181818181818183,43.75,100.0,6.391752577319587,3.2989690721649487,51.61290322580645,9.49119373776908,8.297455968688846
359,ARS,Arsenal,eng.arsenal,12883,733608,0,53.4,8.0,1.0,0.0,0.0,5.0,4.0,12.0,11.0,0.9,0.0,0.0,438.0,489.0,0.9,3.0,19.0,0.2,20.0,8.0,0.4,1.0,6.0,12.0,0.5,4.0,10.0,10.0,2025-04-09 05:11:02,91.66666666666666,0.2247191011235955,0.20599250936329588,0.0014210526315789472,15.789473684210526,33.33333333333333,55.55555555555556,100.0,4.08997955010225,1.6359918200409,40.0,9.157303370786517,8.202247191011237
86,RMA,Real Madrid,esp.real_madrid,12883,733608,1,46.6,9.0,0.0,1.0,2.0,3.0,5.0,9.0,3.0,0.3,0.0,0.0,377.0,436.0,0.9,1.0,8.0,0.1,50.0,22.0,0.4,2.0,14.0,15.0,0.9,7.0,24.0,24.0,2025-04-09 05:11:02,33.33333333333333,0.19313304721030042,0.06437768240343347,0.000375,12.5,43.75,70.0,100.0,11.46788990825688,5.045871559633028,44.0,9.356223175965665,8.090128755364807
160,PSG,Paris Saint-Germain,fra.psg,12883,733609,0,75.4,9.0,0.0,0.0,2.0,10.0,1.0,29.0,10.0,0.3,0.0,0.0,795.0,841.0,0.9,3.0,15.0,0.2,24.0,17.0,0.7,11.0,7.0,14.0,0.5,9.0,16.0,16.0,2025-04-11 05:12:33,34.48275862068966,0.3846153846153846,0.1326259946949602,0.0006,20.0,50.0,64.0,100.0,2.853745541022592,2.0214030915576697,70.83333333333334,11.153846153846153,10.543766578249336
83,BAR,Barcelona,esp.barcelona,12883,733610,0,60.2,5.0,0.0,0.0,1.0,4.0,3.0,18.0,10.0,0.6,0.0,0.0,480.0,545.0,0.9,1.0,10.0,0.1,44.0,25.0,0.6,2.0,12.0,17.0,0.7,7.0,8.0,8.0,2025-04-11 05:12:33,55.55555555555556,0.2990033222591362,0.16611295681063123,0.0006,10.0,58.333333333333336,79.16666666666666,100.0,8.073394495412845,4.587155963302752,56.81818181818182,9.053156146179402,7.973421926910299
124,DOR,Borussia Dortmund,ger.dortmund,12883,733610,1,39.8,12.0,2.0,0.0,4.0,6.0,5.0,13.0,3.0,0.2,0.0,0.0,288.0,349.0,0.8,3.0,13.0,0.2,42.0,15.0,0.4,7.0,10.0,18.0,0.6,13.0,23.0,23.0,2025-04-11 05:12:33,23.076923076923077,0.32663316582914576,0.07537688442211056,0.0004615384615384616,23.076923076923077,52.0,65.71428571428571,100.0,12.034383954154727,4.297994269340974,35.714285714285715,8.768844221105528,7.236180904522613
132,MUN,Bayern Munich,ger.bayern_munich,12883,733611,0,58.2,9.0,1.0,0.0,0.0,5.0,2.0,20.0,7.0,0.4,0.0,0.0,586.0,654.0,0.9,5.0,20.0,0.3,52.0,36.0,0.7,6.0,6.0,10.0,0.6,4.0,7.0,7.0,2025-04-09 05:11:02,35.0,0.3436426116838488,0.12027491408934707,0.001,25.0,30.76923076923077,52.63157894736842,100.0,7.951070336391437,5.5045871559633035,69.23076923076923,11.237113402061855,10.06872852233677
86,RMA,Real Madrid,esp.real_madrid,12883,733612,0,66.2,18.0,3.0,0.0,2.0,10.0,4.0,18.0,3.0,0.2,0.0,0.0,371.0,431.0,0.9,7.0,43.0,0.2,36.0,13.0,0.4,10.0,18.0,24.0,0.8,2.0,12.0,12.0,2025-04-18 04:57:50,16.666666666666664,0.2719033232628399,0.045317220543806644,0.0003255813953488373,16.27906976744186,10.0,52.63157894736842,100.0,8.352668213457076,3.0162412993039442,36.11111111111111,6.510574018126888,5.604229607250755
359,ARS,Arsenal,eng.arsenal,12883,733612,1,33.8,15.0,2.0,0.0,1.0,4.0,2.0,12.0,6.0,0.5,0.0,1.0,179.0,233.0,0.8,2.0,8.0,0.3,30.0,10.0,0.3,2.0,6.0,13.0,0.5,12.0,37.0,37.0,2025-04-18 04:57:50,50.0,0.3550295857988166,0.1775147928994083,0.00125,25.0,44.44444444444444,54.54545454545454,100.0,12.875536480686694,4.291845493562231,33.33333333333333,6.893491124260356,5.295857988165681
160,PSG,Paris Saint-Germain,fra.psg,12883,733613,1,65.7,3.0,0.0,0.0,5.0,5.0,5.0,14.0,7.0,0.5,0.0,0.0,539.0,611.0,0.9,1.0,4.0,0.3,59.0,29.0,0.5,3.0,15.0,24.0,0.6,9.0,26.0,26.0,2025-04-17 04:53:19,50.0,0.213089802130898,0.106544901065449,0.00125,25.0,75.0,88.88888888888889,100.0,9.656301145662848,4.746317512274959,49.152542372881356,9.299847792998477,8.203957382039574
124,DOR,Borussia Dortmund,ger.dortmund,12883,733614,0,46.5,14.0,1.0,0.0,4.0,8.0,2.0,18.0,11.0,0.6,1.0,1.0,356.0,425.0,0.8,8.0,25.0,0.3,49.0,20.0,0.4,3.0,14.0,19.0,0.7,6.0,18.0,18.0,2025-04-17 04:53:19,61.111111111111114,0.3870967741935484,0.23655913978494625,0.00192,32.0,30.0,58.82352941176471,100.0,11.529411764705882,4.705882352941177,40.816326530612244,9.13978494623656,7.655913978494624
83,BAR,Barcelona,esp.barcelona,12883,733614,1,53.5,11.0,1.0,0.0,2.0,4.0,8.0,7.0,2.0,0.3,0.0,0.0,432.0,510.0,0.8,4.0,12.0,0.3,45.0,17.0,0.4,2.0,15.0,21.0,0.7,6.0,26.0,26.0,2025-04-17 04:53:19,28.57142857142857,0.1308411214953271,0.037383177570093455,0.001,33.33333333333333,35.294117647058826,65.625,100.0,8.823529411764707,3.3333333333333335,37.77777777777778,9.532710280373832,8.074766355140186
132,MUN,Bayern Munich,ger.bayern_munich,12883,733615,1,62.3,16.0,2.0,0.0,1.0,6.0,4.0,20.0,6.0,0.3,0.0,0.0,468.0,542.0,0.9,8.0,29.0,0.3,47.0,23.0,0.5,9.0,7.0,12.0,0.6,3.0,24.0,24.0,2025-04-18 04:57:50,30.0,0.32102728731942215,0.09630818619582665,0.0008275862068965517,27.586206896551722,15.789473684210526,38.46153846153847,100.0,8.671586715867159,4.243542435424354,48.93617021276596,8.69983948635634,7.512038523274478
359,ARS,Arsenal,eng.arsenal,12882,733616,0,47.9,15.0,2.0,0.0,4.0,3.0,3.0,10.0,5.0,0.5,0.0,0.0,326.0,389.0,0.8,4.0,14.0,0.3,42.0,24.0,0.6,3.0,8.0,14.0,0.6,8.0,5.0,5.0,2025-05-01 04:53:43,50.0,0.20876826722338204,0.10438413361169102,0.0014285714285714286,28.57142857142857,34.78260869565217,51.61290322580645,100.0,10.796915167095115,6.169665809768637,57.14285714285714,8.121085594989562,6.8058455114822545
160,PSG,Paris Saint-Germain,fra.psg,12882,733616,1,52.1,15.0,2.0,0.0,1.0,1.0,5.0,11.0,4.0,0.4,0.0,0.0,375.0,438.0,0.9,1.0,3.0,0.3,46.0,15.0,0.3,1.0,13.0,24.0,0.5,5.0,19.0,19.0,2025-05-01 04:53:43,36.36363636363637,0.21113243761996162,0.07677543186180422,0.0013333333333333333,33.33333333333333,25.0,54.54545454545454,100.0,10.50228310502283,3.4246575342465753,32.608695652173914,8.406909788867562,7.197696737044145
83,BAR,Barcelona,esp.barcelona,12882,733617,0,71.5,10.0,1.0,0.0,0.0,7.0,0.0,19.0,9.0,0.5,0.0,0.0,622.0,683.0,0.9,2.0,28.0,0.1,36.0,26.0,0.7,5.0,8.0,11.0,0.7,6.0,11.0,11.0,2025-05-02 04:51:39,47.368421052631575,0.26573426573426573,0.1258741258741259,0.00035714285714285714,7.142857142857142,37.5,58.333333333333336,100.0,5.27086383601757,3.806734992679356,72.22222222222221,9.552447552447552,8.6993006993007
160,PSG,Paris Saint-Germain,fra.psg,12882,733618,0,45.9,11.0,2.0,0.0,1.0,2.0,3.0,11.0,6.0,0.5,0.0,1.0,244.0,320.0,0.8,0.0,6.0,0.0,51.0,17.0,0.3,2.0,14.0,30.0,0.5,7.0,46.0,46.0,2025-05-09 04:54:15,54.54545454545454,0.23965141612200436,0.13071895424836602,0.0,0.0,38.88888888888889,65.625,100.0,15.937499999999998,5.3125,33.33333333333333,6.971677559912854,5.315904139433552
359,ARS,Arsenal,eng.arsenal,12882,733618,1,54.1,11.0,4.0,0.0,1.0,6.0,4.0,19.0,4.0,0.2,0.0,0.0,283.0,355.0,0.8,9.0,27.0,0.3,46.0,20.0,0.4,8.0,5.0,16.0,0.3,6.0,8.0,8.0,2025-05-09 04:54:15,21.052631578947366,0.3512014787430684,0.07393715341959334,0.0006666666666666666,33.33333333333333,35.294117647058826,50.0,100.0,12.957746478873238,5.633802816901409,43.47826086956522,6.561922365988909,5.231053604436229
83,BAR,Barcelona,esp.barcelona,12882,733619,1,71.2,10.0,2.0,0.0,2.0,7.0,3.0,22.0,10.0,0.5,0.0,0.0,668.0,772.0,0.9,6.0,37.0,0.2,38.0,23.0,0.6,2.0,8.0,20.0,0.4,11.0,25.0,25.0,2025-05-07 04:53:55,45.45454545454545,0.3089887640449438,0.14044943820224717,0.0008108108108108109,16.216216216216218,52.38095238095239,65.51724137931035,100.0,4.922279792746114,2.9792746113989637,60.526315789473685,10.842696629213483,9.382022471910112
160,PSG,Paris Saint-Germain,fra.psg,12881,733620,0,59.3,13.0,2.0,0.0,0.0,4.0,2.0,23.0,8.0,0.3,0.0,0.0,466.0,531.0,0.9,6.0,9.0,0.7,48.0,27.0,0.6,3.0,8.0,13.0,0.6,4.0,20.0,20.0,2025-06-02 04:53:23,34.78260869565217,0.38785834738617203,0.13490725126475547,0.002,66.66666666666666,23.52941176470588,48.0,100.0,9.03954802259887,5.084745762711865,56.25,8.954468802698145,7.8583473861720075
363,CHE,Chelsea,eng.chelsea,12896,733654,1,62.4,5.0,1.0,0.0,3.0,0.0,1.0,5.0,2.0,0.4,0.0,0.0,665.0,720.0,0.9,1.0,5.0,0.2,30.0,13.0,0.4,0.0,9.0,9.0,1.0,5.0,16.0,16.0,2025-03-07 05:44:38,40.0,0.08012820512820513,0.032051282051282055,0.0008000000000000001,20.0,50.0,73.68421052631578,100.0,4.166666666666666,1.8055555555555554,43.333333333333336,11.538461538461538,10.657051282051283
363,CHE,Chelsea,eng.chelsea,12896,733663,0,53.8,9.0,2.0,0.0,1.0,1.0,1.0,11.0,5.0,0.5,0.0,0.0,498.0,559.0,0.9,1.0,3.0,0.3,28.0,11.0,0.4,3.0,9.0,12.0,0.8,6.0,20.0,20.0,2025-03-15 04:50:00,45.45454545454545,0.20446096654275095,0.0929368029739777,0.0016666666666666666,33.33333333333333,40.0,62.5,100.0,5.008944543828265,1.9677996422182469,39.285714285714285,10.390334572490707,9.256505576208179
363,CHE,Chelsea,eng.chelsea,12895,733668,1,72.3,5.0,0.0,0.0,1.0,8.0,1.0,23.0,10.0,0.4,0.0,1.0,733.0,782.0,0.9,5.0,18.0,0.3,25.0,17.0,0.7,7.0,8.0,15.0,0.5,10.0,20.0,20.0,2025-04-12 05:08:29,43.47826086956522,0.31811894882434305,0.13831258644536654,0.0011111111111111111,27.77777777777778,66.66666666666666,78.26086956521739,100.0,3.1969309462915603,2.1739130434782608,68.0,10.816044260027663,10.138312586445368
363,CHE,Chelsea,eng.chelsea,12895,733671,0,70.2,9.0,2.0,0.0,3.0,2.0,3.0,16.0,8.0,0.5,0.0,0.0,729.0,785.0,0.9,6.0,15.0,0.4,35.0,20.0,0.6,2.0,9.0,12.0,0.8,3.0,8.0,8.0,2025-04-18 04:57:50,50.0,0.22792022792022792,0.11396011396011396,0.002,40.0,25.0,57.14285714285714,100.0,4.45859872611465,2.547770700636943,57.14285714285714,11.182336182336181,10.384615384615385
363,CHE,Chelsea,eng.chelsea,12894,733673,1,58.4,8.0,2.0,0.0,1.0,4.0,4.0,12.0,7.0,0.6,0.0,0.0,672.0,726.0,0.9,3.0,11.0,0.3,24.0,13.0,0.5,1.0,7.0,9.0,0.8,8.0,12.0,12.0,2025-05-03 04:52:20,58.333333333333336,0.20547945205479454,0.11986301369863014,0.001636363636363636,27.27272727272727,50.0,65.21739130434783,100.0,3.3057851239669422,1.790633608815427,54.166666666666664,12.431506849315069,11.506849315068493
363,CHE,Chelsea,eng.chelsea,12894,733675,0,65.0,5.0,1.0,0.0,2.0,7.0,3.0,17.0,5.0,0.3,0.0,0.0,629.0,679.0,0.9,6.0,20.0,0.3,20.0,12.0,0.6,5.0,12.0,15.0,0.8,10.0,13.0,13.0,2025-05-10 04:55:27,29.411764705882355,0.26153846153846155,0.07692307692307693,0.0009,30.0,66.66666666666666,81.48148148148148,100.0,2.945508100147275,1.7673048600883652,60.0,10.446153846153846,9.676923076923076
363,CHE,Chelsea,eng.chelsea,12893,733676,1,66.4,12.0,3.0,0.0,3.0,4.0,2.0,11.0,7.0,0.6,0.0,0.0,514.0,592.0,0.9,6.0,12.0,0.5,52.0,28.0,0.5,3.0,7.0,15.0,0.5,10.0,11.0,11.0,2025-05-29 04:46:45,63.63636363636363,0.16566265060240962,0.10542168674698794,0.003,50.0,45.45454545454545,58.620689655172406,100.0,8.783783783783784,4.72972972972973,53.84615384615385,8.915662650602409,7.740963855421686
160,PSG,Paris Saint-Germain,fra.psg,13012,733748,1,75.6,11.0,1.0,0.0,6.0,14.0,1.0,30.0,11.0,0.4,0.0,0.0,682.0,741.0,0.9,6.0,35.0,0.2,24.0,16.0,0.7,12.0,10.0,12.0,0.8,5.0,11.0,11.0,2025-04-03 04:57:47,36.666666666666664,0.39682539682539686,0.14550264550264552,0.0006857142857142857,17.142857142857142,31.25,57.692307692307686,100.0,3.2388663967611335,2.1592442645074224,66.66666666666666,9.801587301587302,9.021164021164022
382,MNC,Manchester City,eng.man_city,12983,733959,1,63.8,12.0,3.0,0.0,0.0,4.0,0.0,17.0,7.0,0.4,0.0,1.0,421.0,516.0,0.8,6.0,17.0,0.4,61.0,22.0,0.4,4.0,13.0,24.0,0.5,4.0,21.0,21.0,2025-03-31 04:50:43,41.17647058823529,0.2664576802507837,0.109717868338558,0.0014117647058823533,35.294117647058826,25.0,58.620689655172406,100.0,11.821705426356589,4.263565891472868,36.0655737704918,8.087774294670847,6.598746081504703
382,MNC,Manchester City,eng.man_city,12982,735089,1,67.0,8.0,3.0,0.0,2.0,6.0,1.0,14.0,6.0,0.4,0.0,0.0,564.0,632.0,0.9,3.0,15.0,0.2,43.0,15.0,0.3,5.0,2.0,7.0,0.3,5.0,21.0,21.0,2025-05-05 05:00:05,42.857142857142854,0.208955223880597,0.08955223880597014,0.0008000000000000001,20.0,38.46153846153847,46.666666666666664,100.0,6.80379746835443,2.3734177215189876,34.883720930232556,9.432835820895523,8.417910447761194
160,PSG,Paris Saint-Germain,fra.psg,13011,735147,0,76.3,12.0,0.0,0.0,4.0,10.0,1.0,20.0,8.0,0.4,0.0,0.0,740.0,806.0,0.9,4.0,19.0,0.2,40.0,32.0,0.8,9.0,14.0,23.0,0.6,5.0,15.0,15.0,2025-05-26 04:52:38,40.0,0.2621231979030144,0.10484927916120577,0.0008421052631578947,21.052631578947366,29.411764705882355,61.29032258064516,100.0,4.962779156327544,3.970223325062035,80.0,10.563564875491481,9.698558322411534
83,BAR,Barcelona,esp.barcelona,12916,735156,0,59.2,23.0,4.0,0.0,2.0,8.0,5.0,22.0,9.0,0.4,0.0,0.0,594.0,670.0,0.9,4.0,19.0,0.2,47.0,29.0,0.6,5.0,15.0,26.0,0.6,24.0,23.0,23.0,2025-04-28 04:54:05,40.909090909090914,0.3716216216216216,0.15202702702702703,0.0008421052631578947,21.052631578947366,51.06382978723404,62.903225806451616,100.0,7.014925373134329,4.328358208955224,61.702127659574465,11.317567567567567,10.033783783783782
86,RMA,Real Madrid,esp.real_madrid,12916,735156,1,40.8,11.0,3.0,3.0,7.0,7.0,6.0,15.0,7.0,0.5,0.0,0.0,365.0,453.0,0.8,3.0,15.0,0.2,60.0,28.0,0.5,5.0,15.0,27.0,0.6,8.0,27.0,27.0,2025-04-28 04:54:05,46.666666666666664,0.36764705882352944,0.1715686274509804,0.001,20.0,42.10526315789473,67.64705882352942,100.0,13.245033112582782,6.181015452538632,46.666666666666664,11.102941176470589,8.94607843137255
382,MNC,Manchester City,eng.man_city,12981,735531,1,78.3,7.0,5.0,0.0,1.0,7.0,1.0,23.0,6.0,0.3,0.0,1.0,618.0,679.0,0.9,7.0,33.0,0.2,21.0,11.0,0.5,10.0,10.0,15.0,0.7,1.0,16.0,16.0,2025-05-18 04:51:43,26.08695652173913,0.2937420178799489,0.07662835249042146,0.0006363636363636363,21.21212121212121,12.5,61.111111111111114,100.0,3.0927835051546393,1.6200294550810017,52.38095238095239,8.671775223499361,7.89272030651341
359,ARS,Arsenal,eng.arsenal,12996,735607,0,56.4,9.0,0.0,0.0,1.0,14.0,1.0,23.0,9.0,0.4,0.0,0.0,446.0,498.0,0.9,5.0,20.0,0.3,24.0,13.0,0.5,7.0,12.0,19.0,0.6,8.0,8.0,8.0,2025-07-24 04:40:05,39.130434782608695,0.40780141843971635,0.1595744680851064,0.001,25.0,47.05882352941176,68.96551724137932,100.0,4.819277108433735,2.610441767068273,54.166666666666664,8.829787234042554,7.907801418439717
160,PSG,Paris Saint-Germain,fra.psg,13376,735899,0,74.1,12.0,3.0,0.0,0.0,7.0,3.0,12.0,3.0,0.3,0.0,0.0,632.0,691.0,0.9,0.0,0.0,0.0,40.0,25.0,0.6,5.0,11.0,0.0,0.6,7.0,13.0,13.0,2025-08-14 04:48:23,25.0,0.16194331983805668,0.04048582995951417,0.0,0.0,36.84210526315789,60.0,100.0,5.788712011577424,3.61794500723589,62.5,9.325236167341432,8.529014844804319
132,MUN,Bayern Munich,ger.bayern_munich,12996,735922,0,57.3,11.0,0.0,0.0,1.0,6.0,3.0,26.0,8.0,0.3,0.0,1.0,441.0,500.0,0.9,2.0,15.0,0.1,37.0,25.0,0.7,6.0,15.0,22.0,0.7,2.0,17.0,17.0,2025-08-09 04:48:17,30.76923076923077,0.4537521815008726,0.13961605584642234,0.0004,13.333333333333334,15.384615384615385,60.71428571428571,100.0,7.3999999999999995,5.0,67.56756756756756,8.726003490401396,7.696335078534032
363,CHE,Chelsea,eng.chelsea,13055,735945,1,64.0,21.0,3.0,0.0,4.0,10.0,4.0,22.0,12.0,0.5,0.0,0.0,723.0,790.0,0.9,4.0,21.0,0.2,38.0,17.0,0.4,4.0,15.0,21.0,0.7,11.0,12.0,12.0,2025-06-29 04:27:16,54.54545454545454,0.34375,0.1875,0.0009523809523809524,19.047619047619047,34.375,55.319148936170215,100.0,4.810126582278481,2.151898734177215,44.73684210526316,12.34375,11.296875
160,PSG,Paris Saint-Germain,fra.psg,13055,735946,0,66.6,9.0,0.0,0.0,5.0,7.0,3.0,19.0,9.0,0.5,0.0,0.0,685.0,733.0,0.9,3.0,7.0,0.4,49.0,36.0,0.7,4.0,12.0,14.0,0.9,9.0,6.0,6.0,2025-06-30 04:28:45,47.368421052631575,0.2852852852852853,0.13513513513513514,0.0021428571428571425,42.857142857142854,50.0,70.0,100.0,6.684856753069577,4.911323328785812,73.46938775510205,11.006006006006007,10.285285285285287
132,MUN,Bayern Munich,ger.bayern_munich,13055,735947,1,49.3,19.0,5.0,0.0,1.0,4.0,1.0,8.0,4.0,0.5,0.0,0.0,384.0,448.0,0.9,2.0,12.0,0.2,38.0,23.0,0.6,1.0,12.0,18.0,0.7,8.0,15.0,15.0,2025-07-03 11:50:53,50.0,0.16227180527383367,0.08113590263691683,0.0008333333333333333,16.666666666666664,29.629629629629626,51.28205128205128,100.0,8.482142857142858,5.133928571428571,60.526315789473685,9.087221095334685,7.789046653144017
382,MNC,Manchester City,eng.man_city,13055,735949,0,69.1,17.0,3.0,0.0,0.0,19.0,2.0,30.0,15.0,0.5,0.0,0.0,764.0,826.0,0.9,11.0,49.0,0.2,22.0,17.0,0.8,8.0,11.0,19.0,0.6,5.0,22.0,22.0,2025-07-03 11:50:53,50.0,0.43415340086830684,0.21707670043415342,0.0011224489795918367,22.448979591836736,22.727272727272727,48.484848484848484,100.0,2.663438256658596,2.0581113801452786,77.27272727272727,11.953690303907381,11.056439942112881
86,RMA,Real Madrid,esp.real_madrid,13055,735950,0,57.2,11.0,1.0,0.0,0.0,11.0,2.0,21.0,11.0,0.5,0.0,0.0,572.0,622.0,0.9,4.0,30.0,0.1,50.0,31.0,0.6,4.0,11.0,15.0,0.7,4.0,15.0,15.0,2025-07-03 11:50:53,52.38095238095239,0.36713286713286714,0.1923076923076923,0.0006666666666666666,13.333333333333334,26.666666666666668,57.692307692307686,100.0,8.038585209003216,4.983922829581994,62.0,10.874125874125873,10.0
124,DOR,Borussia Dortmund,ger.dortmund,13055,735951,0,41.7,13.0,2.0,0.0,5.0,3.0,6.0,6.0,3.0,0.5,0.0,0.0,362.0,428.0,0.8,1.0,10.0,0.1,42.0,21.0,0.5,1.0,9.0,13.0,0.7,9.0,26.0,26.0,2025-07-03 11:50:53,50.0,0.14388489208633093,0.07194244604316546,0.0005,10.0,40.909090909090914,58.06451612903226,100.0,9.813084112149532,4.906542056074766,50.0,10.26378896882494,8.681055155875299
363,CHE,Chelsea,eng.chelsea,13054,735953,1,62.7,16.0,3.0,0.0,0.0,10.0,1.0,19.0,6.0,0.3,0.0,0.0,435.0,500.0,0.9,2.0,14.0,0.1,24.0,13.0,0.5,7.0,13.0,18.0,0.7,8.0,13.0,13.0,2025-07-06 13:04:02,31.57894736842105,0.30303030303030304,0.09569377990430622,0.0004285714285714285,14.285714285714285,33.33333333333333,56.75675675675676,100.0,4.8,2.6,54.166666666666664,7.974481658692184,6.937799043062201
160,PSG,Paris Saint-Germain,fra.psg,13054,735954,0,45.6,12.0,1.0,2.0,0.0,0.0,5.0,11.0,5.0,0.5,0.0,0.0,271.0,354.0,0.8,1.0,2.0,0.5,59.0,21.0,0.4,1.0,12.0,18.0,0.7,5.0,35.0,35.0,2025-07-06 13:04:02,45.45454545454545,0.2412280701754386,0.10964912280701754,0.0025,50.0,29.411764705882355,58.620689655172406,100.0,16.666666666666664,5.932203389830509,35.59322033898305,7.763157894736842,5.942982456140351
132,MUN,Bayern Munich,ger.bayern_munich,13054,735954,1,54.4,13.0,1.0,0.0,3.0,4.0,3.0,13.0,5.0,0.4,0.0,0.0,335.0,406.0,0.8,6.0,23.0,0.3,53.0,33.0,0.6,3.0,8.0,14.0,0.6,6.0,4.0,4.0,2025-07-06 13:04:02,38.46153846153847,0.23897058823529413,0.09191176470588236,0.0010434782608695653,26.08695652173913,31.57894736842105,51.85185185185185,100.0,13.054187192118228,8.12807881773399,62.264150943396224,7.463235294117648,6.158088235294118
86,RMA,Real Madrid,esp.real_madrid,13054,735955,0,48.4,10.0,1.0,1.0,1.0,3.0,3.0,15.0,8.0,0.5,0.0,0.0,429.0,492.0,0.9,5.0,15.0,0.3,46.0,24.0,0.5,2.0,11.0,16.0,0.7,9.0,14.0,14.0,2025-07-06 13:04:02,53.333333333333336,0.30991735537190085,0.1652892561983471,0.0016666666666666666,33.33333333333333,47.368421052631575,66.66666666666666,100.0,9.34959349593496,4.878048780487805,52.17391304347826,10.165289256198347,8.863636363636363
124,DOR,Borussia Dortmund,ger.dortmund,13054,735955,1,51.6,6.0,2.0,0.0,1.0,3.0,5.0,12.0,5.0,0.4,1.0,1.0,484.0,528.0,0.9,4.0,16.0,0.3,41.0,29.0,0.7,1.0,3.0,5.0,0.6,15.0,20.0,20.0,2025-07-06 13:04:02,41.66666666666667,0.23255813953488372,0.09689922480620154,0.001,25.0,71.42857142857143,75.0,100.0,7.765151515151516,5.492424242424242,70.73170731707317,10.232558139534884,9.379844961240309
363,CHE,Chelsea,eng.chelsea,13053,735956,1,53.6,11.0,1.0,0.0,4.0,4.0,2.0,17.0,5.0,0.3,0.0,0.0,455.0,503.0,0.9,7.0,13.0,0.5,31.0,17.0,0.5,4.0,9.0,16.0,0.6,8.0,11.0,11.0,2025-07-09 04:31:59,29.411764705882355,0.3171641791044776,0.09328358208955223,0.001615384615384615,53.84615384615385,42.10526315789473,60.71428571428571,100.0,6.163021868787276,3.3797216699801194,54.83870967741935,9.384328358208956,8.488805970149253
160,PSG,Paris Saint-Germain,fra.psg,13053,735957,0,68.1,9.0,1.0,0.0,4.0,4.0,2.0,17.0,7.0,0.4,0.0,0.0,630.0,681.0,0.9,3.0,8.0,0.4,61.0,48.0,0.8,4.0,11.0,13.0,0.8,6.0,16.0,16.0,2025-07-11 04:35:55,41.17647058823529,0.249632892804699,0.10279001468428782,0.0015000000000000002,37.5,40.0,65.38461538461539,100.0,8.95741556534508,7.048458149779736,78.68852459016394,10.0,9.251101321585903
86,RMA,Real Madrid,esp.real_madrid,13053,735957,1,31.9,9.0,2.0,0.0,0.0,6.0,3.0,11.0,2.0,0.2,0.0,0.0,255.0,306.0,0.8,1.0,16.0,0.1,30.0,16.0,0.5,6.0,4.0,8.0,0.5,5.0,12.0,12.0,2025-07-11 04:35:55,18.181818181818183,0.3448275862068966,0.06269592476489029,0.000125,6.25,35.714285714285715,50.0,100.0,9.803921568627452,5.228758169934641,53.333333333333336,9.592476489028213,7.993730407523511
363,CHE,Chelsea,eng.chelsea,13052,735958,0,33.5,15.0,4.0,0.0,3.0,3.0,6.0,10.0,5.0,0.5,0.0,0.0,243.0,301.0,0.8,0.0,8.0,0.0,48.0,21.0,0.4,1.0,5.0,13.0,0.4,9.0,16.0,16.0,2025-07-14 04:28:08,50.0,0.29850746268656714,0.14925373134328357,0.0,0.0,37.5,48.275862068965516,100.0,15.946843853820598,6.976744186046512,43.75,8.985074626865671,7.253731343283582
160,PSG,Paris Saint-Germain,fra.psg,13052,735958,1,66.5,12.0,2.0,1.0,2.0,5.0,2.0,8.0,6.0,0.8,0.0,0.0,544.0,601.0,0.9,2.0,16.0,0.1,43.0,24.0,0.6,1.0,8.0,24.0,0.3,4.0,8.0,8.0,2025-07-14 04:28:08,75.0,0.12030075187969924,0.09022556390977443,0.001,12.5,25.0,50.0,100.0,7.154742096505824,3.9933444259567388,55.81395348837209,9.037593984962406,8.180451127819548
132,MUN,Bayern Munich,ger.bayern_munich,13419,736457,1,52.8,16.0,3.0,0.0,0.0,3.0,4.0,17.0,3.0,0.2,0.0,0.0,625.5,689.0,0.9,0.0,0.0,0.0,44.0,25.5,0.6,5.0,9.0,0.0,0.6,7.0,12.5,12.5,2025-08-18 04:53:06,17.647058823529413,0.32196969696969696,0.05681818181818182,0.0,0.0,30.434782608695656,50.0,100.0,6.386066763425253,3.7010159651669086,57.95454545454546,13.049242424242426,11.84659090909091
1068,ATM,Atlético Madrid,esp.atletico_madrid,12996,736517,1,46.0,20.0,2.0,0.0,4.0,7.0,2.0,10.0,5.0,0.5,0.0,0.0,344.0,407.0,0.8,2.0,12.0,0.2,59.0,28.0,0.5,1.0,13.0,21.0,0.6,7.0,13.0,13.0,2025-08-10 04:44:46,50.0,0.21739130434782608,0.10869565217391304,0.0008333333333333333,16.666666666666664,25.925925925925924,50.0,100.0,14.496314496314497,6.87960687960688,47.45762711864407,8.847826086956522,7.478260869565218
124,DOR,Borussia Dortmund,ger.dortmund,12996,738656,0,57.6,11.0,1.0,0.0,2.0,2.0,2.0,8.0,1.0,0.1,0.0,0.0,480.0,552.0,0.9,5.0,17.0,0.3,33.0,20.0,0.6,0.0,10.0,13.0,0.8,14.0,7.0,7.0,2025-08-11 04:41:30,12.5,0.1388888888888889,0.017361111111111112,0.00029411764705882356,29.411764705882355,56.00000000000001,68.57142857142857,100.0,5.978260869565218,3.6231884057971016,60.60606060606061,9.583333333333334,8.333333333333334
363,CHE,Chelsea,eng.chelsea,12996,740401,0,53.1,15.0,0.0,0.0,1.0,6.0,3.0,19.0,8.0,0.4,1.0,1.0,420.0,453.0,0.9,8.0,20.0,0.4,32.0,20.0,0.6,4.0,12.0,13.0,0.9,6.0,8.0,8.0,2025-08-11 04:41:30,42.10526315789473,0.3578154425612053,0.15065913370998116,0.0016000000000000003,40.0,28.57142857142857,54.54545454545454,100.0,7.06401766004415,4.415011037527594,62.5,8.531073446327683,7.909604519774011
364,LIV,Liverpool,eng.liverpool,13481,740596,0,61.2,7.0,1.0,0.0,2.0,6.0,1.0,19.0,10.0,0.5,0.0,0.0,401.0,489.0,0.8,5.0,17.0,0.3,51.0,29.0,0.6,2.0,13.0,16.0,0.8,4.0,41.0,41.0,2025-08-16 04:52:22,52.63157894736842,0.3104575163398693,0.16339869281045752,0.0014705882352941176,29.411764705882355,36.36363636363637,70.83333333333334,100.0,10.429447852760736,5.930470347648262,56.86274509803921,7.990196078431373,6.552287581699346
382,MNC,Manchester City,eng.man_city,13481,740602,1,58.4,7.0,2.0,0.0,0.0,6.0,3.0,15.0,4.0,0.3,0.0,0.0,510.0,563.0,0.9,6.0,20.0,0.3,30.0,13.0,0.4,4.0,11.0,18.0,0.6,7.0,22.0,22.0,2025-08-17 04:56:32,26.666666666666668,0.2568493150684932,0.0684931506849315,0.0009,30.0,50.0,72.0,100.0,5.328596802841918,2.3090586145648313,43.333333333333336,9.64041095890411,8.732876712328768
363,CHE,Chelsea,eng.chelsea,13481,740603,0,71.5,10.0,2.0,0.0,0.0,11.0,4.0,19.0,3.0,0.2,0.0,0.0,510.0,568.0,0.9,6.0,29.0,0.2,49.0,21.0,0.4,9.0,6.0,13.0,0.5,11.0,19.0,19.0,2025-08-18 04:53:06,15.789473684210526,0.26573426573426573,0.04195804195804196,0.00041379310344827585,20.689655172413794,52.38095238095239,62.96296296296296,100.0,8.626760563380282,3.697183098591549,42.857142857142854,7.944055944055944,7.1328671328671325
359,ARS,Arsenal,eng.arsenal,13481,740604,1,38.9,19.0,4.0,0.0,2.0,4.0,7.0,9.0,3.0,0.3,0.0,0.0,219.0,294.0,0.7,2.0,11.0,0.2,49.0,20.0,0.4,3.0,10.0,18.0,0.6,4.0,30.0,30.0,2025-08-18 04:53:06,33.33333333333333,0.23136246786632392,0.07712082262210797,0.0005454545454545455,18.181818181818183,17.391304347826086,42.42424242424242,100.0,16.666666666666664,6.802721088435375,40.816326530612244,7.5578406169665815,5.629820051413882
359,ARS,Arsenal,eng.arsenal,13481,740606,0,67.5,8.0,0.0,0.0,0.0,2.0,1.0,18.0,5.0,0.3,1.0,1.0,549.0,599.0,0.9,8.0,19.0,0.4,35.0,24.0,0.7,4.0,8.0,12.0,0.7,5.0,7.0,7.0,2025-08-26 05:03:30,27.77777777777778,0.26666666666666666,0.07407407407407407,0.001263157894736842,42.10526315789473,38.46153846153847,61.904761904761905,100.0,5.843071786310518,4.006677796327212,68.57142857142857,8.874074074074073,8.133333333333333
382,MNC,Manchester City,eng.man_city,13481,740613,0,61.4,7.0,1.0,0.0,0.0,7.0,3.0,10.0,4.0,0.4,0.0,0.0,456.0,525.0,0.9,5.0,19.0,0.3,39.0,15.0,0.4,3.0,10.0,20.0,0.5,6.0,23.0,23.0,2025-08-24 04:55:50,40.0,0.16286644951140067,0.06514657980456026,0.0010526315789473684,26.31578947368421,46.15384615384615,69.56521739130434,100.0,7.428571428571429,2.857142857142857,38.46153846153847,8.550488599348535,7.4267100977198695
364,LIV,Liverpool,eng.liverpool,13481,740614,1,62.4,15.0,3.0,0.0,0.0,1.0,1.0,5.0,4.0,0.8,0.0,0.0,370.0,445.0,0.8,2.0,9.0,0.2,49.0,15.0,0.3,1.0,8.0,13.0,0.6,2.0,43.0,43.0,2025-09-12 05:12:56,80.0,0.08012820512820513,0.06410256410256411,0.0017777777777777779,22.22222222222222,11.76470588235294,40.0,100.0,11.01123595505618,3.3707865168539324,30.612244897959183,7.131410256410256,5.92948717948718
363,CHE,Chelsea,eng.chelsea,13481,740615,1,59.2,10.0,1.0,0.0,2.0,5.0,3.0,12.0,7.0,0.6,0.0,0.0,505.0,577.0,0.9,3.0,15.0,0.2,43.0,17.0,0.4,1.0,13.0,19.0,0.7,4.0,17.0,17.0,2025-08-23 05:00:39,58.333333333333336,0.2027027027027027,0.11824324324324324,0.0012,20.0,28.57142857142857,62.96296296296296,100.0,7.452339688041594,2.946273830155979,39.53488372093023,9.746621621621621,8.530405405405405
382,MNC,Manchester City,eng.man_city,13481,740617,1,63.7,14.0,2.0,0.0,0.0,2.0,5.0,12.0,3.0,0.3,0.0,0.0,493.0,565.0,0.9,1.0,5.0,0.2,42.0,19.0,0.5,1.0,7.0,15.0,0.5,9.0,15.0,15.0,2025-09-02 05:08:57,25.0,0.18838304552590265,0.04709576138147566,0.0006,20.0,39.130434782608695,53.333333333333336,100.0,7.433628318584071,3.3628318584070795,45.23809523809524,8.869701726844584,7.739403453689167
363,CHE,Chelsea,eng.chelsea,13481,740618,0,53.8,11.0,2.0,0.0,3.0,6.0,1.0,13.0,6.0,0.5,1.0,1.0,429.0,494.0,0.9,4.0,13.0,0.3,47.0,17.0,0.4,6.0,9.0,19.0,0.5,18.0,20.0,20.0,2025-08-31 05:05:28,46.15384615384615,0.241635687732342,0.11152416356877325,0.0015384615384615385,30.76923076923077,62.06896551724138,71.05263157894737,100.0,9.51417004048583,3.4412955465587043,36.17021276595745,9.182156133828997,7.973977695167287
364,LIV,Liverpool,eng.liverpool,13481,740625,0,53.0,7.0,2.0,0.0,1.0,3.0,1.0,9.0,3.0,0.3,0.0,0.0,368.0,435.0,0.8,1.0,7.0,0.1,60.0,27.0,0.5,4.0,9.0,11.0,0.8,7.0,29.0,29.0,2025-09-02 05:08:57,33.33333333333333,0.16981132075471697,0.05660377358490566,0.0004285714285714285,14.285714285714285,50.0,69.56521739130434,100.0,13.793103448275861,6.206896551724138,45.0,8.20754716981132,6.943396226415095
359,ARS,Arsenal,eng.arsenal,13481,740625,1,47.0,10.0,2.0,0.0,0.0,8.0,2.0,11.0,1.0,0.1,0.0,0.0,303.0,371.0,0.8,3.0,17.0,0.2,50.0,25.0,0.5,7.0,6.0,14.0,0.4,9.0,19.0,19.0,2025-09-02 05:08:57,9.090909090909092,0.23404255319148937,0.02127659574468085,0.00017647058823529416,17.647058823529413,47.368421052631575,60.0,100.0,13.477088948787062,6.738544474393531,50.0,7.8936170212765955,6.446808510638298
359,ARS,Arsenal,eng.arsenal,13481,740627,0,54.2,8.0,1.0,0.0,2.0,8.0,1.0,16.0,5.0,0.3,0.0,0.0,415.0,478.0,0.9,5.0,20.0,0.3,30.0,15.0,0.5,5.0,11.0,13.0,0.8,7.0,15.0,15.0,2025-09-14 05:25:12,31.25,0.2952029520295203,0.09225092250922509,0.00075,25.0,46.666666666666664,69.23076923076923,100.0,6.2761506276150625,3.1380753138075312,50.0,8.819188191881919,7.656826568265682
382,MNC,Manchester City,eng.man_city,13481,740630,0,45.3,8.0,0.0,0.0,2.0,2.0,2.0,13.0,6.0,0.5,0.0,0.0,352.0,430.0,0.8,1.0,2.0,0.5,55.0,22.0,0.4,0.0,7.0,13.0,0.5,10.0,33.0,33.0,2025-09-15 05:14:23,46.15384615384615,0.2869757174392936,0.13245033112582782,0.0025,50.0,55.55555555555556,68.0,100.0,12.790697674418606,5.116279069767442,40.0,9.492273730684328,7.770419426048566
364,LIV,Liverpool,eng.liverpool,13481,740633,1,81.0,9.0,2.0,0.0,1.0,13.0,0.0,27.0,4.0,0.1,1.0,1.0,610.0,697.0,0.9,10.0,44.0,0.2,28.0,15.0,0.5,12.0,7.0,10.0,0.7,7.0,12.0,12.0,2025-09-15 05:14:23,14.814814814814813,0.3333333333333333,0.04938271604938271,0.00022727272727272727,22.727272727272727,43.75,60.86956521739131,100.0,4.017216642754662,2.1520803443328553,53.57142857142857,8.604938271604938,7.530864197530864
363,CHE,Chelsea,eng.chelsea,13481,740634,1,65.7,9.0,2.0,0.0,4.0,6.0,3.0,16.0,6.0,0.4,0.0,0.0,516.0,570.0,0.9,3.0,17.0,0.2,41.0,23.0,0.6,7.0,9.0,15.0,0.6,13.0,33.0,33.0,2025-09-15 05:14:23,37.5,0.243531202435312,0.091324200913242,0.0007058823529411766,17.647058823529413,59.09090909090909,70.96774193548387,100.0,7.192982456140351,4.035087719298246,56.09756097560976,8.67579908675799,7.853881278538813
364,LIV,Liverpool,eng.liverpool,13481,740641,0,57.2,11.0,2.0,0.0,1.0,5.0,1.0,11.0,3.0,0.3,0.0,0.0,404.0,475.0,0.9,2.0,12.0,0.2,43.0,14.0,0.3,5.0,7.0,18.0,0.4,12.0,37.0,37.0,2025-09-20 20:38:33,27.27272727272727,0.1923076923076923,0.05244755244755245,0.0005,16.666666666666664,52.17391304347826,63.33333333333333,100.0,9.05263157894737,2.9473684210526314,32.55813953488372,8.304195804195803,7.0629370629370625
359,ARS,Arsenal,eng.arsenal,13481,740643,0,66.8,11.0,1.0,0.0,4.0,11.0,2.0,12.0,3.0,0.3,0.0,0.0,517.0,582.0,0.9,5.0,32.0,0.2,53.0,33.0,0.6,3.0,13.0,20.0,0.7,5.0,18.0,18.0,2025-09-22 01:25:56,25.0,0.17964071856287425,0.04491017964071856,0.00046875,15.625,31.25,62.06896551724138,100.0,9.106529209621993,5.670103092783505,62.264150943396224,8.7125748502994,7.7395209580838324
382,MNC,Manchester City,eng.man_city,13481,740643,1,33.2,10.0,2.0,0.0,2.0,2.0,2.0,5.0,3.0,0.6,0.0,0.0,229.0,300.0,0.8,0.0,4.0,0.0,47.0,19.0,0.4,0.0,9.0,13.0,0.7,5.0,60.0,60.0,2025-09-22 01:25:56,60.0,0.1506024096385542,0.09036144578313252,0.0,0.0,33.33333333333333,58.333333333333336,100.0,15.666666666666668,6.333333333333334,40.42553191489361,9.036144578313252,6.897590361445783
363,CHE,Chelsea,eng.chelsea,13481,740645,1,58.8,14.0,5.0,1.0,2.0,5.0,2.0,5.0,1.0,0.2,0.0,0.0,466.0,550.0,0.8,2.0,15.0,0.1,45.0,21.0,0.5,2.0,13.0,16.0,0.8,8.0,29.0,29.0,2025-09-21 05:15:32,20.0,0.08503401360544217,0.017006802721088437,0.0002666666666666667,13.333333333333334,36.36363636363637,60.0,100.0,8.181818181818182,3.8181818181818183,46.666666666666664,9.35374149659864,7.925170068027211
364,LIV,Liverpool,eng.liverpool,13481,740647,1,71.9,8.0,3.0,0.0,1.0,6.0,5.0,20.0,4.0,0.2,0.0,0.0,609.0,688.0,0.9,8.0,26.0,0.3,45.0,19.0,0.4,5.0,5.0,7.0,0.7,10.0,36.0,36.0,2025-09-28 05:14:50,20.0,0.27816411682892905,0.05563282336578581,0.0006153846153846154,30.76923076923077,55.55555555555556,65.21739130434783,100.0,6.540697674418605,2.761627906976744,42.22222222222222,9.568845618915159,8.47009735744089
363,CHE,Chelsea,eng.chelsea,13481,740648,0,59.5,9.0,3.0,1.0,2.0,5.0,0.0,13.0,3.0,0.2,0.0,0.0,396.0,470.0,0.8,3.0,14.0,0.2,53.0,15.0,0.3,6.0,11.0,21.0,0.5,10.0,8.0,8.0,2025-09-28 05:14:50,23.076923076923077,0.2184873949579832,0.05042016806722689,0.00042857142857142855,21.428571428571427,52.63157894736842,70.0,100.0,11.27659574468085,3.1914893617021276,28.30188679245283,7.899159663865547,6.65546218487395
359,ARS,Arsenal,eng.arsenal,13481,740653,1,63.4,9.0,1.0,0.0,0.0,12.0,2.0,20.0,7.0,0.4,0.0,0.0,405.0,495.0,0.8,9.0,23.0,0.4,58.0,22.0,0.4,6.0,6.0,13.0,0.5,10.0,29.0,29.0,2025-09-29 05:21:02,35.0,0.31545741324921134,0.11041009463722398,0.001565217391304348,39.130434782608695,52.63157894736842,64.0,100.0,11.717171717171718,4.444444444444445,37.93103448275862,7.807570977917981,6.38801261829653
382,MNC,Manchester City,eng.man_city,13481,740654,0,68.5,5.0,1.0,0.0,1.0,10.0,1.0,21.0,8.0,0.4,0.0,0.0,566.0,638.0,0.9,9.0,23.0,0.4,26.0,10.0,0.4,6.0,6.0,8.0,0.8,4.0,19.0,19.0,2025-09-28 05:14:50,38.095238095238095,0.30656934306569344,0.11678832116788321,0.001565217391304348,39.130434782608695,44.44444444444444,66.66666666666666,100.0,4.075235109717868,1.5673981191222568,38.46153846153847,9.313868613138686,8.262773722627736
359,ARS,Arsenal,eng.arsenal,13481,740656,0,67.9,14.0,0.0,0.0,1.0,8.0,0.0,21.0,5.0,0.2,1.0,1.0,498.0,566.0,0.9,3.0,23.0,0.1,27.0,10.0,0.4,9.0,14.0,23.0,0.6,7.0,27.0,27.0,2025-10-05 05:19:58,23.809523809523807,0.3092783505154639,0.07363770250368187,0.00026086956521739134,13.043478260869565,33.33333333333333,60.0,100.0,4.770318021201414,1.76678445229682,37.03703703703704,8.335787923416788,7.3343151693667155
382,MNC,Manchester City,eng.man_city,13481,740659,1,70.0,6.0,2.0,0.0,1.0,2.0,1.0,10.0,4.0,0.4,0.0,0.0,698.0,764.0,0.9,2.0,9.0,0.2,30.0,18.0,0.6,4.0,10.0,14.0,0.7,6.0,21.0,21.0,2025-10-06 11:02:42,40.0,0.14285714285714285,0.05714285714285714,0.0008888888888888889,22.22222222222222,50.0,72.72727272727273,100.0,3.926701570680628,2.356020942408377,60.0,10.914285714285715,9.971428571428572
363,CHE,Chelsea,eng.chelsea,13481,740660,0,53.2,9.0,0.0,0.0,2.0,7.0,1.0,12.0,6.0,0.5,0.0,0.0,422.0,508.0,0.8,3.0,20.0,0.2,67.0,29.0,0.4,2.0,12.0,21.0,0.6,13.0,12.0,12.0,2025-10-05 05:19:58,50.0,0.22556390977443608,0.11278195488721804,0.00075,15.0,59.09090909090909,73.52941176470588,100.0,13.188976377952756,5.708661417322835,43.28358208955223,9.548872180451127,7.932330827067669
364,LIV,Liverpool,eng.liverpool,13481,740660,1,46.8,8.0,2.0,0.0,2.0,2.0,4.0,12.0,2.0,0.2,0.0,0.0,370.0,450.0,0.8,3.0,11.0,0.3,43.0,16.0,0.4,5.0,12.0,16.0,0.8,9.0,26.0,26.0,2025-10-05 05:19:58,16.666666666666664,0.25641025641025644,0.042735042735042736,0.0005454545454545455,27.27272727272727,52.94117647058824,72.41379310344827,100.0,9.555555555555555,3.5555555555555554,37.2093023255814,9.615384615384617,7.905982905982906
359,ARS,Arsenal,eng.arsenal,13481,740669,1,63.0,4.0,0.0,0.0,2.0,10.0,0.0,16.0,5.0,0.3,0.0,0.0,475.0,546.0,0.9,5.0,24.0,0.2,48.0,20.0,0.4,4.0,5.0,9.0,0.6,1.0,29.0,29.0,2025-10-19 05:19:20,31.25,0.25396825396825395,0.07936507936507936,0.000625,20.833333333333336,20.0,60.0,100.0,8.791208791208792,3.6630036630036633,41.66666666666667,8.666666666666666,7.5396825396825395
364,LIV,Liverpool,eng.liverpool,13481,740670,0,63.5,8.0,0.0,0.0,1.0,9.0,2.0,19.0,6.0,0.3,0.0,0.0,408.0,480.0,0.9,9.0,48.0,0.2,47.0,27.0,0.6,2.0,7.0,13.0,0.5,5.0,28.0,28.0,2025-10-20 05:19:51,31.57894736842105,0.2992125984251969,0.09448818897637795,0.0005625,18.75,38.46153846153847,60.0,100.0,9.791666666666666,5.625,57.446808510638306,7.559055118110236,6.425196850393701
382,MNC,Manchester City,eng.man_city,13481,740671,0,71.1,8.0,0.0,0.0,0.0,11.0,1.0,19.0,7.0,0.4,0.0,0.0,685.0,749.0,0.9,5.0,18.0,0.3,38.0,23.0,0.6,7.0,9.0,15.0,0.6,5.0,26.0,26.0,2025-10-19 05:19:20,36.84210526315789,0.26722925457102675,0.09845288326300985,0.0011111111111111111,27.77777777777778,38.46153846153847,63.63636363636363,100.0,5.07343124165554,3.0707610146862483,60.526315789473685,10.534458509142054,9.634317862165965
363,CHE,Chelsea,eng.chelsea,13481,740672,1,50.3,16.0,2.0,1.0,2.0,2.0,2.0,17.0,6.0,0.4,0.0,0.0,397.0,463.0,0.9,3.0,9.0,0.3,57.0,28.0,0.5,5.0,8.0,15.0,0.5,13.0,19.0,19.0,2025-10-19 05:19:20,35.294117647058826,0.33797216699801197,0.11928429423459246,0.0013333333333333333,33.33333333333333,44.827586206896555,56.75675675675676,100.0,12.311015118790497,6.047516198704104,49.122807017543856,9.204771371769384,7.892644135188867
359,ARS,Arsenal,eng.arsenal,13481,740676,0,59.7,6.0,0.0,0.0,2.0,4.0,1.0,10.0,3.0,0.3,0.0,0.0,449.0,540.0,0.8,4.0,10.0,0.4,53.0,18.0,0.3,3.0,7.0,12.0,0.6,6.0,28.0,28.0,2025-10-27 05:16:32,30.0,0.1675041876046901,0.05025125628140703,0.0012,40.0,50.0,68.42105263157895,100.0,9.814814814814815,3.3333333333333335,33.9622641509434,9.045226130653266,7.520938023450586
382,MNC,Manchester City,eng.man_city,13481,740677,1,53.0,16.0,4.0,0.0,3.0,6.0,2.0,18.0,4.0,0.2,0.0,0.0,455.0,504.0,0.9,7.0,21.0,0.3,20.0,10.0,0.5,9.0,8.0,14.0,0.6,11.0,19.0,19.0,2025-10-27 05:16:32,22.22222222222222,0.33962264150943394,0.07547169811320754,0.0006666666666666666,33.33333333333333,40.74074074074074,54.285714285714285,100.0,3.968253968253968,1.984126984126984,50.0,9.50943396226415,8.584905660377359
364,LIV,Liverpool,eng.liverpool,13481,740679,1,66.3,10.0,2.0,0.0,0.0,4.0,5.0,18.0,5.0,0.3,0.0,0.0,490.0,586.0,0.8,7.0,21.0,0.3,61.0,24.0,0.4,6.0,12.0,21.0,0.6,4.0,41.0,41.0,2025-10-26 05:20:30,27.77777777777778,0.2714932126696833,0.07541478129713425,0.001,33.33333333333333,28.57142857142857,61.53846153846154,100.0,10.409556313993173,4.09556313993174,39.34426229508197,8.838612368024133,7.390648567119156
363,CHE,Chelsea,eng.chelsea,13481,740685,0,68.4,15.0,1.0,0.0,3.0,9.0,2.0,16.0,7.0,0.4,0.0,0.0,567.0,629.0,0.9,4.0,29.0,0.1,39.0,19.0,0.5,4.0,8.0,8.0,1.0,3.0,18.0,18.0,2025-10-26 05:20:30,43.75,0.23391812865497075,0.1023391812865497,0.0005517241379310345,13.793103448275861,16.666666666666664,42.30769230769231,100.0,6.200317965023848,3.0206677265500796,48.717948717948715,9.195906432748536,8.289473684210526
359,ARS,Arsenal,eng.arsenal,13481,740687,1,53.6,13.0,1.0,0.0,1.0,6.0,0.0,12.0,8.0,0.7,0.0,0.0,426.0,494.0,0.9,4.0,14.0,0.3,43.0,13.0,0.3,1.0,7.0,16.0,0.4,6.0,28.0,28.0,2025-11-02 05:15:08,66.66666666666666,0.22388059701492538,0.14925373134328357,0.002,28.57142857142857,31.57894736842105,50.0,100.0,8.704453441295547,2.631578947368421,30.23255813953488,9.216417910447761,7.947761194029851
363,CHE,Chelsea,eng.chelsea,13481,740690,1,52.1,12.0,2.0,0.0,1.0,5.0,1.0,15.0,9.0,0.6,0.0,0.0,343.0,425.0,0.8,3.0,13.0,0.2,53.0,26.0,0.5,1.0,12.0,20.0,0.6,17.0,19.0,19.0,2025-11-02 05:15:08,60.0,0.28790786948176583,0.1727447216890595,0.0013846153846153847,23.076923076923077,58.620689655172406,70.73170731707317,100.0,12.470588235294118,6.11764705882353,49.056603773584904,8.157389635316699,6.583493282149712
382,MNC,Manchester City,eng.man_city,13481,740691,0,48.4,8.0,2.0,0.0,0.0,10.0,4.0,15.0,8.0,0.5,0.0,0.0,425.0,493.0,0.9,4.0,16.0,0.3,34.0,16.0,0.5,3.0,7.0,10.0,0.7,9.0,23.0,23.0,2025-11-03 06:14:20,53.333333333333336,0.30991735537190085,0.1652892561983471,0.00125,25.0,52.94117647058824,66.66666666666666,100.0,6.896551724137931,3.2454361054766734,47.05882352941176,10.185950413223141,8.78099173553719
364,LIV,Liverpool,eng.liverpool,13481,740694,0,53.4,13.0,2.0,0.0,8.0,1.0,3.0,16.0,4.0,0.3,0.0,0.0,408.0,467.0,0.9,1.0,11.0,0.1,42.0,19.0,0.5,5.0,8.0,12.0,0.7,6.0,25.0,25.0,2025-11-02 05:15:08,25.0,0.299625468164794,0.0749063670411985,0.00027272727272727274,9.090909090909092,31.57894736842105,51.85185185185185,100.0,8.993576017130621,4.068522483940043,45.23809523809524,8.745318352059925,7.640449438202247
363,CHE,Chelsea,eng.chelsea,13481,740699,0,64.1,12.0,1.0,0.0,0.0,10.0,0.0,20.0,8.0,0.4,0.0,0.0,543.0,614.0,0.9,4.0,26.0,0.2,44.0,25.0,0.6,6.0,8.0,9.0,0.9,7.0,15.0,15.0,2025-11-09 14:08:52,40.0,0.31201248049922,0.12480499219968799,0.0006153846153846154,15.384615384615385,36.84210526315789,55.55555555555556,100.0,7.166123778501629,4.071661237785016,56.81818181818182,9.578783151326054,8.471138845553822
382,MNC,Manchester City,eng.man_city,13481,740702,0,48.5,14.0,2.0,0.0,1.0,7.0,2.0,14.0,6.0,0.4,0.0,1.0,377.0,452.0,0.8,4.0,11.0,0.4,31.0,14.0,0.5,5.0,12.0,17.0,0.7,9.0,23.0,23.0,2025-11-10 06:08:36,42.857142857142854,0.28865979381443296,0.12371134020618557,0.0014545454545454547,36.36363636363637,39.130434782608695,60.0,100.0,6.8584070796460175,3.0973451327433628,45.16129032258064,9.31958762886598,7.77319587628866
364,LIV,Liverpool,eng.liverpool,13481,740702,1,51.5,15.0,4.0,0.0,7.0,7.0,3.0,7.0,1.0,0.1,0.0,0.0,410.0,471.0,0.9,1.0,18.0,0.1,37.0,18.0,0.5,4.0,7.0,8.0,0.9,9.0,13.0,13.0,2025-11-10 06:08:36,14.285714285714285,0.13592233009708737,0.019417475728155338,5.555555555555556e-05,5.555555555555555,37.5,51.61290322580645,100.0,7.855626326963907,3.821656050955414,48.64864864864865,9.145631067961165,7.961165048543689
359,ARS,Arsenal,eng.arsenal,13481,740704,1,64.8,13.0,1.0,0.0,0.0,2.0,0.0,17.0,7.0,0.4,0.0,0.0,460.0,529.0,0.9,4.0,22.0,0.2,36.0,10.0,0.3,4.0,4.0,12.0,0.3,3.0,25.0,25.0,2025-11-09 14:08:52,41.17647058823529,0.2623456790123457,0.1080246913580247,0.0007272727272727273,18.181818181818183,18.75,35.0,100.0,6.805293005671078,1.890359168241966,27.77777777777778,8.16358024691358,7.098765432098766
363,CHE,Chelsea,eng.chelsea,13481,740707,1,55.8,8.0,3.0,0.0,3.0,9.0,2.0,15.0,5.0,0.3,0.0,0.0,439.0,524.0,0.8,1.0,13.0,0.1,46.0,18.0,0.4,5.0,9.0,15.0,0.6,12.0,19.0,19.0,2025-11-23 06:08:08,33.33333333333333,0.2688172043010753,0.08960573476702509,0.0002307692307692308,7.6923076923076925,60.0,72.41379310344827,100.0,8.778625954198473,3.435114503816794,39.130434782608695,9.39068100358423,7.867383512544803
364,LIV,Liverpool,eng.liverpool,13481,740710,0,74.5,11.0,2.0,0.0,0.0,8.0,4.0,21.0,4.0,0.2,0.0,0.0,559.0,629.0,0.9,9.0,39.0,0.2,34.0,19.0,0.6,9.0,10.0,15.0,0.7,4.0,17.0,17.0,2025-11-23 06:08:08,19.047619047619047,0.28187919463087246,0.053691275167785234,0.0004615384615384616,23.076923076923077,26.666666666666668,56.00000000000001,100.0,5.405405405405405,3.0206677265500796,55.88235294117647,8.442953020134228,7.503355704697986
382,MNC,Manchester City,eng.man_city,13481,740712,1,67.0,8.0,3.0,0.0,2.0,9.0,3.0,17.0,4.0,0.2,0.0,0.0,525.0,584.0,0.9,6.0,26.0,0.2,33.0,18.0,0.5,4.0,9.0,13.0,0.7,10.0,15.0,15.0,2025-11-23 06:08:08,23.52941176470588,0.2537313432835821,0.05970149253731343,0.0004615384615384616,23.076923076923077,55.55555555555556,70.37037037037037,100.0,5.650684931506849,3.0821917808219177,54.54545454545454,8.716417910447761,7.835820895522388
359,ARS,Arsenal,eng.arsenal,13481,740714,0,57.4,11.0,1.0,0.0,3.0,4.0,1.0,17.0,8.0,0.5,0.0,0.0,363.0,448.0,0.8,4.0,15.0,0.3,51.0,20.0,0.4,2.0,16.0,23.0,0.7,11.0,17.0,17.0,2025-11-24 00:04:45,47.05882352941176,0.2961672473867596,0.13937282229965156,0.0013333333333333333,26.666666666666668,50.0,71.05263157894737,100.0,11.383928571428571,4.464285714285714,39.21568627450981,7.804878048780488,6.32404181184669
382,MNC,Manchester City,eng.man_city,13481,740717,0,61.7,17.0,4.0,0.0,2.0,8.0,1.0,18.0,9.0,0.5,0.0,0.0,495.0,561.0,0.9,9.0,26.0,0.3,42.0,26.0,0.6,6.0,2.0,6.0,0.3,2.0,25.0,25.0,2025-11-30 06:14:16,50.0,0.2917341977309562,0.1458670988654781,0.0017307692307692308,34.61538461538461,10.526315789473683,19.047619047619047,100.0,7.4866310160427805,4.634581105169341,61.904761904761905,9.092382495948137,8.022690437601296
363,CHE,Chelsea,eng.chelsea,13481,740719,0,38.3,12.0,1.0,1.0,1.0,3.0,3.0,11.0,4.0,0.4,0.0,0.0,222.0,279.0,0.8,5.0,15.0,0.3,61.0,26.0,0.4,2.0,6.0,13.0,0.5,6.0,30.0,30.0,2025-12-01 06:12:29,36.36363636363637,0.2872062663185379,0.10443864229765014,0.0013333333333333333,33.33333333333333,33.33333333333333,50.0,100.0,21.863799283154123,9.31899641577061,42.62295081967213,7.284595300261097,5.796344647519582
359,ARS,Arsenal,eng.arsenal,13481,740719,1,61.7,13.0,6.0,0.0,3.0,3.0,3.0,8.0,4.0,0.5,0.0,0.0,390.0,463.0,0.8,4.0,15.0,0.3,40.0,11.0,0.3,1.0,9.0,15.0,0.6,10.0,17.0,17.0,2025-12-01 06:12:29,50.0,0.12965964343598055,0.06482982171799027,0.0013333333333333333,26.666666666666668,43.47826086956522,59.375,100.0,8.639308855291576,2.375809935205184,27.500000000000004,7.504051863857374,6.3209076175040515
364,LIV,Liverpool,eng.liverpool,13481,740722,1,56.2,14.0,0.0,0.0,1.0,2.0,0.0,9.0,5.0,0.6,0.0,0.0,445.0,515.0,0.9,2.0,10.0,0.2,40.0,19.0,0.5,0.0,7.0,11.0,0.6,4.0,29.0,29.0,2025-12-01 06:12:29,55.55555555555556,0.16014234875444838,0.0889679715302491,0.0012,20.0,22.22222222222222,44.0,100.0,7.766990291262135,3.6893203883495143,47.5,9.163701067615659,7.918149466192171
382,MNC,Manchester City,eng.man_city,13481,740730,1,42.8,7.0,1.0,0.0,1.0,2.0,1.0,11.0,4.0,0.4,0.0,0.0,392.0,467.0,0.8,4.0,7.0,0.6,51.0,23.0,0.5,4.0,7.0,16.0,0.4,16.0,27.0,27.0,2025-12-03 06:06:18,36.36363636363637,0.25700934579439255,0.09345794392523366,0.0022857142857142855,57.14285714285714,69.56521739130434,76.66666666666667,100.0,10.920770877944326,4.925053533190578,45.09803921568628,10.91121495327103,9.158878504672899
364,LIV,Liverpool,eng.liverpool,13481,740731,0,68.0,10.0,1.0,0.0,2.0,7.0,4.0,23.0,4.0,0.2,0.0,0.0,554.0,638.0,0.9,6.0,34.0,0.2,41.0,15.0,0.4,11.0,9.0,12.0,0.8,6.0,26.0,26.0,2025-12-05 06:06:44,17.391304347826086,0.3382352941176471,0.058823529411764705,0.0003529411764705883,17.647058823529413,37.5,60.0,100.0,6.426332288401254,2.3510971786833856,36.58536585365854,9.382352941176471,8.147058823529411
363,CHE,Chelsea,eng.chelsea,13481,740732,1,71.1,13.0,1.0,0.0,1.0,2.0,2.0,14.0,2.0,0.1,0.0,0.0,608.0,682.0,0.9,5.0,20.0,0.3,35.0,15.0,0.4,5.0,11.0,16.0,0.7,3.0,35.0,35.0,2025-12-05 06:06:44,14.285714285714285,0.1969057665260197,0.028129395218002815,0.00025,25.0,18.75,51.85185185185185,100.0,5.131964809384164,2.1994134897360706,42.857142857142854,9.59212376933896,8.551336146272856
359,ARS,Arsenal,eng.arsenal,13481,740734,0,61.9,7.0,0.0,0.0,0.0,4.0,1.0,15.0,7.0,0.5,0.0,0.0,456.0,542.0,0.8,2.0,15.0,0.1,55.0,25.0,0.5,4.0,14.0,26.0,0.5,6.0,25.0,25.0,2025-12-04 06:07:20,46.666666666666664,0.24232633279483037,0.11308562197092084,0.0006666666666666666,13.333333333333334,46.15384615384615,74.07407407407408,100.0,10.14760147601476,4.612546125461255,45.45454545454545,8.75605815831987,7.366720516962843
382,MNC,Manchester City,eng.man_city,13481,740736,0,63.9,9.0,1.0,0.0,0.0,6.0,1.0,18.0,6.0,0.3,0.0,0.0,559.0,623.0,0.9,6.0,19.0,0.3,35.0,15.0,0.4,5.0,8.0,8.0,1.0,4.0,21.0,21.0,2025-12-08 06:10:06,33.33333333333333,0.28169014084507044,0.09389671361502347,0.0009473684210526314,31.57894736842105,30.76923076923077,57.14285714285714,100.0,5.617977528089887,2.4077046548956664,42.857142857142854,9.74960876369327,8.748043818466353
364,LIV,Liverpool,eng.liverpool,13481,740742,1,55.3,14.0,3.0,0.0,2.0,4.0,2.0,16.0,7.0,0.4,0.0,0.0,418.0,503.0,0.8,6.0,17.0,0.4,48.0,16.0,0.3,4.0,9.0,17.0,0.5,5.0,28.0,28.0,2025-12-08 06:10:06,43.75,0.28933092224231466,0.12658227848101267,0.0014117647058823533,35.294117647058826,26.31578947368421,50.0,100.0,9.542743538767395,3.180914512922465,33.33333333333333,9.095840867992766,7.558770343580471
363,CHE,Chelsea,eng.chelsea,13481,740743,1,60.9,13.0,2.0,0.0,0.0,0.0,5.0,11.0,4.0,0.4,0.0,0.0,430.0,519.0,0.8,5.0,14.0,0.4,55.0,21.0,0.4,1.0,9.0,17.0,0.5,10.0,26.0,26.0,2025-12-08 06:10:06,36.36363636363637,0.180623973727422,0.06568144499178982,0.0014285714285714288,35.714285714285715,43.47826086956522,59.375,100.0,10.597302504816955,4.046242774566474,38.18181818181819,8.52216748768473,7.060755336617405
359,ARS,Arsenal,eng.arsenal,13481,740745,1,52.7,8.0,2.0,0.0,3.0,3.0,4.0,15.0,9.0,0.6,0.0,0.0,376.0,443.0,0.8,4.0,16.0,0.3,42.0,18.0,0.4,1.0,11.0,20.0,0.6,11.0,24.0,24.0,2025-12-08 06:10:06,60.0,0.2846299810246679,0.17077798861480076,0.0015,25.0,57.89473684210527,73.33333333333333,100.0,9.480812641083523,4.063205417607223,42.857142857142854,8.40607210626186,7.1347248576850095
363,CHE,Chelsea,eng.chelsea,12996,741742,0,68.3,13.0,1.0,0.0,0.0,7.0,2.0,24.0,9.0,0.4,0.0,0.0,624.0,662.0,0.9,2.0,11.0,0.2,40.0,33.0,0.8,8.0,10.0,14.0,0.7,11.0,3.0,3.0,2025-08-15 04:52:52,37.5,0.3513909224011713,0.13177159590043924,0.0007272727272727273,18.181818181818183,45.83333333333333,61.76470588235294,100.0,6.042296072507553,4.984894259818732,82.5,9.692532942898975,9.136163982430455
364,LIV,Liverpool,eng.liverpool,13504,743268,1,59.4,13.0,3.0,0.0,0.0,2.0,2.0,12.0,5.0,0.4,0.0,0.0,452.5,528.0,0.9,0.0,0.0,0.0,44.0,21.5,0.5,3.0,9.0,0.0,0.6,7.0,17.0,17.0,2025-08-11 04:41:30,41.66666666666667,0.20202020202020202,0.08417508417508418,0.0,0.0,35.0,55.172413793103445,100.0,8.333333333333332,4.071969696969697,48.86363636363637,8.88888888888889,7.617845117845118
160,PSG,Paris Saint-Germain,fra.psg,13546,746418,1,70.7,6.0,1.0,0.0,1.0,7.0,0.0,18.0,4.0,0.2,0.0,0.0,680.0,744.0,0.9,4.0,21.0,0.2,47.0,35.0,0.7,7.0,9.0,14.0,0.6,6.0,9.0,9.0,2025-08-18 04:53:06,22.22222222222222,0.25459688826025456,0.056577086280056574,0.00038095238095238096,19.047619047619047,50.0,71.42857142857143,100.0,6.317204301075269,4.704301075268817,74.46808510638297,10.523338048090523,9.618104667609618
160,PSG,Paris Saint-Germain,fra.psg,13546,746427,0,83.5,3.0,0.0,0.0,1.0,12.0,0.0,21.0,4.0,0.2,0.0,1.0,918.0,981.0,0.9,7.0,28.0,0.3,42.0,34.0,0.8,4.0,14.0,19.0,0.7,6.0,3.0,3.0,2025-08-23 05:00:39,19.047619047619047,0.25149700598802394,0.04790419161676647,0.0005,25.0,66.66666666666666,86.95652173913044,100.0,4.281345565749235,3.4658511722731906,80.95238095238095,11.748502994011975,10.994011976047904
160,PSG,Paris Saint-Germain,fra.psg,13546,746437,1,75.6,11.0,0.0,0.0,0.0,7.0,3.0,13.0,8.0,0.6,2.0,2.0,805.0,860.0,0.9,0.0,4.0,0.0,37.0,26.0,0.7,2.0,8.0,14.0,0.6,7.0,15.0,15.0,2025-08-31 05:05:28,61.53846153846154,0.17195767195767198,0.10582010582010583,0.0,0.0,38.88888888888889,57.692307692307686,100.0,4.302325581395349,3.0232558139534884,70.27027027027027,11.375661375661377,10.648148148148149
160,PSG,Paris Saint-Germain,fra.psg,13546,746445,0,68.4,10.0,1.0,0.0,0.0,4.0,3.0,14.0,6.0,0.4,0.0,0.0,713.0,771.0,0.9,3.0,8.0,0.4,31.0,20.0,0.6,5.0,10.0,14.0,0.7,4.0,11.0,11.0,2025-09-15 05:14:23,42.857142857142854,0.2046783625730994,0.08771929824561403,0.0015000000000000002,37.5,28.57142857142857,58.333333333333336,100.0,4.020752269779507,2.594033722438392,64.51612903225806,11.271929824561402,10.423976608187134
160,PSG,Paris Saint-Germain,fra.psg,13546,746453,1,68.1,7.0,1.0,0.0,1.0,3.0,1.0,12.0,5.0,0.4,0.0,0.0,611.0,669.0,0.9,0.0,12.0,0.0,40.0,21.0,0.5,1.0,15.0,17.0,0.9,5.0,16.0,16.0,2025-09-24 05:11:23,41.66666666666667,0.1762114537444934,0.07342143906020558,0.0,0.0,41.66666666666667,74.07407407407408,100.0,5.9790732436472345,3.1390134529147984,52.5,9.823788546255507,8.972099853157122
160,PSG,Paris Saint-Germain,fra.psg,13546,746462,0,66.3,17.0,1.0,0.0,1.0,5.0,2.0,15.0,8.0,0.5,0.0,0.0,607.0,672.0,0.9,5.0,7.0,0.7,39.0,20.0,0.5,3.0,10.0,21.0,0.5,7.0,23.0,23.0,2025-09-28 05:14:50,53.333333333333336,0.22624434389140272,0.12066365007541478,0.0035714285714285713,71.42857142857143,29.166666666666668,50.0,100.0,5.803571428571429,2.976190476190476,51.28205128205128,10.135746606334843,9.155354449472098
160,PSG,Paris Saint-Germain,fra.psg,13546,746469,1,62.2,12.0,1.0,0.0,0.0,5.0,2.0,17.0,5.0,0.3,0.0,0.0,600.0,656.0,0.9,2.0,10.0,0.2,32.0,20.0,0.6,5.0,6.0,9.0,0.7,6.0,20.0,20.0,2025-10-06 11:02:42,29.411764705882355,0.2733118971061093,0.08038585209003216,0.0006,20.0,33.33333333333333,50.0,100.0,4.878048780487805,3.048780487804878,62.5,10.546623794212218,9.646302250803858
160,PSG,Paris Saint-Germain,fra.psg,13546,746483,0,71.4,12.0,2.0,0.0,0.0,4.0,4.0,21.0,9.0,0.4,1.0,1.0,717.0,783.0,0.9,3.0,13.0,0.2,40.0,22.0,0.6,5.0,13.0,21.0,0.6,5.0,12.0,12.0,2025-10-18 05:20:05,42.857142857142854,0.2941176470588235,0.12605042016806722,0.0009230769230769232,23.076923076923077,29.411764705882355,60.0,100.0,5.108556832694764,2.80970625798212,55.00000000000001,10.966386554621847,10.042016806722689
160,PSG,Paris Saint-Germain,fra.psg,13546,746486,1,75.0,10.0,1.0,0.0,2.0,7.0,2.0,18.0,8.0,0.4,0.0,0.0,751.0,808.0,0.9,2.0,13.0,0.2,31.0,20.0,0.6,2.0,4.0,6.0,0.7,7.0,14.0,14.0,2025-10-26 05:20:30,44.44444444444444,0.24,0.10666666666666667,0.0006153846153846154,15.384615384615385,41.17647058823529,52.38095238095239,100.0,3.8366336633663365,2.4752475247524752,64.51612903225806,10.773333333333333,10.013333333333334
160,PSG,Paris Saint-Germain,fra.psg,13546,746494,1,78.1,13.0,2.0,0.0,0.0,8.0,1.0,15.0,8.0,0.5,0.0,0.0,773.0,827.0,0.9,4.0,20.0,0.2,39.0,29.0,0.7,4.0,6.0,10.0,0.6,3.0,18.0,18.0,2025-10-30 05:15:19,53.333333333333336,0.19206145966709348,0.10243277848911653,0.001,20.0,18.75,40.909090909090914,100.0,4.71584038694075,3.506650544135429,74.35897435897436,10.588988476312421,9.897567221510885
160,PSG,Paris Saint-Germain,fra.psg,13546,746508,0,76.5,12.0,3.0,0.0,2.0,11.0,2.0,28.0,8.0,0.3,0.0,0.0,760.0,805.0,0.9,13.0,35.0,0.4,45.0,35.0,0.8,11.0,8.0,13.0,0.6,4.0,3.0,3.0,2025-11-03 06:14:20,28.57142857142857,0.3660130718954248,0.10457516339869281,0.0011142857142857144,37.142857142857146,25.0,50.0,100.0,5.590062111801243,4.3478260869565215,77.77777777777779,10.522875816993464,9.934640522875817
160,PSG,Paris Saint-Germain,fra.psg,13546,746514,1,72.2,8.0,2.0,0.0,2.0,5.0,0.0,9.0,4.0,0.4,0.0,0.0,656.0,729.0,0.9,6.0,15.0,0.4,39.0,17.0,0.4,1.0,8.0,13.0,0.6,6.0,25.0,25.0,2025-11-10 06:08:36,44.44444444444444,0.12465373961218836,0.055401662049861494,0.0016000000000000003,40.0,42.857142857142854,63.63636363636363,100.0,5.349794238683128,2.3319615912208507,43.58974358974359,10.096952908587257,9.085872576177286
160,PSG,Paris Saint-Germain,fra.psg,13546,746522,0,65.2,10.0,2.0,0.0,3.0,6.0,3.0,31.0,11.0,0.4,0.0,0.0,526.0,599.0,0.9,5.0,14.0,0.4,38.0,26.0,0.7,7.0,9.0,18.0,0.5,11.0,8.0,8.0,2025-11-23 06:08:08,35.483870967741936,0.4754601226993865,0.1687116564417178,0.0014285714285714288,35.714285714285715,52.38095238095239,66.66666666666666,100.0,6.3439065108514185,4.340567612687813,68.42105263157895,9.187116564417177,8.067484662576687
160,PSG,Paris Saint-Germain,fra.psg,13546,746535,1,56.8,13.0,1.0,0.0,1.0,4.0,4.0,17.0,4.0,0.2,0.0,0.0,445.0,534.0,0.8,2.0,8.0,0.3,59.0,31.0,0.5,4.0,5.0,13.0,0.4,7.0,11.0,11.0,2025-11-30 06:14:16,23.52941176470588,0.2992957746478873,0.07042253521126761,0.0005,25.0,35.0,48.0,100.0,11.04868913857678,5.805243445692884,52.54237288135594,9.401408450704226,7.834507042253522
160,PSG,Paris Saint-Germain,fra.psg,13546,746543,0,66.4,9.0,0.0,0.0,0.0,8.0,2.0,20.0,9.0,0.5,0.0,0.0,658.0,715.0,0.9,3.0,14.0,0.2,47.0,26.0,0.6,4.0,13.0,17.0,0.8,7.0,9.0,9.0,2025-12-08 06:10:06,45.0,0.3012048192771084,0.1355421686746988,0.0010714285714285713,21.428571428571427,43.75,68.96551724137932,100.0,6.573426573426573,3.6363636363636362,55.319148936170215,10.768072289156626,9.909638554216867
132,MUN,Bayern Munich,ger.bayern_munich,13547,746718,0,63.0,13.0,4.0,0.0,2.0,5.0,1.0,19.0,10.0,0.5,0.0,0.0,599.0,656.0,0.9,2.0,13.0,0.2,55.0,35.0,0.6,5.0,7.0,13.0,0.5,10.0,16.0,16.0,2025-08-23 05:00:39,52.63157894736842,0.30158730158730157,0.15873015873015872,0.0007692307692307692,15.384615384615385,43.47826086956522,56.666666666666664,100.0,8.384146341463415,5.335365853658536,63.63636363636363,10.412698412698413,9.507936507936508
124,DOR,Borussia Dortmund,ger.dortmund,13547,746725,1,49.1,12.0,3.0,1.0,3.0,2.0,4.0,8.0,7.0,0.9,0.0,1.0,413.0,481.0,0.9,5.0,8.0,0.6,45.0,20.0,0.4,0.0,5.0,10.0,0.5,8.0,45.0,45.0,2025-08-24 04:55:50,87.5,0.1629327902240326,0.1425661914460285,0.005625,62.5,40.0,52.0,100.0,9.355509355509357,4.158004158004158,44.44444444444444,9.796334012219958,8.411405295315681
124,DOR,Borussia Dortmund,ger.dortmund,13547,746728,0,65.2,14.0,0.0,0.0,1.0,4.0,3.0,11.0,6.0,0.5,0.0,0.0,642.0,711.0,0.9,3.0,14.0,0.2,52.0,27.0,0.5,3.0,6.0,10.0,0.6,4.0,32.0,32.0,2025-09-01 05:08:47,54.54545454545454,0.1687116564417178,0.09202453987730061,0.0010714285714285713,21.428571428571427,22.22222222222222,41.66666666666667,100.0,7.313642756680731,3.79746835443038,51.92307692307693,10.904907975460123,9.846625766871165
132,MUN,Bayern Munich,ger.bayern_munich,13547,746729,1,57.7,11.0,4.0,0.0,3.0,5.0,1.0,20.0,10.0,0.5,0.0,0.0,437.0,518.0,0.8,3.0,12.0,0.3,58.0,30.0,0.5,5.0,9.0,14.0,0.6,10.0,24.0,24.0,2025-08-31 05:05:28,50.0,0.34662045060658575,0.17331022530329288,0.00125,25.0,47.61904761904761,63.33333333333333,100.0,11.196911196911197,5.7915057915057915,51.724137931034484,8.97746967071057,7.5736568457538995
124,DOR,Borussia Dortmund,ger.dortmund,13547,746736,1,75.4,9.0,3.0,0.0,2.0,4.0,1.0,17.0,8.0,0.5,0.0,0.0,712.0,786.0,0.9,4.0,22.0,0.2,28.0,18.0,0.6,3.0,8.0,9.0,0.9,7.0,11.0,11.0,2025-09-14 05:25:12,47.05882352941176,0.22546419098143233,0.10610079575596816,0.0009090909090909091,18.181818181818183,43.75,62.5,100.0,3.5623409669211195,2.2900763358778624,64.28571428571429,10.424403183023871,9.442970822281167
132,MUN,Bayern Munich,ger.bayern_munich,13547,746741,0,70.5,11.0,2.0,0.0,1.0,5.0,2.0,22.0,12.0,0.5,1.0,1.0,712.0,772.0,0.9,4.0,17.0,0.2,25.0,17.0,0.7,4.0,5.0,8.0,0.6,7.0,17.0,17.0,2025-09-16 05:13:33,54.54545454545454,0.3120567375886525,0.1702127659574468,0.001176470588235294,23.52941176470588,38.88888888888889,52.17391304347826,100.0,3.2383419689119166,2.2020725388601035,68.0,10.950354609929079,10.099290780141844
124,DOR,Borussia Dortmund,ger.dortmund,13547,746746,0,55.7,10.0,1.0,0.0,2.0,9.0,0.0,12.0,4.0,0.3,0.0,0.0,464.0,528.0,0.9,6.0,31.0,0.2,52.0,30.0,0.6,2.0,2.0,9.0,0.2,9.0,19.0,19.0,2025-09-22 01:25:56,33.33333333333333,0.21543985637342908,0.0718132854578097,0.0005806451612903225,19.35483870967742,47.368421052631575,52.38095238095239,100.0,9.848484848484848,5.681818181818182,57.692307692307686,9.47935368043088,8.330341113105924
132,MUN,Bayern Munich,ger.bayern_munich,13547,746752,1,62.5,9.0,2.0,0.0,1.0,5.0,3.0,18.0,10.0,0.6,2.0,2.0,503.0,567.0,0.9,2.0,12.0,0.2,59.0,35.0,0.6,5.0,8.0,17.0,0.5,7.0,16.0,16.0,2025-09-21 05:15:32,55.55555555555556,0.288,0.16,0.001,16.666666666666664,43.75,62.5,100.0,10.405643738977071,6.172839506172839,59.32203389830508,9.072,8.048
124,DOR,Borussia Dortmund,ger.dortmund,13547,746757,1,50.6,14.0,1.0,0.0,2.0,5.0,2.0,10.0,4.0,0.4,0.0,0.0,300.0,389.0,0.8,3.0,7.0,0.4,59.0,24.0,0.4,3.0,6.0,8.0,0.8,7.0,36.0,36.0,2025-09-28 05:14:50,40.0,0.1976284584980237,0.07905138339920949,0.0017142857142857142,42.857142857142854,33.33333333333333,48.148148148148145,100.0,15.167095115681233,6.169665809768637,40.67796610169492,7.687747035573122,5.928853754940711
132,MUN,Bayern Munich,ger.bayern_munich,13547,746759,0,59.3,9.0,2.0,0.0,0.0,7.0,3.0,26.0,13.0,0.5,1.0,1.0,587.0,664.0,0.9,4.0,15.0,0.3,41.0,25.0,0.6,6.0,9.0,13.0,0.7,18.0,14.0,14.0,2025-09-27 05:16:33,50.0,0.43844856661045534,0.21922428330522767,0.0013333333333333333,26.666666666666668,66.66666666666666,75.0,100.0,6.174698795180722,3.7650602409638556,60.97560975609756,11.197301854974706,9.898819561551434
132,MUN,Bayern Munich,ger.bayern_munich,13547,746763,1,60.5,11.0,2.0,0.0,5.0,3.0,1.0,12.0,3.0,0.3,0.0,0.0,635.0,711.0,0.9,2.0,6.0,0.3,44.0,26.0,0.6,4.0,4.0,10.0,0.4,5.0,17.0,17.0,2025-10-06 11:02:42,25.0,0.19834710743801653,0.049586776859504134,0.001,33.33333333333333,31.25,45.0,100.0,6.188466947960619,3.6568213783403656,59.09090909090909,11.75206611570248,10.49586776859504
124,DOR,Borussia Dortmund,ger.dortmund,13547,746765,0,50.2,13.0,1.0,0.0,2.0,7.0,2.0,15.0,3.0,0.2,0.0,0.0,417.0,492.0,0.8,3.0,22.0,0.1,46.0,24.0,0.5,6.0,9.0,15.0,0.6,7.0,29.0,29.0,2025-10-05 05:19:58,20.0,0.298804780876494,0.0597609561752988,0.00027272727272727274,13.636363636363635,35.0,55.172413793103445,100.0,9.34959349593496,4.878048780487805,52.17391304347826,9.800796812749004,8.306772908366533
132,MUN,Bayern Munich,ger.bayern_munich,13547,746776,0,60.8,12.0,1.0,0.0,2.0,4.0,0.0,15.0,7.0,0.5,0.0,0.0,516.0,586.0,0.9,3.0,8.0,0.4,71.0,46.0,0.6,3.0,8.0,11.0,0.7,8.0,17.0,17.0,2025-10-19 05:19:20,46.666666666666664,0.2467105263157895,0.11513157894736843,0.001875,37.5,40.0,57.14285714285714,100.0,12.1160409556314,7.849829351535837,64.7887323943662,9.638157894736842,8.486842105263158
124,DOR,Borussia Dortmund,ger.dortmund,13547,746776,1,39.2,17.0,3.0,0.0,1.0,3.0,6.0,8.0,1.0,0.1,0.0,0.0,285.0,369.0,0.8,4.0,16.0,0.3,56.0,35.0,0.6,3.0,12.0,18.0,0.7,12.0,18.0,18.0,2025-10-19 05:19:20,12.5,0.2040816326530612,0.02551020408163265,0.00025,25.0,41.37931034482759,58.536585365853654,100.0,15.176151761517614,9.48509485094851,62.5,9.41326530612245,7.270408163265306
132,MUN,Bayern Munich,ger.bayern_munich,13547,746785,1,83.1,9.0,3.0,0.0,1.0,8.0,0.0,27.0,11.0,0.4,0.0,0.0,846.0,897.0,0.9,4.0,33.0,0.1,29.0,23.0,0.8,8.0,5.0,7.0,0.7,2.0,5.0,5.0,2025-10-26 05:20:30,40.74074074074074,0.3249097472924188,0.13237063778580024,0.0004848484848484849,12.121212121212121,18.181818181818183,43.75,100.0,3.2329988851727984,2.564102564102564,79.3103448275862,10.794223826714802,10.180505415162456
124,DOR,Borussia Dortmund,ger.dortmund,13547,746787,0,70.4,10.0,2.0,0.0,0.0,17.0,1.0,27.0,9.0,0.3,0.0,0.0,534.0,603.0,0.9,13.0,40.0,0.3,38.0,19.0,0.5,8.0,8.0,14.0,0.6,3.0,11.0,11.0,2025-10-26 05:20:30,33.33333333333333,0.38352272727272724,0.1278409090909091,0.0009750000000000001,32.5,23.076923076923077,52.38095238095239,100.0,6.301824212271974,3.150912106135987,50.0,8.565340909090908,7.5852272727272725
124,DOR,Borussia Dortmund,ger.dortmund,13547,746791,1,53.1,16.0,1.0,0.0,0.0,3.0,1.0,5.0,1.0,0.2,0.0,0.0,400.0,495.0,0.8,3.0,11.0,0.3,56.0,18.0,0.3,0.0,15.0,21.0,0.7,11.0,36.0,36.0,2025-11-01 05:15:28,20.0,0.09416195856873823,0.018832391713747645,0.0005454545454545455,27.27272727272727,40.74074074074074,61.904761904761905,100.0,11.313131313131313,3.6363636363636362,32.142857142857146,9.322033898305085,7.532956685499058
132,MUN,Bayern Munich,ger.bayern_munich,13547,746792,0,59.0,11.0,1.0,0.0,1.0,10.0,1.0,18.0,4.0,0.2,0.0,0.0,607.0,672.0,0.9,3.0,16.0,0.2,45.0,29.0,0.6,7.0,13.0,20.0,0.7,6.0,9.0,9.0,2025-11-02 05:15:08,22.22222222222222,0.3050847457627119,0.06779661016949153,0.00037500000000000006,18.75,35.294117647058826,63.33333333333333,100.0,6.696428571428571,4.315476190476191,64.44444444444444,11.389830508474576,10.288135593220339
132,MUN,Bayern Munich,ger.bayern_munich,13547,746806,1,73.6,8.0,4.0,0.0,5.0,5.0,2.0,12.0,4.0,0.3,0.0,0.0,663.0,752.0,0.9,5.0,19.0,0.3,44.0,20.0,0.5,5.0,8.0,12.0,0.7,4.0,21.0,21.0,2025-11-09 14:08:52,33.33333333333333,0.16304347826086957,0.05434782608695653,0.0007894736842105263,26.31578947368421,33.33333333333333,60.0,100.0,5.851063829787234,2.6595744680851063,45.45454545454545,10.217391304347826,9.008152173913045
124,DOR,Borussia Dortmund,ger.dortmund,13547,746807,1,54.8,8.0,1.0,0.0,0.0,6.0,2.0,17.0,1.0,0.1,0.0,0.0,418.0,493.0,0.8,3.0,18.0,0.2,37.0,15.0,0.4,8.0,11.0,17.0,0.6,7.0,24.0,24.0,2025-11-09 14:08:52,5.88235294117647,0.3102189781021898,0.018248175182481754,0.00016666666666666666,16.666666666666664,46.666666666666664,69.23076923076923,100.0,7.505070993914807,3.0425963488843815,40.54054054054054,8.996350364963504,7.627737226277373
132,MUN,Bayern Munich,ger.bayern_munich,13547,746813,0,71.6,9.0,1.0,0.0,1.0,3.0,0.0,22.0,8.0,0.4,0.0,0.0,711.0,778.0,0.9,2.0,11.0,0.2,39.0,22.0,0.6,8.0,9.0,15.0,0.6,10.0,23.0,23.0,2025-11-23 06:08:08,36.36363636363637,0.30726256983240224,0.111731843575419,0.0007272727272727273,18.181818181818183,52.63157894736842,67.85714285714286,100.0,5.012853470437018,2.827763496143959,56.41025641025641,10.865921787709498,9.930167597765363
124,DOR,Borussia Dortmund,ger.dortmund,13547,746815,0,45.5,12.0,1.0,0.0,3.0,2.0,3.0,14.0,6.0,0.4,1.0,1.0,340.0,428.0,0.8,0.0,12.0,0.0,51.0,19.0,0.4,4.0,13.0,21.0,0.6,10.0,24.0,24.0,2025-11-23 06:08:08,42.857142857142854,0.3076923076923077,0.13186813186813187,0.0,0.0,45.45454545454545,65.71428571428571,100.0,11.91588785046729,4.439252336448598,37.254901960784316,9.406593406593407,7.472527472527473
132,MUN,Bayern Munich,ger.bayern_munich,13547,746818,0,80.3,5.0,1.0,0.0,3.0,10.0,0.0,19.0,4.0,0.2,0.0,0.0,924.0,995.0,0.9,7.0,28.0,0.3,54.0,39.0,0.7,5.0,5.0,7.0,0.7,8.0,19.0,19.0,2025-11-30 06:14:16,21.052631578947366,0.23661270236612703,0.04981320049813201,0.0005,25.0,61.53846153846154,72.22222222222221,100.0,5.427135678391959,3.919597989949749,72.22222222222221,12.391033623910337,11.506849315068493
124,DOR,Borussia Dortmund,ger.dortmund,13547,746824,1,37.0,9.0,4.0,0.0,1.0,3.0,3.0,7.0,4.0,0.6,0.0,0.0,291.0,350.0,0.8,5.0,22.0,0.2,38.0,13.0,0.3,0.0,9.0,16.0,0.6,8.0,19.0,19.0,2025-11-30 06:14:16,57.14285714285714,0.1891891891891892,0.10810810810810811,0.0013636363636363635,22.727272727272727,47.05882352941176,65.38461538461539,100.0,10.857142857142858,3.7142857142857144,34.21052631578947,9.45945945945946,7.864864864864865
132,MUN,Bayern Munich,ger.bayern_munich,13547,746828,1,58.8,11.0,4.0,0.0,5.0,4.0,1.0,19.0,11.0,0.6,1.0,1.0,486.0,561.0,0.9,2.0,8.0,0.3,58.0,35.0,0.6,3.0,5.0,6.0,0.8,8.0,23.0,23.0,2025-12-08 06:10:06,57.89473684210527,0.3231292517006803,0.1870748299319728,0.0015,25.0,42.10526315789473,54.166666666666664,100.0,10.338680926916222,6.23885918003565,60.3448275862069,9.540816326530612,8.26530612244898
124,DOR,Borussia Dortmund,ger.dortmund,13547,746831,0,43.1,7.0,0.0,0.0,0.0,7.0,3.0,8.0,4.0,0.5,0.0,0.0,293.0,380.0,0.8,4.0,19.0,0.2,65.0,26.0,0.4,2.0,12.0,15.0,0.8,6.0,22.0,22.0,2025-12-08 06:10:06,50.0,0.18561484918793503,0.09280742459396751,0.0010526315789473684,21.052631578947366,46.15384615384615,72.0,100.0,17.105263157894736,6.842105263157896,40.0,8.816705336426914,6.7981438515081205
86,RMA,Real Madrid,esp.real_madrid,13561,748145,0,70.7,10.0,1.0,0.0,0.0,7.0,0.0,18.0,5.0,0.3,1.0,1.0,659.0,721.0,0.9,8.0,19.0,0.4,51.0,32.0,0.6,6.0,10.0,16.0,0.6,6.0,17.0,17.0,2025-08-20 04:54:34,27.77777777777778,0.25459688826025456,0.07072135785007072,0.001263157894736842,42.10526315789473,37.5,61.53846153846154,100.0,7.073509015256588,4.438280166435506,62.745098039215684,10.198019801980198,9.32107496463932
1068,ATM,Atlético Madrid,esp.atletico_madrid,13561,748146,1,60.1,11.0,3.0,0.0,1.0,3.0,3.0,15.0,4.0,0.3,0.0,0.0,551.0,618.0,0.9,4.0,15.0,0.3,57.0,36.0,0.6,4.0,7.0,11.0,0.6,5.0,22.0,22.0,2025-08-18 04:53:06,26.666666666666668,0.24958402662229617,0.06655574043261231,0.0008,26.666666666666668,31.25,52.17391304347826,100.0,9.223300970873787,5.825242718446602,63.1578947368421,10.282861896838602,9.168053244592345
83,BAR,Barcelona,esp.barcelona,13561,748153,1,71.1,17.0,1.0,0.0,3.0,6.0,1.0,24.0,8.0,0.3,0.0,0.0,505.0,569.0,0.9,3.0,10.0,0.3,32.0,21.0,0.7,7.0,10.0,15.0,0.7,7.0,14.0,14.0,2025-08-27 05:00:41,33.33333333333333,0.3375527426160338,0.11251758087201126,0.0009,30.0,29.166666666666668,50.0,100.0,5.623901581722319,3.690685413005272,65.625,8.002812939521801,7.10267229254571
86,RMA,Real Madrid,esp.real_madrid,13561,748155,1,64.8,7.0,1.0,0.0,2.0,9.0,3.0,26.0,10.0,0.4,0.0,0.0,644.0,699.0,0.9,1.0,15.0,0.1,23.0,16.0,0.7,10.0,17.0,23.0,0.7,9.0,12.0,12.0,2025-08-25 04:55:46,38.46153846153847,0.4012345679012346,0.154320987654321,0.0002666666666666667,6.666666666666667,56.25,78.78787878787878,100.0,3.290414878397711,2.28898426323319,69.56521739130434,10.787037037037038,9.938271604938272
1068,ATM,Atlético Madrid,esp.atletico_madrid,13561,748161,0,58.0,14.0,0.0,0.0,3.0,10.0,1.0,13.0,6.0,0.5,0.0,0.0,465.0,545.0,0.9,9.0,37.0,0.2,53.0,26.0,0.5,3.0,12.0,20.0,0.6,9.0,11.0,11.0,2025-08-24 04:55:50,46.15384615384615,0.22413793103448276,0.10344827586206896,0.0012162162162162164,24.324324324324326,39.130434782608695,60.0,100.0,9.724770642201836,4.770642201834862,49.056603773584904,9.39655172413793,8.017241379310345
83,BAR,Barcelona,esp.barcelona,13561,748162,1,82.0,8.0,1.0,0.0,0.0,11.0,3.0,26.0,10.0,0.4,0.0,0.0,699.0,761.0,0.9,8.0,30.0,0.3,23.0,10.0,0.4,8.0,4.0,11.0,0.4,5.0,12.0,12.0,2025-08-24 18:09:39,38.46153846153847,0.3170731707317073,0.12195121951219512,0.0010666666666666667,26.666666666666668,38.46153846153847,52.94117647058824,100.0,3.0223390275952693,1.314060446780552,43.47826086956522,9.28048780487805,8.524390243902438
83,BAR,Barcelona,esp.barcelona,13561,748165,1,56.7,8.0,1.0,0.0,2.0,4.0,5.0,12.0,3.0,0.3,1.0,1.0,364.0,444.0,0.8,4.0,8.0,0.5,31.0,12.0,0.4,3.0,11.0,18.0,0.6,8.0,24.0,24.0,2025-09-02 05:08:57,25.0,0.21164021164021163,0.05291005291005291,0.0015,50.0,50.0,70.37037037037037,100.0,6.981981981981981,2.7027027027027026,38.70967741935484,7.830687830687831,6.419753086419753
86,RMA,Real Madrid,esp.real_madrid,13561,748167,0,58.2,12.0,2.0,0.0,3.0,4.0,2.0,17.0,7.0,0.4,0.0,0.0,481.0,538.0,0.9,1.0,14.0,0.1,38.0,24.0,0.6,4.0,8.0,13.0,0.6,7.0,19.0,19.0,2025-08-31 05:05:28,41.17647058823529,0.29209621993127144,0.12027491408934707,0.0002857142857142857,7.142857142857142,36.84210526315789,55.55555555555556,100.0,7.063197026022305,4.4609665427509295,63.1578947368421,9.243986254295532,8.264604810996563
1068,ATM,Atlético Madrid,esp.atletico_madrid,13561,748172,1,60.2,17.0,3.0,0.0,1.0,6.0,1.0,15.0,6.0,0.4,0.0,0.0,464.0,550.0,0.8,7.0,26.0,0.3,48.0,28.0,0.6,3.0,12.0,19.0,0.6,7.0,9.0,9.0,2025-09-01 05:08:47,40.0,0.24916943521594684,0.09966777408637874,0.0010769230769230769,26.923076923076923,29.166666666666668,52.77777777777778,100.0,8.727272727272728,5.090909090909091,58.333333333333336,9.136212624584717,7.707641196013289
86,RMA,Real Madrid,esp.real_madrid,13561,748177,1,36.4,7.0,1.0,1.0,2.0,4.0,3.0,16.0,6.0,0.4,0.0,0.0,241.0,314.0,0.8,4.0,8.0,0.5,73.0,35.0,0.5,3.0,5.0,9.0,0.6,10.0,35.0,35.0,2025-09-14 05:25:12,37.5,0.43956043956043955,0.16483516483516483,0.002,50.0,58.82352941176471,68.18181818181817,100.0,23.248407643312103,11.146496815286625,47.94520547945205,8.626373626373626,6.620879120879121
83,BAR,Barcelona,esp.barcelona,13561,748180,0,72.2,9.0,0.0,0.0,4.0,5.0,1.0,24.0,10.0,0.4,0.0,0.0,616.0,677.0,0.9,3.0,9.0,0.3,36.0,22.0,0.6,4.0,13.0,17.0,0.8,8.0,22.0,22.0,2025-09-16 05:13:33,41.66666666666667,0.33240997229916897,0.13850415512465372,0.0013333333333333333,33.33333333333333,47.05882352941176,70.0,100.0,5.317577548005908,3.2496307237813884,61.111111111111114,9.376731301939058,8.53185595567867
1068,ATM,Atlético Madrid,esp.atletico_madrid,13561,748181,0,60.6,12.0,2.0,0.0,1.0,8.0,1.0,8.0,3.0,0.4,0.0,0.0,559.0,623.0,0.9,4.0,17.0,0.2,51.0,34.0,0.7,2.0,4.0,11.0,0.4,5.0,17.0,17.0,2025-09-15 05:14:23,37.5,0.132013201320132,0.0495049504950495,0.0009411764705882353,23.52941176470588,29.411764705882355,42.857142857142854,100.0,8.186195826645266,5.457463884430177,66.66666666666666,10.28052805280528,9.224422442244224
86,RMA,Real Madrid,esp.real_madrid,13561,748186,0,72.3,10.0,2.0,0.0,2.0,5.0,1.0,16.0,5.0,0.3,0.0,0.0,700.0,753.0,0.9,2.0,9.0,0.2,44.0,26.0,0.6,5.0,10.0,18.0,0.6,4.0,11.0,11.0,2025-09-21 05:15:32,31.25,0.22130013831258646,0.06915629322268327,0.0006666666666666666,22.22222222222222,28.57142857142857,58.333333333333336,100.0,5.843293492695882,3.4528552456839305,59.09090909090909,10.4149377593361,9.681881051175658
1068,ATM,Atlético Madrid,esp.atletico_madrid,13561,748188,1,57.5,6.0,0.0,1.0,1.0,6.0,2.0,12.0,7.0,0.6,0.0,1.0,485.0,550.0,0.9,4.0,22.0,0.2,48.0,22.0,0.5,1.0,4.0,10.0,0.4,8.0,19.0,19.0,2025-09-23 05:11:02,58.333333333333336,0.20869565217391303,0.12173913043478261,0.001090909090909091,18.181818181818183,57.14285714285714,66.66666666666666,100.0,8.727272727272728,4.0,45.83333333333333,9.565217391304348,8.434782608695652
83,BAR,Barcelona,esp.barcelona,13561,748191,0,70.7,9.0,2.0,0.0,3.0,3.0,2.0,16.0,7.0,0.4,0.0,0.0,664.0,738.0,0.9,1.0,5.0,0.2,45.0,31.0,0.7,2.0,8.0,12.0,0.7,7.0,21.0,21.0,2025-09-23 05:11:02,43.75,0.2263083451202263,0.099009900990099,0.0008000000000000001,20.0,43.75,62.5,100.0,6.097560975609756,4.200542005420054,68.88888888888889,10.438472418670438,9.391796322489391
1068,ATM,Atlético Madrid,esp.atletico_madrid,13561,748195,0,61.0,6.0,3.0,0.0,3.0,8.0,1.0,20.0,8.0,0.4,0.0,0.0,506.0,579.0,0.9,12.0,24.0,0.5,42.0,19.0,0.5,4.0,8.0,12.0,0.7,12.0,15.0,15.0,2025-09-25 05:15:13,40.0,0.32786885245901637,0.13114754098360656,0.002,50.0,66.66666666666666,76.92307692307693,100.0,7.253886010362693,3.281519861830743,45.23809523809524,9.491803278688524,8.295081967213115
86,RMA,Real Madrid,esp.real_madrid,13561,748200,1,62.6,9.0,1.0,0.0,1.0,7.0,1.0,24.0,10.0,0.4,1.0,1.0,636.0,696.0,0.9,2.0,11.0,0.2,47.0,21.0,0.4,3.0,9.0,22.0,0.4,6.0,8.0,8.0,2025-09-24 05:11:23,41.66666666666667,0.38338658146964855,0.1597444089456869,0.0007272727272727273,18.181818181818183,40.0,62.5,100.0,6.752873563218391,3.0172413793103448,44.680851063829785,11.118210862619808,10.159744408945686
83,BAR,Barcelona,esp.barcelona,13561,748202,1,79.5,6.0,0.0,0.0,1.0,9.0,2.0,22.0,10.0,0.5,0.0,0.0,717.0,787.0,0.9,3.0,16.0,0.2,33.0,17.0,0.5,8.0,10.0,18.0,0.6,6.0,15.0,15.0,2025-09-27 05:16:33,45.45454545454545,0.27672955974842767,0.12578616352201258,0.0009375,18.75,50.0,72.72727272727273,100.0,4.193138500635324,2.1601016518424396,51.515151515151516,9.89937106918239,9.018867924528301
83,BAR,Barcelona,esp.barcelona,13561,748208,0,74.5,6.0,1.0,0.0,3.0,12.0,1.0,22.0,12.0,0.5,0.0,0.0,684.0,744.0,0.9,5.0,22.0,0.2,34.0,15.0,0.4,5.0,8.0,12.0,0.7,2.0,15.0,15.0,2025-10-03 05:13:17,54.54545454545454,0.2953020134228188,0.1610738255033557,0.0011363636363636363,22.727272727272727,25.0,62.5,100.0,4.56989247311828,2.0161290322580645,44.11764705882353,9.986577181208053,9.181208053691275
1068,ATM,Atlético Madrid,esp.atletico_madrid,13561,748210,0,37.1,17.0,5.0,0.0,1.0,7.0,0.0,13.0,7.0,0.5,1.0,1.0,241.0,306.0,0.8,6.0,23.0,0.3,48.0,18.0,0.4,2.0,7.0,14.0,0.5,7.0,23.0,23.0,2025-09-28 05:14:50,53.84615384615385,0.3504043126684636,0.18867924528301885,0.0013043478260869564,26.08695652173913,29.166666666666668,45.16129032258064,100.0,15.686274509803921,5.88235294117647,37.5,8.247978436657682,6.495956873315364
86,RMA,Real Madrid,esp.real_madrid,13561,748210,1,62.9,14.0,4.0,0.0,1.0,2.0,2.0,6.0,2.0,0.3,0.0,0.0,471.0,538.0,0.9,4.0,18.0,0.2,48.0,25.0,0.5,2.0,8.0,11.0,0.7,7.0,22.0,22.0,2025-09-28 05:14:50,33.33333333333333,0.09538950715421304,0.03179650238473768,0.0006666666666666666,22.22222222222222,33.33333333333333,51.724137931034484,100.0,8.921933085501859,4.646840148698884,52.083333333333336,8.553259141494436,7.488076311605724
86,RMA,Real Madrid,esp.real_madrid,13561,748214,0,69.5,9.0,2.0,0.0,0.0,4.0,1.0,26.0,7.0,0.3,1.0,1.0,653.0,711.0,0.9,8.0,16.0,0.5,31.0,17.0,0.5,9.0,12.0,26.0,0.5,4.0,16.0,16.0,2025-10-05 05:19:58,26.923076923076923,0.37410071942446044,0.10071942446043165,0.0015,50.0,30.76923076923077,64.0,100.0,4.360056258790436,2.390998593530239,54.83870967741935,10.23021582733813,9.39568345323741
83,BAR,Barcelona,esp.barcelona,13561,748215,1,61.0,9.0,5.0,0.0,0.0,6.0,1.0,17.0,8.0,0.5,0.0,1.0,363.0,427.0,0.9,5.0,14.0,0.4,26.0,7.0,0.3,5.0,10.0,19.0,0.5,4.0,15.0,15.0,2025-10-06 11:02:42,47.05882352941176,0.2786885245901639,0.13114754098360656,0.0017857142857142857,35.714285714285715,30.76923076923077,60.86956521739131,100.0,6.0889929742388755,1.639344262295082,26.923076923076923,7.0,5.950819672131147
1068,ATM,Atlético Madrid,esp.atletico_madrid,13561,748221,1,40.6,10.0,1.0,1.0,0.0,3.0,3.0,6.0,1.0,0.2,0.0,0.0,436.0,501.0,0.9,1.0,8.0,0.1,47.0,29.0,0.6,1.0,10.0,14.0,0.7,11.0,24.0,24.0,2025-10-06 11:02:42,16.666666666666664,0.14778325123152708,0.02463054187192118,0.00025,12.5,52.38095238095239,67.74193548387096,100.0,9.3812375249501,5.788423153692615,61.702127659574465,12.339901477832512,10.738916256157635
1068,ATM,Atlético Madrid,esp.atletico_madrid,13561,748224,0,58.6,10.0,1.0,0.0,6.0,4.0,2.0,18.0,9.0,0.5,0.0,0.0,465.0,529.0,0.9,2.0,18.0,0.1,49.0,35.0,0.7,0.0,11.0,16.0,0.7,10.0,22.0,22.0,2025-10-19 05:19:20,50.0,0.30716723549488056,0.15358361774744028,0.0005555555555555556,11.11111111111111,50.0,67.74193548387096,100.0,9.262759924385634,6.61625708884688,71.42857142857143,9.027303754266212,7.935153583617748
83,BAR,Barcelona,esp.barcelona,13561,748228,0,68.0,10.0,2.0,0.0,1.0,11.0,3.0,27.0,9.0,0.3,0.0,0.0,615.0,670.0,0.9,4.0,28.0,0.1,26.0,13.0,0.5,6.0,13.0,20.0,0.7,5.0,15.0,15.0,2025-10-20 05:19:51,33.33333333333333,0.39705882352941174,0.1323529411764706,0.0004285714285714285,14.285714285714285,33.33333333333333,64.28571428571429,100.0,3.880597014925373,1.9402985074626864,50.0,9.852941176470589,9.044117647058824
86,RMA,Real Madrid,esp.real_madrid,13561,748231,1,76.1,11.0,1.0,0.0,3.0,4.0,1.0,23.0,10.0,0.4,0.0,0.0,552.0,636.0,0.9,2.0,10.0,0.2,73.0,38.0,0.5,4.0,9.0,17.0,0.5,6.0,19.0,19.0,2025-10-21 05:14:31,43.47826086956522,0.30223390275952694,0.1314060446780552,0.0008000000000000001,20.0,35.294117647058826,57.692307692307686,100.0,11.477987421383649,5.9748427672955975,52.054794520547944,8.35742444152431,7.253613666228647
86,RMA,Real Madrid,esp.real_madrid,13561,748236,0,31.6,12.0,5.0,1.0,5.0,12.0,4.0,23.0,10.0,0.4,0.0,1.0,223.0,275.0,0.8,4.0,12.0,0.3,44.0,21.0,0.5,7.0,13.0,24.0,0.5,6.0,17.0,17.0,2025-10-27 05:16:32,43.47826086956522,0.7278481012658228,0.3164556962025316,0.0013333333333333333,33.33333333333333,33.33333333333333,61.29032258064516,100.0,16.0,7.636363636363637,47.72727272727273,8.70253164556962,7.056962025316455
83,BAR,Barcelona,esp.barcelona,13561,748236,1,68.4,9.0,3.0,1.0,2.0,4.0,9.0,15.0,6.0,0.4,0.0,0.0,574.0,640.0,0.9,3.0,8.0,0.4,28.0,13.0,0.5,4.0,10.0,20.0,0.5,7.0,12.0,12.0,2025-10-27 05:16:32,40.0,0.21929824561403508,0.08771929824561403,0.0015000000000000002,37.5,43.75,65.38461538461539,100.0,4.375,2.03125,46.42857142857143,9.35672514619883,8.391812865497075
1068,ATM,Atlético Madrid,esp.atletico_madrid,13561,748237,1,42.9,18.0,1.0,0.0,4.0,5.0,5.0,9.0,4.0,0.4,0.0,0.0,341.0,421.0,0.8,1.0,6.0,0.2,50.0,19.0,0.4,1.0,17.0,29.0,0.6,6.0,32.0,32.0,2025-10-28 05:13:22,44.44444444444444,0.2097902097902098,0.09324009324009325,0.0006666666666666666,16.666666666666664,25.0,56.09756097560976,100.0,11.87648456057007,4.513064133016627,38.0,9.813519813519815,7.948717948717949
1068,ATM,Atlético Madrid,esp.atletico_madrid,13561,748245,0,47.2,9.0,0.0,0.0,0.0,9.0,2.0,15.0,6.0,0.4,1.0,1.0,392.0,459.0,0.9,4.0,25.0,0.2,52.0,30.0,0.6,3.0,9.0,15.0,0.6,10.0,10.0,10.0,2025-11-02 05:15:08,40.0,0.3177966101694915,0.1271186440677966,0.00064,16.0,52.63157894736842,67.85714285714286,100.0,11.328976034858387,6.535947712418301,57.692307692307686,9.72457627118644,8.305084745762711
83,BAR,Barcelona,esp.barcelona,13561,748247,0,49.0,12.0,0.0,0.0,5.0,6.0,2.0,17.0,5.0,0.3,0.0,0.0,342.0,413.0,0.8,4.0,10.0,0.4,48.0,24.0,0.5,6.0,7.0,17.0,0.4,12.0,7.0,7.0,2025-11-04 06:13:28,29.411764705882355,0.3469387755102041,0.10204081632653061,0.0012,40.0,50.0,61.29032258064516,100.0,11.62227602905569,5.811138014527845,50.0,8.428571428571429,6.979591836734694
86,RMA,Real Madrid,esp.real_madrid,13561,748251,0,64.9,14.0,1.0,0.0,2.0,7.0,1.0,21.0,11.0,0.5,1.0,2.0,647.0,715.0,0.9,3.0,16.0,0.2,46.0,33.0,0.7,6.0,12.0,21.0,0.6,7.0,11.0,11.0,2025-11-03 06:14:20,52.38095238095239,0.3235747303543913,0.1694915254237288,0.0009375,18.75,33.33333333333333,57.57575757575758,100.0,6.433566433566433,4.615384615384616,71.73913043478261,11.016949152542372,9.969183359013867
86,RMA,Real Madrid,esp.real_madrid,13561,748254,1,54.5,7.0,2.0,0.0,1.0,8.0,2.0,21.0,5.0,0.2,0.0,0.0,376.0,445.0,0.8,6.0,19.0,0.3,44.0,23.0,0.5,6.0,6.0,10.0,0.6,10.0,23.0,23.0,2025-11-10 06:08:36,23.809523809523807,0.3853211009174312,0.09174311926605505,0.0006315789473684211,31.57894736842105,58.82352941176471,69.56521739130434,100.0,9.887640449438202,5.168539325842696,52.27272727272727,8.1651376146789,6.89908256880734
83,BAR,Barcelona,esp.barcelona,13561,748260,1,61.4,10.0,3.0,1.0,2.0,5.0,1.0,21.0,9.0,0.4,1.0,1.0,652.0,720.0,0.9,4.0,11.0,0.4,33.0,15.0,0.5,8.0,7.0,15.0,0.5,12.0,15.0,15.0,2025-11-10 06:08:36,42.857142857142854,0.34201954397394135,0.1465798045602606,0.0014545454545454547,36.36363636363637,54.54545454545454,65.51724137931035,100.0,4.583333333333333,2.083333333333333,45.45454545454545,11.726384364820847,10.618892508143322
1068,ATM,Atlético Madrid,esp.atletico_madrid,13561,748261,0,74.3,5.0,3.0,0.0,1.0,21.0,2.0,25.0,10.0,0.4,0.0,0.0,559.0,630.0,0.9,12.0,40.0,0.3,44.0,28.0,0.6,6.0,14.0,19.0,0.7,3.0,17.0,17.0,2025-11-09 14:08:52,40.0,0.33647375504710636,0.13458950201884254,0.0012,30.0,37.5,77.27272727272727,100.0,6.984126984126984,4.444444444444445,63.63636363636363,8.47913862718708,7.523553162853298
1068,ATM,Atlético Madrid,esp.atletico_madrid,13561,748264,1,58.8,17.0,3.0,0.0,5.0,7.0,1.0,13.0,6.0,0.5,0.0,0.0,360.0,445.0,0.8,8.0,23.0,0.3,53.0,30.0,0.6,5.0,10.0,17.0,0.6,6.0,29.0,29.0,2025-11-25 02:43:42,46.15384615384615,0.22108843537414968,0.10204081632653061,0.0017391304347826085,34.78260869565217,26.08695652173913,48.484848484848484,100.0,11.910112359550562,6.741573033707865,56.60377358490566,7.568027210884354,6.122448979591837
86,RMA,Real Madrid,esp.real_madrid,13561,748266,1,51.5,8.0,1.0,0.0,2.0,8.0,4.0,20.0,7.0,0.4,0.0,0.0,440.0,489.0,0.9,8.0,29.0,0.3,29.0,17.0,0.6,3.0,9.0,17.0,0.5,12.0,23.0,23.0,2025-11-25 02:43:42,35.0,0.3883495145631068,0.13592233009708737,0.001103448275862069,27.586206896551722,60.0,72.41379310344827,100.0,5.930470347648262,3.476482617586912,58.620689655172406,9.495145631067961,8.54368932038835
83,BAR,Barcelona,esp.barcelona,13561,748272,0,67.6,9.0,0.0,0.0,7.0,5.0,2.0,19.0,7.0,0.4,0.0,0.0,619.0,698.0,0.9,1.0,6.0,0.2,29.0,17.0,0.6,7.0,11.0,15.0,0.7,5.0,17.0,17.0,2025-11-23 06:08:08,36.84210526315789,0.2810650887573965,0.10355029585798818,0.0006666666666666666,16.666666666666664,35.714285714285715,64.0,100.0,4.154727793696275,2.4355300859598854,58.620689655172406,10.32544378698225,9.156804733727812
1068,ATM,Atlético Madrid,esp.atletico_madrid,13561,748275,0,52.0,5.0,0.0,0.0,2.0,7.0,1.0,14.0,8.0,0.6,0.0,0.0,476.0,533.0,0.9,3.0,19.0,0.2,36.0,19.0,0.5,1.0,9.0,13.0,0.7,6.0,17.0,17.0,2025-11-30 06:14:16,57.14285714285714,0.2692307692307692,0.15384615384615385,0.0009473684210526314,15.789473684210526,54.54545454545454,75.0,100.0,6.75422138836773,3.564727954971857,52.77777777777778,10.25,9.153846153846153
86,RMA,Real Madrid,esp.real_madrid,13561,748279,1,59.6,13.0,0.0,0.0,2.0,5.0,3.0,25.0,4.0,0.2,1.0,1.0,553.0,611.0,0.9,3.0,26.0,0.1,39.0,24.0,0.6,9.0,13.0,20.0,0.7,8.0,9.0,9.0,2025-12-01 06:12:29,16.0,0.41946308724832215,0.06711409395973154,0.0002307692307692308,11.538461538461538,38.095238095238095,61.76470588235294,100.0,6.382978723404255,3.927986906710311,61.53846153846154,10.251677852348992,9.278523489932885
83,BAR,Barcelona,esp.barcelona,13561,748282,0,69.0,10.0,2.0,0.0,0.0,5.0,1.0,18.0,6.0,0.3,0.0,0.0,622.0,697.0,0.9,3.0,10.0,0.3,36.0,17.0,0.5,6.0,14.0,25.0,0.6,5.0,15.0,15.0,2025-11-30 06:14:16,33.33333333333333,0.2608695652173913,0.08695652173913043,0.0009,30.0,33.33333333333333,65.51724137931035,100.0,5.164992826398852,2.4390243902439024,47.22222222222222,10.101449275362318,9.014492753623188
1068,ATM,Atlético Madrid,esp.atletico_madrid,13561,748286,1,55.9,12.0,2.0,0.0,2.0,6.0,2.0,7.0,3.0,0.4,0.0,0.0,384.0,487.0,0.8,6.0,17.0,0.4,64.0,32.0,0.5,1.0,12.0,15.0,0.8,12.0,27.0,27.0,2025-12-08 06:10:06,42.857142857142854,0.12522361359570663,0.053667262969588556,0.0014117647058823533,35.294117647058826,50.0,66.66666666666666,100.0,13.141683778234087,6.570841889117044,50.0,8.711985688729875,6.869409660107335
83,BAR,Barcelona,esp.barcelona,13561,748289,1,62.2,9.0,2.0,0.0,1.0,7.0,2.0,16.0,8.0,0.5,1.0,1.0,512.0,575.0,0.9,3.0,11.0,0.3,32.0,12.0,0.4,2.0,9.0,17.0,0.5,2.0,28.0,28.0,2025-12-08 06:10:06,50.0,0.2572347266881029,0.12861736334405144,0.0013636363636363635,27.27272727272727,18.181818181818183,55.00000000000001,100.0,5.565217391304348,2.086956521739131,37.5,9.244372990353698,8.231511254019292
86,RMA,Real Madrid,esp.real_madrid,13561,748290,0,57.6,6.0,4.0,3.0,2.0,8.0,3.0,23.0,7.0,0.3,0.0,0.0,532.0,585.0,0.9,6.0,27.0,0.2,36.0,18.0,0.5,4.0,8.0,10.0,0.8,9.0,3.0,3.0,2025-12-08 06:10:06,30.434782608695656,0.3993055555555555,0.12152777777777778,0.0006666666666666666,22.22222222222222,60.0,73.91304347826086,100.0,6.153846153846154,3.076923076923077,50.0,10.15625,9.23611111111111
83,BAR,Barcelona,esp.barcelona,13561,748331,0,58.2,12.0,1.0,0.0,1.0,5.0,1.0,19.0,6.0,0.3,0.0,1.0,480.0,560.0,0.9,2.0,10.0,0.2,45.0,25.0,0.6,4.0,8.0,18.0,0.4,9.0,29.0,29.0,2025-12-03 06:06:18,31.57894736842105,0.32646048109965636,0.10309278350515463,0.0006,20.0,42.857142857142854,58.620689655172406,100.0,8.035714285714286,4.464285714285714,55.55555555555556,9.621993127147766,8.24742268041237
1068,ATM,Atlético Madrid,esp.atletico_madrid,13561,748331,1,41.8,9.0,1.0,0.0,4.0,4.0,3.0,7.0,2.0,0.3,0.0,0.0,308.0,391.0,0.8,5.0,22.0,0.2,67.0,37.0,0.6,1.0,8.0,18.0,0.4,10.0,13.0,13.0,2025-12-03 06:06:18,28.57142857142857,0.1674641148325359,0.04784688995215311,0.0006818181818181818,22.727272727272727,52.63157894736842,66.66666666666666,100.0,17.135549872122763,9.462915601023019,55.223880597014926,9.354066985645934,7.36842105263158
86,RMA,Real Madrid,esp.real_madrid,13561,748332,1,62.0,4.0,0.0,0.0,1.0,7.0,4.0,13.0,8.0,0.6,0.0,0.0,567.0,641.0,0.9,3.0,11.0,0.3,59.0,32.0,0.5,1.0,14.0,24.0,0.6,8.0,36.0,36.0,2025-12-04 06:07:20,61.53846153846154,0.20967741935483872,0.12903225806451613,0.001636363636363636,27.27272727272727,66.66666666666666,84.61538461538461,100.0,9.204368174726989,4.99219968798752,54.23728813559322,10.338709677419354,9.14516129032258
359,ARS,Arsenal,eng.arsenal,12996,750787,0,56.7,16.0,0.0,0.0,1.0,6.0,4.0,17.0,7.0,0.4,1.0,1.0,405.0,449.0,0.9,4.0,30.0,0.1,26.0,18.0,0.7,5.0,6.0,11.0,0.5,6.0,11.0,11.0,2025-08-09 04:48:17,41.17647058823529,0.2998236331569665,0.12345679012345678,0.0005333333333333334,13.333333333333334,27.27272727272727,42.857142857142854,100.0,5.79064587973274,4.008908685968819,69.23076923076923,7.918871252204585,7.142857142857142
132,MUN,Bayern Munich,ger.bayern_munich,12996,750788,1,73.7,8.0,0.0,0.0,1.0,7.0,4.0,18.0,5.0,0.3,0.0,0.0,589.0,669.0,0.9,3.0,12.0,0.3,56.0,35.0,0.6,5.0,8.0,13.0,0.6,3.0,15.0,15.0,2025-08-14 04:48:23,27.77777777777778,0.24423337856173677,0.06784260515603799,0.00075,25.0,27.27272727272727,57.89473684210527,100.0,8.370702541106128,5.23168908819133,62.5,9.077340569877883,7.991858887381275
382,MNC,Manchester City,eng.man_city,12996,751375,1,69.8,10.0,0.0,0.0,0.0,3.0,2.0,13.0,6.0,0.5,0.0,0.0,600.0,660.0,0.9,1.0,10.0,0.1,32.0,19.0,0.6,4.0,7.0,8.0,0.9,5.0,11.0,11.0,2025-08-10 04:44:46,46.15384615384615,0.1862464183381089,0.08595988538681949,0.0005,10.0,33.33333333333333,54.54545454545454,100.0,4.848484848484849,2.878787878787879,59.375,9.455587392550143,8.595988538681949
364,LIV,Liverpool,eng.liverpool,13320,754560,1,70.2,8.0,1.0,0.0,0.0,9.0,1.0,24.0,6.0,0.3,0.0,0.0,452.5,528.0,0.9,0.0,0.0,0.0,44.0,21.5,0.5,7.0,9.0,0.0,0.6,7.0,17.0,17.0,2025-07-31 04:41:25,25.0,0.3418803418803419,0.08547008547008547,0.0,0.0,46.666666666666664,66.66666666666666,100.0,8.333333333333332,4.071969696969697,48.86363636363637,7.521367521367521,6.445868945868946
86,RMA,Real Madrid,esp.real_madrid,12996,755211,1,78.0,9.0,0.0,0.0,0.0,9.0,1.0,21.0,9.0,0.4,0.0,0.0,780.0,849.0,0.9,3.0,12.0,0.3,54.0,39.0,0.7,5.0,5.0,10.0,0.5,17.0,5.0,5.0,2025-08-14 04:48:23,42.857142857142854,0.2692307692307692,0.11538461538461539,0.001,25.0,65.38461538461539,70.96774193548387,100.0,6.36042402826855,4.593639575971731,72.22222222222221,10.884615384615385,10.0
364,LIV,Liverpool,eng.liverpool,12996,755462,0,68.3,7.0,0.0,0.0,3.0,4.0,1.0,9.0,5.0,0.6,0.0,0.0,593.0,656.0,0.9,1.0,8.0,0.1,40.0,20.0,0.5,3.0,8.0,10.0,0.8,7.0,17.0,17.0,2025-08-09 04:48:17,55.55555555555556,0.13177159590043924,0.07320644216691069,0.00075,12.5,50.0,68.18181818181817,100.0,6.097560975609756,3.048780487804878,50.0,9.604685212298683,8.682284040995608
359,ARS,Arsenal,eng.arsenal,13682,757653,1,61.6,15.0,3.0,0.0,2.0,2.0,2.0,11.0,6.0,0.5,0.0,0.0,409.0,490.0,0.8,4.0,17.0,0.2,50.0,23.0,0.5,1.0,15.0,20.0,0.8,2.0,26.0,26.0,2025-09-17 05:14:04,54.54545454545454,0.17857142857142858,0.09740259740259741,0.001176470588235294,23.52941176470588,11.76470588235294,53.125,100.0,10.204081632653061,4.6938775510204085,46.0,7.954545454545454,6.6396103896103895
86,RMA,Real Madrid,esp.real_madrid,13682,757655,0,43.2,9.0,3.0,1.0,1.0,9.0,4.0,28.0,15.0,0.5,2.0,2.0,343.0,400.0,0.9,3.0,11.0,0.3,39.0,20.0,0.5,5.0,8.0,11.0,0.7,10.0,18.0,18.0,2025-09-18 05:11:01,53.57142857142857,0.6481481481481481,0.3472222222222222,0.0013636363636363635,27.27272727272727,52.63157894736842,66.66666666666666,100.0,9.75,5.0,51.28205128205128,9.25925925925926,7.939814814814814
124,DOR,Borussia Dortmund,ger.dortmund,13682,757656,1,48.4,8.0,1.0,0.0,0.0,2.0,3.0,10.0,5.0,0.5,1.0,1.0,387.0,470.0,0.8,0.0,6.0,0.0,56.0,25.0,0.4,2.0,14.0,24.0,0.6,5.0,26.0,26.0,2025-09-18 05:11:01,50.0,0.2066115702479339,0.10330578512396695,0.0,0.0,38.46153846153847,70.37037037037037,100.0,11.914893617021278,5.319148936170213,44.642857142857146,9.710743801652892,7.9958677685950414
160,PSG,Paris Saint-Germain,fra.psg,13682,757661,0,66.9,5.0,0.0,0.0,3.0,6.0,2.0,22.0,13.0,0.6,0.0,1.0,651.0,711.0,0.9,4.0,8.0,0.5,33.0,18.0,0.5,4.0,10.0,12.0,0.8,6.0,11.0,11.0,2025-09-18 05:11:01,59.09090909090909,0.3288490284005979,0.19431988041853512,0.003,50.0,54.54545454545454,76.19047619047619,100.0,4.641350210970464,2.5316455696202533,54.54545454545454,10.627802690582959,9.730941704035873
364,LIV,Liverpool,eng.liverpool,13682,757662,0,55.9,7.0,1.0,0.0,1.0,7.0,2.0,20.0,6.0,0.3,0.0,0.0,532.0,596.0,0.9,7.0,22.0,0.3,42.0,23.0,0.5,5.0,6.0,13.0,0.5,5.0,25.0,25.0,2025-09-19 05:13:13,30.0,0.35778175313059035,0.10733452593917711,0.0009545454545454544,31.818181818181817,41.66666666666667,61.111111111111114,100.0,7.046979865771812,3.859060402684564,54.761904761904766,10.661896243291592,9.516994633273704
1068,ATM,Atlético Madrid,esp.atletico_madrid,13682,757662,1,44.1,9.0,2.0,0.0,2.0,6.0,3.0,10.0,4.0,0.4,0.0,0.0,389.0,460.0,0.8,3.0,25.0,0.1,54.0,24.0,0.4,2.0,11.0,17.0,0.6,9.0,28.0,28.0,2025-09-19 05:13:13,40.0,0.22675736961451246,0.09070294784580499,0.00048,12.0,50.0,68.96551724137932,100.0,11.73913043478261,5.217391304347826,44.44444444444444,10.430839002267573,8.820861678004535
132,MUN,Bayern Munich,ger.bayern_munich,13682,757663,0,55.7,12.0,3.0,0.0,4.0,6.0,2.0,16.0,5.0,0.3,1.0,1.0,502.0,556.0,0.9,2.0,12.0,0.2,61.0,34.0,0.6,4.0,9.0,13.0,0.7,11.0,14.0,14.0,2025-09-18 05:11:01,31.25,0.2872531418312388,0.08976660682226212,0.0005,16.666666666666664,47.82608695652174,62.5,100.0,10.971223021582734,6.115107913669065,55.73770491803278,9.982046678635546,9.012567324955116
363,CHE,Chelsea,eng.chelsea,13682,757663,1,44.3,7.0,1.0,0.0,3.0,2.0,3.0,9.0,3.0,0.3,0.0,0.0,390.0,437.0,0.9,1.0,14.0,0.1,29.0,13.0,0.4,2.0,6.0,10.0,0.6,12.0,12.0,12.0,2025-09-18 05:11:01,33.33333333333333,0.20316027088036118,0.06772009029345373,0.00021428571428571425,7.142857142857142,63.1578947368421,72.0,100.0,6.636155606407322,2.9748283752860414,44.827586206896555,9.864559819413094,8.803611738148986
382,MNC,Manchester City,eng.man_city,13682,757667,0,73.8,3.0,0.0,0.0,1.0,9.0,1.0,23.0,8.0,0.3,0.0,0.0,742.0,804.0,0.9,9.0,24.0,0.4,33.0,23.0,0.7,6.0,7.0,11.0,0.6,9.0,9.0,9.0,2025-09-20 05:10:42,34.78260869565217,0.31165311653116534,0.10840108401084012,0.001125,37.5,75.0,84.21052631578947,100.0,4.104477611940299,2.8606965174129355,69.6969696969697,10.894308943089431,10.05420054200542
83,BAR,Barcelona,esp.barcelona,13682,757669,1,64.1,12.0,4.0,0.0,0.0,4.0,5.0,19.0,5.0,0.3,0.0,0.0,461.0,540.0,0.9,2.0,9.0,0.2,43.0,26.0,0.6,6.0,10.0,18.0,0.6,13.0,26.0,26.0,2025-09-24 05:11:23,26.31578947368421,0.296411856474259,0.078003120124805,0.0006666666666666666,22.22222222222222,52.0,65.71428571428571,100.0,7.962962962962964,4.814814814814815,60.46511627906976,8.42433697347894,7.191887675507021
86,RMA,Real Madrid,esp.real_madrid,13682,757671,1,67.2,9.0,0.0,0.0,0.0,6.0,4.0,20.0,12.0,0.6,1.0,1.0,544.0,617.0,0.9,1.0,12.0,0.1,40.0,20.0,0.5,2.0,11.0,14.0,0.8,6.0,12.0,12.0,2025-10-01 05:11:30,60.0,0.2976190476190476,0.17857142857142858,0.0005,8.333333333333332,40.0,65.38461538461539,100.0,6.482982171799027,3.2414910858995136,50.0,9.181547619047619,8.095238095238095
1068,ATM,Atlético Madrid,esp.atletico_madrid,13682,757673,0,51.4,11.0,1.0,0.0,2.0,5.0,1.0,18.0,12.0,0.7,1.0,1.0,533.0,583.0,0.9,8.0,21.0,0.4,56.0,42.0,0.8,2.0,11.0,18.0,0.6,9.0,30.0,30.0,2025-10-01 05:11:30,66.66666666666666,0.3501945525291829,0.23346303501945526,0.002666666666666666,38.095238095238095,45.0,64.51612903225806,100.0,9.605488850771868,7.204116638078903,75.0,11.342412451361868,10.369649805447471
363,CHE,Chelsea,eng.chelsea,13682,757675,0,56.1,13.0,2.0,1.0,1.0,3.0,3.0,8.0,3.0,0.4,0.0,0.0,453.0,514.0,0.9,3.0,14.0,0.2,34.0,22.0,0.6,1.0,18.0,29.0,0.6,9.0,20.0,20.0,2025-10-01 05:11:30,37.5,0.14260249554367202,0.053475935828877004,0.0008571428571428571,21.428571428571427,40.909090909090914,67.5,100.0,6.614785992217899,4.280155642023346,64.70588235294117,9.162210338680927,8.074866310160427
364,LIV,Liverpool,eng.liverpool,13682,757676,1,66.6,14.0,3.0,0.0,1.0,7.0,3.0,16.0,4.0,0.3,0.0,0.0,458.0,525.0,0.9,8.0,28.0,0.3,48.0,24.0,0.5,7.0,7.0,12.0,0.6,5.0,29.0,29.0,2025-10-01 05:11:30,25.0,0.24024024024024027,0.060060060060060066,0.000857142857142857,28.57142857142857,26.31578947368421,46.15384615384615,100.0,9.142857142857142,4.571428571428571,50.0,7.882882882882884,6.876876876876877
132,MUN,Bayern Munich,ger.bayern_munich,13682,757677,1,66.8,9.0,0.0,0.0,0.0,6.0,1.0,26.0,15.0,0.6,0.0,0.0,640.0,720.0,0.9,1.0,11.0,0.1,39.0,23.0,0.6,4.0,3.0,8.0,0.4,8.0,8.0,8.0,2025-10-01 05:11:30,57.692307692307686,0.38922155688622756,0.22455089820359284,0.0005454545454545455,9.090909090909092,47.05882352941176,55.00000000000001,100.0,5.416666666666667,3.194444444444444,58.97435897435898,10.778443113772456,9.580838323353294
124,DOR,Borussia Dortmund,ger.dortmund,13682,757683,0,52.3,14.0,1.0,0.0,3.0,4.0,2.0,13.0,8.0,0.6,0.0,0.0,458.0,531.0,0.9,2.0,12.0,0.2,58.0,30.0,0.5,2.0,8.0,13.0,0.6,15.0,16.0,16.0,2025-10-03 05:13:17,61.53846153846154,0.248565965583174,0.15296367112810708,0.001,16.666666666666664,51.724137931034484,62.16216216216216,100.0,10.922787193973635,5.649717514124294,51.724137931034484,10.152963671128107,8.75717017208413
382,MNC,Manchester City,eng.man_city,13682,757686,1,71.3,13.0,5.0,0.0,2.0,3.0,1.0,18.0,6.0,0.3,0.0,0.0,730.0,778.0,0.9,3.0,12.0,0.3,16.0,11.0,0.7,4.0,9.0,18.0,0.5,6.0,19.0,19.0,2025-10-03 05:13:17,33.33333333333333,0.25245441795231416,0.08415147265077139,0.00075,25.0,31.57894736842105,53.57142857142857,100.0,2.056555269922879,1.4138817480719794,68.75,10.91164095371669,10.23842917251052
83,BAR,Barcelona,esp.barcelona,13682,757687,0,46.9,12.0,4.0,0.0,0.0,4.0,5.0,12.0,3.0,0.3,0.0,0.0,366.0,422.0,0.9,1.0,5.0,0.2,40.0,18.0,0.5,4.0,12.0,18.0,0.7,12.0,17.0,17.0,2025-10-03 05:13:17,25.0,0.255863539445629,0.06396588486140725,0.0006,20.0,50.0,66.66666666666666,100.0,9.47867298578199,4.265402843601896,45.0,8.997867803837954,7.803837953091684
160,PSG,Paris Saint-Germain,fra.psg,13682,757687,1,53.1,14.0,2.0,0.0,2.0,9.0,0.0,16.0,7.0,0.4,0.0,0.0,413.0,471.0,0.9,3.0,15.0,0.2,37.0,19.0,0.5,4.0,12.0,21.0,0.6,6.0,9.0,9.0,2025-10-03 05:13:17,43.75,0.3013182674199623,0.1318267419962335,0.0008000000000000001,20.0,30.0,56.25,100.0,7.855626326963907,4.033970276008493,51.35135135135135,8.870056497175142,7.777777777777778
359,ARS,Arsenal,eng.arsenal,13682,757688,0,61.0,14.0,3.0,0.0,2.0,3.0,3.0,16.0,5.0,0.3,0.0,0.0,407.0,496.0,0.8,4.0,16.0,0.3,69.0,38.0,0.6,5.0,9.0,12.0,0.8,2.0,27.0,27.0,2025-10-03 05:13:17,31.25,0.26229508196721313,0.08196721311475409,0.00075,25.0,12.5,44.0,100.0,13.911290322580644,7.661290322580645,55.072463768115945,8.131147540983607,6.672131147540983
83,BAR,Barcelona,esp.barcelona,13682,757690,0,72.5,7.0,1.0,0.0,2.0,7.0,1.0,14.0,7.0,0.5,1.0,1.0,601.0,667.0,0.9,2.0,8.0,0.3,56.0,38.0,0.7,2.0,10.0,11.0,0.9,7.0,26.0,26.0,2025-10-23 05:15:25,50.0,0.19310344827586207,0.09655172413793103,0.00125,25.0,50.0,70.83333333333334,100.0,8.395802098950526,5.697151424287856,67.85714285714286,9.2,8.289655172413793
160,PSG,Paris Saint-Germain,fra.psg,13682,757693,1,70.9,6.0,1.0,1.0,0.0,4.0,1.0,24.0,8.0,0.3,0.0,0.0,731.0,777.0,0.9,1.0,6.0,0.2,31.0,21.0,0.7,11.0,11.0,20.0,0.6,7.0,3.0,3.0,2025-10-23 05:15:25,33.33333333333333,0.3385049365303244,0.11283497884344146,0.0005,16.666666666666664,53.84615384615385,75.0,100.0,3.9897039897039894,2.7027027027027026,67.74193548387096,10.959097320169251,10.310296191819463
382,MNC,Manchester City,eng.man_city,13682,757694,1,65.9,15.0,2.0,0.0,0.0,3.0,2.0,10.0,7.0,0.7,0.0,0.0,623.0,672.0,0.9,3.0,12.0,0.3,29.0,17.0,0.6,1.0,9.0,14.0,0.6,4.0,22.0,22.0,2025-10-23 05:15:25,70.0,0.15174506828528073,0.1062215477996965,0.0017499999999999998,25.0,21.052631578947366,46.42857142857143,100.0,4.315476190476191,2.5297619047619047,58.620689655172406,10.197268588770864,9.453717754172988
124,DOR,Borussia Dortmund,ger.dortmund,13682,757695,1,64.3,7.0,1.0,0.0,0.0,7.0,3.0,9.0,5.0,0.6,1.0,1.0,527.0,618.0,0.9,2.0,20.0,0.1,40.0,17.0,0.4,2.0,7.0,14.0,0.5,8.0,11.0,11.0,2025-10-22 05:13:45,55.55555555555556,0.13996889580093314,0.07776049766718507,0.0006,10.0,53.333333333333336,68.18181818181817,100.0,6.472491909385113,2.750809061488673,42.5,9.611197511664075,8.195956454121307
359,ARS,Arsenal,eng.arsenal,13682,757697,0,51.5,14.0,1.0,0.0,2.0,3.0,1.0,19.0,8.0,0.4,0.0,0.0,378.0,421.0,0.9,3.0,15.0,0.2,31.0,19.0,0.6,5.0,4.0,10.0,0.4,10.0,18.0,18.0,2025-10-22 05:13:45,42.10526315789473,0.36893203883495146,0.1553398058252427,0.0008000000000000001,20.0,41.66666666666667,50.0,100.0,7.363420427553444,4.513064133016627,61.29032258064516,8.174757281553399,7.339805825242719
1068,ATM,Atlético Madrid,esp.atletico_madrid,13682,757697,1,48.5,10.0,2.0,0.0,0.0,4.0,4.0,11.0,1.0,0.1,0.0,0.0,332.0,394.0,0.8,4.0,18.0,0.2,39.0,17.0,0.4,4.0,12.0,21.0,0.6,8.0,29.0,29.0,2025-10-22 05:13:45,9.090909090909092,0.2268041237113402,0.020618556701030927,0.00022222222222222223,22.22222222222222,44.44444444444444,66.66666666666666,100.0,9.898477157360407,4.314720812182741,43.58974358974359,8.123711340206185,6.845360824742268
363,CHE,Chelsea,eng.chelsea,13682,757701,0,65.6,15.0,2.0,0.0,3.0,11.0,0.0,22.0,10.0,0.5,2.0,2.0,557.0,601.0,0.9,5.0,20.0,0.3,17.0,11.0,0.6,7.0,8.0,13.0,0.6,8.0,7.0,7.0,2025-10-24 05:12:01,45.45454545454545,0.3353658536585366,0.15243902439024393,0.00125,25.0,34.78260869565217,51.61290322580645,100.0,2.828618968386023,1.8302828618968388,64.70588235294117,9.161585365853659,8.490853658536587
364,LIV,Liverpool,eng.liverpool,13682,757702,1,64.8,5.0,0.0,0.0,3.0,10.0,0.0,18.0,14.0,0.8,0.0,0.0,642.0,699.0,0.9,6.0,23.0,0.3,38.0,23.0,0.6,1.0,2.0,7.0,0.3,6.0,14.0,14.0,2025-10-24 05:12:01,77.77777777777779,0.2777777777777778,0.2160493827160494,0.0020869565217391307,26.08695652173913,54.54545454545454,61.53846153846154,100.0,5.436337625178827,3.290414878397711,60.526315789473685,10.787037037037038,9.907407407407408
132,MUN,Bayern Munich,ger.bayern_munich,13682,757703,0,63.3,14.0,1.0,0.0,1.0,9.0,2.0,26.0,13.0,0.5,0.0,0.0,668.0,718.0,0.9,1.0,20.0,0.1,43.0,34.0,0.8,5.0,10.0,15.0,0.7,7.0,15.0,15.0,2025-10-23 05:15:25,50.0,0.41074249605055296,0.20537124802527648,0.00025,5.0,33.33333333333333,54.83870967741935,100.0,5.988857938718663,4.735376044568245,79.06976744186046,11.342812006319116,10.552922590837284
86,RMA,Real Madrid,esp.real_madrid,13682,757705,0,65.6,10.0,1.0,0.0,1.0,14.0,4.0,28.0,10.0,0.4,0.0,0.0,560.0,619.0,0.9,4.0,14.0,0.3,44.0,28.0,0.6,12.0,10.0,14.0,0.7,14.0,22.0,22.0,2025-10-23 05:15:25,35.714285714285715,0.426829268292683,0.15243902439024393,0.0011428571428571427,28.57142857142857,58.333333333333336,70.58823529411765,100.0,7.1082390953150245,4.523424878836833,63.63636363636363,9.435975609756099,8.536585365853659
359,ARS,Arsenal,eng.arsenal,13682,757707,1,56.9,12.0,4.0,0.0,0.0,7.0,1.0,14.0,8.0,0.6,1.0,1.0,274.0,344.0,0.8,4.0,15.0,0.3,47.0,16.0,0.3,4.0,5.0,10.0,0.5,10.0,20.0,20.0,2025-11-06 06:13:20,57.14285714285714,0.2460456942003515,0.140597539543058,0.0016,26.666666666666668,45.45454545454545,55.55555555555556,100.0,13.662790697674417,4.651162790697675,34.04255319148936,6.045694200351494,4.815465729349737
160,PSG,Paris Saint-Germain,fra.psg,13682,757709,0,71.0,7.0,1.0,0.0,3.0,9.0,3.0,25.0,9.0,0.4,0.0,0.0,645.0,702.0,0.9,7.0,32.0,0.2,31.0,19.0,0.6,5.0,9.0,19.0,0.5,10.0,7.0,7.0,2025-11-06 06:13:20,36.0,0.352112676056338,0.1267605633802817,0.0008750000000000001,21.875,58.82352941176471,73.07692307692307,100.0,4.415954415954416,2.7065527065527064,61.29032258064516,9.887323943661972,9.084507042253522
132,MUN,Bayern Munich,ger.bayern_munich,13682,757709,1,29.0,9.0,3.0,1.0,3.0,1.0,8.0,9.0,5.0,0.6,0.0,0.0,227.0,299.0,0.8,0.0,1.0,0.0,58.0,25.0,0.4,1.0,13.0,23.0,0.6,12.0,32.0,32.0,2025-11-06 06:13:20,55.55555555555556,0.3103448275862069,0.1724137931034483,0.0,0.0,57.14285714285714,73.52941176470588,100.0,19.39799331103679,8.361204013377927,43.103448275862064,10.310344827586206,7.827586206896552
1068,ATM,Atlético Madrid,esp.atletico_madrid,13682,757711,0,66.6,10.0,1.0,0.0,1.0,9.0,2.0,14.0,6.0,0.4,0.0,0.0,577.0,649.0,0.9,7.0,23.0,0.3,42.0,26.0,0.6,3.0,9.0,13.0,0.7,7.0,12.0,12.0,2025-11-05 06:13:31,42.857142857142854,0.21021021021021022,0.0900900900900901,0.0012173913043478262,30.434782608695656,41.17647058823529,61.53846153846154,100.0,6.471494607087827,4.006163328197227,61.904761904761905,9.744744744744745,8.663663663663664
364,LIV,Liverpool,eng.liverpool,13682,757714,0,38.8,16.0,1.0,0.0,2.0,4.0,2.0,17.0,9.0,0.5,0.0,0.0,256.0,332.0,0.8,5.0,12.0,0.4,45.0,14.0,0.3,5.0,8.0,13.0,0.6,12.0,9.0,9.0,2025-11-06 06:13:20,52.94117647058824,0.43814432989690727,0.23195876288659795,0.0020833333333333333,41.66666666666667,42.857142857142854,55.55555555555556,100.0,13.55421686746988,4.216867469879518,31.11111111111111,8.556701030927835,6.5979381443298974
86,RMA,Real Madrid,esp.real_madrid,13682,757714,1,61.2,11.0,4.0,0.0,0.0,2.0,8.0,8.0,2.0,0.3,0.0,0.0,461.0,531.0,0.9,0.0,8.0,0.0,38.0,15.0,0.4,2.0,13.0,18.0,0.7,6.0,29.0,29.0,2025-11-06 06:13:20,25.0,0.13071895424836602,0.032679738562091505,0.0,0.0,35.294117647058826,63.33333333333333,100.0,7.1563088512241055,2.824858757062147,39.473684210526315,8.676470588235293,7.532679738562091
363,CHE,Chelsea,eng.chelsea,13682,757716,1,61.4,19.0,3.0,0.0,1.0,8.0,1.0,16.0,4.0,0.3,0.0,0.0,436.0,498.0,0.9,2.0,14.0,0.1,40.0,21.0,0.5,4.0,10.0,17.0,0.6,6.0,12.0,12.0,2025-11-06 06:13:20,25.0,0.26058631921824105,0.06514657980456026,0.0004285714285714285,14.285714285714285,24.0,45.714285714285715,100.0,8.032128514056225,4.216867469879518,52.5,8.110749185667753,7.100977198697069
382,MNC,Manchester City,eng.man_city,13682,757718,0,49.9,11.0,2.0,0.0,3.0,4.0,3.0,18.0,11.0,0.6,0.0,0.0,416.0,478.0,0.9,2.0,10.0,0.2,32.0,18.0,0.6,2.0,5.0,12.0,0.4,8.0,21.0,21.0,2025-11-06 06:13:20,61.111111111111114,0.36072144288577157,0.22044088176352705,0.0012,20.0,42.10526315789473,54.166666666666664,100.0,6.694560669456067,3.765690376569038,56.25,9.579158316633267,8.336673346693386
124,DOR,Borussia Dortmund,ger.dortmund,13682,757718,1,50.1,17.0,1.0,0.0,0.0,4.0,8.0,12.0,4.0,0.3,0.0,0.0,413.0,472.0,0.9,4.0,21.0,0.2,48.0,25.0,0.5,3.0,7.0,15.0,0.5,6.0,17.0,17.0,2025-11-06 06:13:20,33.33333333333333,0.23952095808383234,0.07984031936127745,0.0005714285714285714,19.047619047619047,26.08695652173913,43.333333333333336,100.0,10.16949152542373,5.296610169491525,52.083333333333336,9.421157684630739,8.243512974051896
83,BAR,Barcelona,esp.barcelona,13682,757723,1,76.3,6.0,3.0,0.0,1.0,4.0,3.0,23.0,6.0,0.3,0.0,0.0,675.0,736.0,0.9,3.0,17.0,0.2,30.0,20.0,0.7,6.0,7.0,12.0,0.6,8.0,9.0,9.0,2025-11-06 06:13:20,26.08695652173913,0.30144167758846657,0.07863695937090433,0.0005294117647058823,17.647058823529413,57.14285714285714,71.42857142857143,100.0,4.076086956521739,2.717391304347826,66.66666666666666,9.64613368283093,8.846657929226737
124,DOR,Borussia Dortmund,ger.dortmund,13682,757727,0,67.0,17.0,1.0,0.0,0.0,3.0,1.0,13.0,8.0,0.6,0.0,2.0,570.0,627.0,0.9,3.0,18.0,0.2,50.0,36.0,0.7,2.0,11.0,19.0,0.6,9.0,11.0,11.0,2025-11-27 06:06:44,61.53846153846154,0.19402985074626866,0.11940298507462686,0.001,16.666666666666664,34.61538461538461,54.054054054054056,100.0,7.974481658692185,5.741626794258373,72.0,9.35820895522388,8.507462686567164
382,MNC,Manchester City,eng.man_city,13682,757730,0,55.2,4.0,0.0,0.0,1.0,9.0,0.0,19.0,7.0,0.4,0.0,0.0,529.0,589.0,0.9,6.0,25.0,0.2,20.0,11.0,0.6,6.0,7.0,14.0,0.5,8.0,9.0,9.0,2025-11-27 06:06:44,36.84210526315789,0.3442028985507246,0.12681159420289853,0.00096,24.0,66.66666666666666,78.94736842105263,100.0,3.395585738539898,1.8675721561969438,55.00000000000001,10.670289855072463,9.583333333333332
363,CHE,Chelsea,eng.chelsea,13682,757732,0,55.5,18.0,1.0,0.0,6.0,4.0,2.0,15.0,6.0,0.4,0.0,0.0,456.0,516.0,0.9,3.0,11.0,0.3,47.0,22.0,0.5,3.0,8.0,13.0,0.6,9.0,8.0,8.0,2025-11-26 06:10:36,40.0,0.2702702702702703,0.10810810810810811,0.001090909090909091,27.27272727272727,33.33333333333333,48.57142857142857,100.0,9.108527131782946,4.263565891472868,46.808510638297875,9.297297297297296,8.216216216216216
83,BAR,Barcelona,esp.barcelona,13682,757732,1,44.5,12.0,0.0,1.0,1.0,0.0,3.0,5.0,2.0,0.4,0.0,0.0,349.0,417.0,0.8,0.0,3.0,0.0,40.0,23.0,0.6,1.0,14.0,26.0,0.5,7.0,13.0,13.0,2025-11-26 06:10:36,40.0,0.11235955056179775,0.0449438202247191,0.0,0.0,36.84210526315789,63.63636363636363,100.0,9.59232613908873,5.515587529976019,57.49999999999999,9.370786516853933,7.842696629213483
160,PSG,Paris Saint-Germain,fra.psg,13682,757736,0,67.2,10.0,0.0,1.0,1.0,5.0,1.0,15.0,6.0,0.4,1.0,1.0,554.0,621.0,0.9,3.0,11.0,0.3,38.0,15.0,0.4,6.0,4.0,11.0,0.4,7.0,20.0,20.0,2025-11-28 06:12:55,40.0,0.2232142857142857,0.08928571428571429,0.001090909090909091,27.27272727272727,41.17647058823529,52.38095238095239,100.0,6.119162640901772,2.4154589371980677,39.473684210526315,9.241071428571429,8.244047619047619
86,RMA,Real Madrid,esp.real_madrid,13682,757737,1,58.9,7.0,2.0,0.0,4.0,5.0,5.0,15.0,7.0,0.5,0.0,0.0,504.0,580.0,0.9,4.0,8.0,0.5,52.0,29.0,0.6,3.0,5.0,10.0,0.5,10.0,20.0,20.0,2025-11-28 06:12:55,46.666666666666664,0.2546689303904924,0.11884550084889643,0.0025,50.0,58.82352941176471,68.18181818181817,100.0,8.96551724137931,5.0,55.769230769230774,9.847198641765704,8.556876061120544
364,LIV,Liverpool,eng.liverpool,13682,757738,0,63.4,9.0,1.0,0.0,0.0,11.0,2.0,27.0,10.0,0.4,0.0,0.0,513.0,573.0,0.9,10.0,25.0,0.4,43.0,29.0,0.7,9.0,14.0,23.0,0.6,8.0,5.0,5.0,2025-11-28 06:12:55,37.03703703703704,0.42586750788643535,0.15772870662460567,0.0016000000000000003,40.0,47.05882352941176,70.96774193548387,100.0,7.504363001745201,5.06108202443281,67.44186046511628,9.037854889589905,8.091482649842272
1068,ATM,Atlético Madrid,esp.atletico_madrid,13682,757740,0,48.5,12.0,0.0,0.0,1.0,7.0,5.0,15.0,6.0,0.4,0.0,0.0,416.0,490.0,0.8,4.0,23.0,0.2,46.0,23.0,0.5,3.0,6.0,11.0,0.5,8.0,23.0,23.0,2025-11-28 06:12:55,40.0,0.30927835051546393,0.12371134020618557,0.0006956521739130435,17.391304347826086,40.0,53.84615384615385,100.0,9.387755102040817,4.6938775510204085,50.0,10.103092783505154,8.577319587628866
359,ARS,Arsenal,eng.arsenal,13682,757742,0,40.0,16.0,2.0,0.0,2.0,6.0,1.0,13.0,8.0,0.6,0.0,0.0,275.0,344.0,0.8,7.0,15.0,0.5,47.0,20.0,0.4,0.0,7.0,8.0,0.9,11.0,10.0,10.0,2025-11-28 06:12:55,61.53846153846154,0.325,0.2,0.0027999999999999995,46.666666666666664,40.74074074074074,52.94117647058824,100.0,13.662790697674417,5.813953488372093,42.5531914893617,8.6,6.875
132,MUN,Bayern Munich,ger.bayern_munich,13682,757742,1,60.0,13.0,2.0,0.0,0.0,1.0,5.0,8.0,2.0,0.3,0.0,0.0,461.0,533.0,0.9,1.0,5.0,0.2,67.0,28.0,0.4,3.0,9.0,15.0,0.6,5.0,18.0,18.0,2025-11-28 06:12:55,25.0,0.13333333333333333,0.03333333333333333,0.0006,20.0,27.77777777777778,51.85185185185185,100.0,12.570356472795496,5.253283302063791,41.7910447761194,8.883333333333333,7.683333333333334
132,MUN,Bayern Munich,ger.bayern_munich,13682,757744,0,61.6,11.0,2.0,0.0,2.0,4.0,1.0,23.0,9.0,0.4,0.0,0.0,636.0,681.0,0.9,4.0,14.0,0.3,22.0,17.0,0.8,3.0,13.0,27.0,0.5,6.0,5.0,5.0,2025-12-10 06:01:41,39.130434782608695,0.37337662337662336,0.1461038961038961,0.0011428571428571427,28.57142857142857,35.294117647058826,63.33333333333333,100.0,3.2305433186490458,2.4963289280469896,77.27272727272727,11.055194805194805,10.324675324675324
364,LIV,Liverpool,eng.liverpool,13682,757745,1,50.0,11.0,2.0,0.0,1.0,3.0,2.0,12.0,5.0,0.4,1.0,1.0,441.0,498.0,0.9,1.0,13.0,0.1,48.0,26.0,0.5,4.0,1.0,3.0,0.3,11.0,22.0,22.0,2025-12-10 06:01:41,41.66666666666667,0.24,0.1,0.0003076923076923077,7.6923076923076925,50.0,52.17391304347826,100.0,9.63855421686747,5.220883534136546,54.166666666666664,9.96,8.82
83,BAR,Barcelona,esp.barcelona,13682,757746,0,75.4,10.0,2.0,0.0,2.0,5.0,3.0,19.0,7.0,0.4,0.0,0.0,743.0,819.0,0.9,3.0,20.0,0.2,39.0,21.0,0.5,6.0,6.0,11.0,0.5,5.0,23.0,23.0,2025-12-10 06:01:41,36.84210526315789,0.2519893899204244,0.09283819628647214,0.0006,15.0,33.33333333333333,52.38095238095239,100.0,4.761904761904762,2.564102564102564,53.84615384615385,10.86206896551724,9.854111405835543
363,CHE,Chelsea,eng.chelsea,13682,757747,1,50.6,14.0,1.0,0.0,2.0,5.0,2.0,10.0,5.0,0.5,0.0,0.0,437.0,509.0,0.9,2.0,12.0,0.2,37.0,17.0,0.5,1.0,7.0,9.0,0.8,17.0,12.0,12.0,2025-12-10 06:01:41,50.0,0.1976284584980237,0.09881422924901186,0.0008333333333333333,16.666666666666664,54.83870967741935,63.1578947368421,100.0,7.269155206286837,3.3398821218074657,45.94594594594595,10.059288537549406,8.636363636363637
1068,ATM,Atlético Madrid,esp.atletico_madrid,13682,757750,1,47.3,15.0,3.0,0.0,3.0,5.0,1.0,15.0,9.0,0.6,0.0,0.0,369.0,445.0,0.8,2.0,15.0,0.1,63.0,35.0,0.6,2.0,15.0,21.0,0.7,10.0,29.0,29.0,2025-12-10 06:01:41,60.0,0.31712473572938693,0.19027484143763215,0.0008,13.333333333333334,40.0,62.5,100.0,14.157303370786517,7.865168539325842,55.55555555555556,9.408033826638478,7.801268498942918
124,DOR,Borussia Dortmund,ger.dortmund,13682,757755,0,63.4,5.0,1.0,0.0,0.0,10.0,2.0,22.0,9.0,0.4,0.0,0.0,464.0,549.0,0.8,12.0,31.0,0.4,69.0,44.0,0.6,5.0,13.0,17.0,0.8,12.0,16.0,16.0,2025-12-11 05:58:25,40.909090909090914,0.3470031545741325,0.14195583596214512,0.0015483870967741937,38.70967741935484,70.58823529411765,83.33333333333334,100.0,12.568306010928962,8.014571948998178,63.76811594202898,8.659305993690852,7.318611987381703
359,ARS,Arsenal,eng.arsenal,13682,757757,1,50.7,9.0,2.0,0.0,0.0,5.0,7.0,20.0,11.0,0.6,0.0,0.0,421.0,477.0,0.9,5.0,26.0,0.2,35.0,26.0,0.7,1.0,10.0,10.0,1.0,8.0,15.0,15.0,2025-12-11 05:58:25,55.00000000000001,0.3944773175542406,0.21696252465483234,0.001153846153846154,19.230769230769234,47.05882352941176,66.66666666666666,100.0,7.337526205450734,5.450733752620545,74.28571428571429,9.408284023668639,8.303747534516765
160,PSG,Paris Saint-Germain,fra.psg,13682,757759,1,72.4,4.0,1.0,0.0,1.0,6.0,1.0,18.0,5.0,0.3,0.0,0.0,597.0,684.0,0.9,1.0,12.0,0.1,53.0,29.0,0.5,3.0,12.0,19.0,0.6,4.0,22.0,22.0,2025-12-11 05:58:25,27.77777777777778,0.24861878453038672,0.06906077348066297,0.00025,8.333333333333332,50.0,80.0,100.0,7.748538011695906,4.239766081871345,54.71698113207547,9.447513812154696,8.24585635359116
86,RMA,Real Madrid,esp.real_madrid,13682,757760,0,51.7,14.0,3.0,0.0,0.0,3.0,6.0,16.0,1.0,0.1,0.0,0.0,371.0,438.0,0.8,6.0,21.0,0.3,45.0,22.0,0.5,8.0,8.0,19.0,0.4,7.0,19.0,19.0,2025-12-11 05:58:25,6.25,0.3094777562862669,0.01934235976789168,0.0002857142857142857,28.57142857142857,33.33333333333333,51.724137931034484,100.0,10.273972602739725,5.0228310502283104,48.888888888888886,8.471953578336556,7.176015473887814
382,MNC,Manchester City,eng.man_city,13682,757760,1,48.3,17.0,3.0,0.0,1.0,3.0,0.0,12.0,8.0,0.7,1.0,1.0,361.0,416.0,0.9,1.0,11.0,0.1,36.0,10.0,0.3,4.0,15.0,19.0,0.8,9.0,21.0,21.0,2025-12-11 05:58:25,66.66666666666666,0.24844720496894412,0.16563146997929606,0.0006363636363636363,9.090909090909092,34.61538461538461,58.536585365853654,100.0,8.653846153846153,2.403846153846154,27.77777777777778,8.612836438923395,7.474120082815736
359,ARS,Arsenal,eng.arsenal,13540,759241,0,50.1,9.0,0.0,0.0,4.0,8.0,6.0,16.0,5.0,0.3,0.0,0.0,353.0,436.0,0.8,2.0,16.0,0.1,51.0,15.0,0.3,8.0,8.0,18.0,0.4,6.0,15.0,15.0,2025-11-02 05:15:08,31.25,0.3193612774451098,0.0998003992015968,0.000375,12.5,40.0,60.86956521739131,100.0,11.697247706422019,3.4403669724770642,29.411764705882355,8.70259481037924,7.045908183632735
364,LIV,Liverpool,eng.liverpool,13540,759242,0,58.4,12.0,2.0,1.0,1.0,3.0,6.0,8.0,1.0,0.1,0.0,0.0,477.0,569.0,0.8,3.0,10.0,0.3,50.0,17.0,0.3,3.0,5.0,10.0,0.5,5.0,18.0,18.0,2025-11-02 05:15:08,12.5,0.136986301369863,0.017123287671232876,0.0003,30.0,29.411764705882355,45.45454545454545,100.0,8.787346221441124,2.987697715289982,34.0,9.743150684931507,8.167808219178083
1068,ATM,Atlético Madrid,esp.atletico_madrid,12996,759746,0,58.9,16.0,1.0,0.0,4.0,3.0,2.0,13.0,8.0,0.6,0.0,0.0,582.0,652.0,0.9,4.0,12.0,0.3,54.0,29.0,0.5,1.0,9.0,18.0,0.5,13.0,9.0,9.0,2025-10-11 02:08:36,61.53846153846154,0.22071307300509338,0.13582342954159593,0.002,33.33333333333333,44.827586206896555,57.89473684210527,100.0,8.282208588957054,4.447852760736196,53.70370370370371,11.069609507640068,9.881154499151103
