teamId,abbreviation,displayName,slug,seasonType,eventId,teamOrder,possessionPct,foulsCommitted,yellowCards,redCards,offsides,wonCorners,saves,totalShots,shotsOnTarget,shotPct,penaltyKickGoals,penaltyKickShots,accuratePasses,totalPasses,passPct,accurateCrosses,totalCrosses,crossPct,totalLongBalls,accurateLongBalls,longballPct,blockedShots,effectiveTackles,totalTackles,tacklePct,interceptions,effectiveClearance,totalClearance,updateTime
122,KOE,FC Cologne,ger.1_fc_kln,12612,703041,1,47.7,21.0,5.0,0.0,2.0,12.0,5.0,23.0,13.0,0.6,0.0,0.0,366.0,493.0,0.7,9.0,28.0,0.3,72.0,34.0,0.5,5.0,14.0,26.0,0.5,12.0,17.0,17.0,2024-08-19 04:19:09
121,BOC,VfL Bochum,ger.vfl_bochum,12612,703044,1,65.4,18.0,7.0,0.0,4.0,5.0,5.0,18.0,7.0,0.4,0.0,0.0,365.0,491.0,0.7,3.0,16.0,0.2,79.0,36.0,0.5,3.0,12.0,19.0,0.6,8.0,5.0,5.0,2024-08-19 04:19:08
393,NFO,Nottingham Forest,eng.nottm_forest,12654,704284,0,52.9,17.0,1.0,0.0,1.0,2.0,3.0,14.0,8.0,0.6,0.0,0.0,402.0,503.0,0.8,3.0,13.0,0.2,51.0,22.0,0.4,3.0,12.0,24.0,0.5,7.0,25.0,25.0,2024-08-18 04:18:21
393,NFO,Nottingham Forest,eng.nottm_forest,12654,704296,1,35.4,14.0,3.0,0.0,1.0,10.0,1.0,23.0,8.0,0.3,0.0,0.0,294.0,352.0,0.8,5.0,19.0,0.3,48.0,25.0,0.5,7.0,15.0,24.0,0.6,11.0,23.0,23.0,2024-08-25 04:19:45
393,NFO,Nottingham Forest,eng.nottm_forest,12654,704303,0,51.7,15.0,3.0,0.0,4.0,7.0,1.0,16.0,5.0,0.3,0.0,0.0,293.0,367.0,0.8,5.0,23.0,0.2,55.0,26.0,0.5,6.0,12.0,17.0,0.7,10.0,13.0,13.0,2024-09-01 04:22:00
393,NFO,Nottingham Forest,eng.nottm_forest,12654,704314,1,44.900000000000006,11.0,0.0,0.0,0.0,0.0,0.0,0.0,0.0,0.0,0.0,0.0,302.5,382.0,0.8,0.0,0.0,0.0,50.0,21.0,0.4,0.0,11.0,0.0,0.6,8.0,24.5,24.5,2025-07-13 17:50:09
393,NFO,Nottingham Forest,eng.nottm_forest,12654,704320,1,29.6,11.0,4.0,1.0,4.0,1.0,1.0,4.0,3.0,0.8,1.0,1.0,169.0,245.0,0.7,0.0,4.0,0.0,59.0,14.0,0.2,1.0,8.0,18.0,0.4,8.0,48.0,48.0,2024-10-14 06:59:34
393,NFO,Nottingham Forest,eng.nottm_forest,12654,704333,0,40.6,11.0,2.0,0.0,7.0,6.0,1.0,11.0,1.0,0.1,0.0,0.0,278.0,351.0,0.8,5.0,26.0,0.2,35.0,11.0,0.3,5.0,3.0,8.0,0.4,9.0,22.0,22.0,2024-10-14 06:59:34
393,NFO,Nottingham Forest,eng.nottm_forest,12654,704342,1,33.9,11.0,2.0,1.0,3.0,3.0,7.0,16.0,9.0,0.6,0.0,0.0,233.0,306.0,0.8,3.0,11.0,0.3,46.0,15.0,0.3,6.0,6.0,12.0,0.5,6.0,32.0,32.0,2024-10-14 06:59:34
393,NFO,Nottingham Forest,eng.nottm_forest,12654,704350,0,50.3,9.0,2.0,0.0,2.0,6.0,7.0,20.0,6.0,0.3,0.0,0.0,362.0,441.0,0.8,9.0,23.0,0.4,46.0,25.0,0.5,9.0,5.0,9.0,0.6,14.0,17.0,17.0,2024-10-22 23:19:35
393,NFO,Nottingham Forest,eng.nottm_forest,12654,704362,1,35.6,9.0,3.0,0.0,1.0,7.0,0.0,20.0,5.0,0.3,0.0,0.0,231.0,305.0,0.8,1.0,21.0,0.0,60.0,28.0,0.5,6.0,11.0,19.0,0.6,10.0,30.0,30.0,2024-10-26 13:50:23
393,NFO,Nottingham Forest,eng.nottm_forest,12654,704371,0,53.4,7.0,1.0,0.0,1.0,11.0,1.0,19.0,6.0,0.3,0.0,0.0,378.0,446.0,0.8,3.0,20.0,0.2,46.0,24.0,0.5,3.0,12.0,18.0,0.7,6.0,21.0,21.0,2024-11-03 13:39:59
393,NFO,Nottingham Forest,eng.nottm_forest,12654,704387,0,43.7,13.0,1.0,0.0,3.0,4.0,3.0,9.0,3.0,0.3,0.0,0.0,299.0,383.0,0.8,5.0,23.0,0.2,53.0,23.0,0.4,3.0,19.0,29.0,0.7,7.0,28.0,28.0,2024-11-11 06:17:44
393,NFO,Nottingham Forest,eng.nottm_forest,12654,704393,1,33.9,11.0,2.0,0.0,2.0,1.0,3.0,7.0,0.0,0.0,0.0,0.0,240.0,295.0,0.8,7.0,18.0,0.4,43.0,20.0,0.5,2.0,10.0,16.0,0.6,10.0,24.0,24.0,2024-11-24 15:57:29
393,NFO,Nottingham Forest,eng.nottm_forest,12654,704399,0,44.7,5.0,1.0,0.0,3.0,8.0,2.0,12.0,5.0,0.4,1.0,1.0,238.0,310.0,0.8,7.0,20.0,0.4,40.0,16.0,0.4,2.0,12.0,20.0,0.6,8.0,22.0,22.0,2024-12-01 06:00:01
393,NFO,Nottingham Forest,eng.nottm_forest,12654,704416,1,33.4,15.0,4.0,0.0,2.0,2.0,3.0,12.0,3.0,0.3,0.0,0.0,230.0,288.0,0.8,3.0,13.0,0.2,34.0,13.0,0.4,2.0,16.0,24.0,0.7,14.0,18.0,18.0,2024-12-06 05:57:16
393,NFO,Nottingham Forest,eng.nottm_forest,12654,704419,1,28.7,13.0,2.0,0.0,1.0,3.0,5.0,11.0,3.0,0.3,0.0,0.0,158.0,242.0,0.7,4.0,7.0,0.6,46.0,12.0,0.3,4.0,8.0,16.0,0.5,8.0,31.0,31.0,2024-12-10 05:55:59
393,NFO,Nottingham Forest,eng.nottm_forest,12654,704436,0,50.3,12.0,0.0,0.0,2.0,4.0,1.0,17.0,6.0,0.4,0.0,0.0,431.0,472.0,0.9,5.0,21.0,0.2,33.0,21.0,0.6,5.0,14.0,19.0,0.7,8.0,24.0,24.0,2024-12-15 05:56:47
393,NFO,Nottingham Forest,eng.nottm_forest,12654,704445,1,35.6,14.0,4.0,0.0,3.0,5.0,3.0,10.0,6.0,0.6,0.0,0.0,236.0,303.0,0.8,1.0,14.0,0.1,51.0,22.0,0.4,1.0,9.0,20.0,0.5,18.0,49.0,49.0,2024-12-22 05:54:10
393,NFO,Nottingham Forest,eng.nottm_forest,12654,704453,0,29.6,12.0,3.0,0.0,4.0,2.0,4.0,10.0,3.0,0.3,0.0,0.0,191.0,261.0,0.7,1.0,6.0,0.2,50.0,19.0,0.4,2.0,13.0,21.0,0.6,10.0,32.0,32.0,2024-12-27 05:48:38
393,NFO,Nottingham Forest,eng.nottm_forest,12654,704465,1,36.3,10.0,1.0,0.0,2.0,4.0,2.0,11.0,7.0,0.6,0.0,0.0,196.0,288.0,0.7,1.0,8.0,0.1,70.0,22.0,0.3,0.0,13.0,18.0,0.7,10.0,39.0,39.0,2024-12-30 05:52:42
393,NFO,Nottingham Forest,eng.nottm_forest,12654,704476,1,39.2,8.0,2.0,0.0,4.0,3.0,5.0,11.0,3.0,0.3,0.0,0.0,286.0,361.0,0.8,2.0,10.0,0.2,50.0,21.0,0.4,2.0,12.0,18.0,0.7,10.0,35.0,35.0,2025-01-08 05:41:48
393,NFO,Nottingham Forest,eng.nottm_forest,12654,704484,0,29.0,7.0,2.0,0.0,2.0,0.0,5.0,6.0,3.0,0.5,0.0,0.0,159.0,235.0,0.7,0.0,9.0,0.0,62.0,23.0,0.4,2.0,15.0,20.0,0.8,9.0,58.0,58.0,2025-01-15 05:36:16
393,NFO,Nottingham Forest,eng.nottm_forest,12654,704492,0,44.5,4.0,0.0,0.0,3.0,2.0,1.0,14.0,5.0,0.4,0.0,0.0,318.0,386.0,0.8,5.0,18.0,0.3,50.0,25.0,0.5,2.0,11.0,19.0,0.6,8.0,21.0,21.0,2025-01-20 14:35:18
393,NFO,Nottingham Forest,eng.nottm_forest,12654,704507,1,49.0,12.0,3.0,0.0,2.0,9.0,5.0,18.0,4.0,0.2,0.0,0.0,253.0,338.0,0.7,6.0,23.0,0.3,44.0,19.0,0.4,5.0,6.0,11.0,0.5,5.0,24.0,24.0,2025-01-26 05:40:34
393,NFO,Nottingham Forest,eng.nottm_forest,12654,704518,0,37.4,8.0,1.0,0.0,1.0,4.0,6.0,14.0,9.0,0.6,1.0,1.0,256.0,326.0,0.8,4.0,10.0,0.4,50.0,26.0,0.5,1.0,15.0,21.0,0.7,7.0,38.0,38.0,2025-02-02 14:50:29
393,NFO,Nottingham Forest,eng.nottm_forest,12654,704519,1,44.5,8.0,0.0,0.0,1.0,4.0,8.0,8.0,2.0,0.3,0.0,0.0,343.0,404.0,0.8,4.0,18.0,0.2,49.0,25.0,0.5,3.0,7.0,10.0,0.7,8.0,30.0,30.0,2025-02-16 05:49:53
393,NFO,Nottingham Forest,eng.nottm_forest,12654,704533,1,42.9,13.0,4.0,0.0,0.0,6.0,1.0,17.0,5.0,0.3,0.0,0.0,253.0,345.0,0.7,8.0,20.0,0.4,50.0,12.0,0.2,7.0,20.0,28.0,0.7,3.0,25.0,25.0,2025-02-24 05:52:05
393,NFO,Nottingham Forest,eng.nottm_forest,12654,704541,0,34.9,10.0,1.0,0.0,1.0,3.0,1.0,6.0,2.0,0.3,0.0,0.0,199.0,268.0,0.7,4.0,18.0,0.2,47.0,19.0,0.4,3.0,10.0,18.0,0.6,8.0,31.0,31.0,2025-02-28 05:53:14
393,NFO,Nottingham Forest,eng.nottm_forest,12654,704554,0,30.9,9.0,3.0,0.0,1.0,3.0,3.0,9.0,4.0,0.4,0.0,0.0,208.0,261.0,0.8,7.0,18.0,0.4,46.0,17.0,0.4,2.0,8.0,17.0,0.5,5.0,25.0,25.0,2025-03-09 05:48:56
393,NFO,Nottingham Forest,eng.nottm_forest,12654,704568,1,44.3,13.0,1.0,0.0,1.0,3.0,1.0,11.0,6.0,0.5,0.0,0.0,280.0,356.0,0.8,1.0,11.0,0.1,58.0,21.0,0.4,1.0,11.0,15.0,0.7,3.0,33.0,33.0,2025-03-16 04:51:22
393,NFO,Nottingham Forest,eng.nottm_forest,12654,704569,0,31.8,5.0,1.0,0.0,1.0,3.0,5.0,8.0,2.0,0.3,0.0,0.0,227.0,310.0,0.7,3.0,11.0,0.3,52.0,17.0,0.3,2.0,7.0,16.0,0.4,6.0,42.0,42.0,2025-04-02 04:55:51
393,NFO,Nottingham Forest,eng.nottm_forest,12654,704580,1,47.9,15.0,2.0,0.0,5.0,4.0,6.0,19.0,3.0,0.2,0.0,0.0,327.0,389.0,0.8,3.0,17.0,0.2,43.0,19.0,0.4,2.0,12.0,21.0,0.6,9.0,20.0,20.0,2025-04-06 04:54:38
393,NFO,Nottingham Forest,eng.nottm_forest,12654,704589,0,42.4,9.0,0.0,0.0,2.0,1.0,4.0,10.0,5.0,0.5,0.0,0.0,249.0,333.0,0.7,4.0,12.0,0.3,47.0,10.0,0.2,3.0,9.0,15.0,0.6,5.0,43.0,43.0,2025-04-14 05:15:01
393,NFO,Nottingham Forest,eng.nottm_forest,12654,704599,1,30.0,12.0,4.0,0.0,3.0,1.0,4.0,4.0,3.0,0.8,0.0,0.0,165.0,243.0,0.7,1.0,5.0,0.2,66.0,24.0,0.4,0.0,17.0,30.0,0.6,9.0,54.0,54.0,2025-04-23 05:00:03
393,NFO,Nottingham Forest,eng.nottm_forest,12654,704616,0,54.6,10.0,3.0,0.0,4.0,4.0,1.0,14.0,5.0,0.4,0.0,0.0,306.0,381.0,0.8,5.0,28.0,0.2,50.0,26.0,0.5,5.0,4.0,8.0,0.5,8.0,32.0,32.0,2025-05-03 04:52:20
393,NFO,Nottingham Forest,eng.nottm_forest,12654,704624,1,50.7,15.0,8.0,0.0,1.0,4.0,2.0,12.0,4.0,0.3,0.0,0.0,337.0,410.0,0.8,4.0,16.0,0.3,49.0,24.0,0.5,6.0,6.0,13.0,0.5,10.0,54.0,54.0,2025-05-07 04:53:55
393,NFO,Nottingham Forest,eng.nottm_forest,12654,704635,0,55.7,11.0,3.0,0.0,1.0,4.0,4.0,15.0,4.0,0.3,0.0,0.0,368.0,433.0,0.9,8.0,27.0,0.3,32.0,16.0,0.5,5.0,8.0,17.0,0.5,4.0,25.0,25.0,2025-05-12 04:49:54
393,NFO,Nottingham Forest,eng.nottm_forest,12654,704648,1,39.3,7.0,3.0,0.0,2.0,7.0,4.0,10.0,5.0,0.5,0.0,0.0,256.0,326.0,0.8,6.0,21.0,0.3,47.0,19.0,0.4,3.0,19.0,33.0,0.6,17.0,43.0,43.0,2025-05-19 04:54:17
393,NFO,Nottingham Forest,eng.nottm_forest,12654,704655,0,51.8,10.0,2.0,0.0,5.0,7.0,1.0,10.0,2.0,0.2,0.0,0.0,352.0,420.0,0.8,7.0,33.0,0.2,49.0,21.0,0.4,4.0,9.0,14.0,0.6,3.0,22.0,22.0,2025-05-26 04:52:38
3171,CLE,Clermont Foot,fra.clermont_foot,12695,706787,0,57.9,12.0,1.0,0.0,0.0,4.0,2.0,13.0,5.0,0.4,0.0,0.0,346.0,412.0,0.8,0.0,0.0,0.0,47.0,22.0,0.5,2.0,11.0,0.0,0.8,18.0,32.0,32.0,2024-10-14 06:59:34
3171,CLE,Clermont Foot,fra.clermont_foot,12695,706795,1,54.0,11.0,1.0,0.0,0.0,3.0,5.0,5.0,1.0,0.2,1.0,1.0,346.0,412.0,0.8,0.0,0.0,0.0,47.0,22.0,0.5,1.0,11.0,0.0,0.8,18.0,32.0,32.0,2024-09-03 04:09:58
3171,CLE,Clermont Foot,fra.clermont_foot,12695,706805,0,38.6,11.0,0.0,1.0,0.0,4.0,3.0,6.0,2.0,0.3,0.0,0.0,346.0,412.0,0.8,0.0,0.0,0.0,47.0,22.0,0.5,1.0,11.0,0.0,0.8,18.0,32.0,32.0,2024-09-02 04:19:44
3171,CLE,Clermont Foot,fra.clermont_foot,12695,706813,0,53.6,12.0,2.0,0.0,0.0,3.0,2.0,8.0,2.0,0.3,0.0,0.0,346.0,412.0,0.8,0.0,0.0,0.0,47.0,22.0,0.5,3.0,11.0,0.0,0.8,18.0,32.0,32.0,2024-09-18 04:14:55
3171,CLE,Clermont Foot,fra.clermont_foot,12695,706820,1,64.0,15.0,1.0,0.0,0.0,8.0,3.0,15.0,3.0,0.2,0.0,1.0,346.0,412.0,0.8,0.0,0.0,0.0,47.0,22.0,0.5,3.0,11.0,0.0,0.8,18.0,32.0,32.0,2024-10-14 06:59:34
3171,CLE,Clermont Foot,fra.clermont_foot,12695,706832,0,50.8,15.0,2.0,0.0,0.0,6.0,3.0,11.0,4.0,0.4,0.0,0.0,346.0,412.0,0.8,0.0,0.0,0.0,47.0,22.0,0.5,4.0,11.0,0.0,0.8,18.0,32.0,32.0,2024-10-14 06:59:34
3171,CLE,Clermont Foot,fra.clermont_foot,12695,706841,1,57.2,11.0,1.0,1.0,0.0,8.0,2.0,7.0,3.0,0.4,0.0,0.0,346.0,412.0,0.8,0.0,0.0,0.0,47.0,22.0,0.5,0.0,11.0,0.0,0.8,18.0,32.0,32.0,2024-10-14 06:59:34
3171,CLE,Clermont Foot,fra.clermont_foot,12695,706850,0,34.9,7.0,4.0,0.0,0.0,3.0,6.0,9.0,6.0,0.7,0.0,0.0,346.0,412.0,0.8,0.0,0.0,0.0,47.0,22.0,0.5,0.0,11.0,0.0,0.8,18.0,32.0,32.0,2024-10-14 06:59:34
3171,CLE,Clermont Foot,fra.clermont_foot,12695,706857,1,40.4,12.0,2.0,1.0,0.0,5.0,4.0,6.0,2.0,0.3,0.0,0.0,346.0,412.0,0.8,0.0,0.0,0.0,47.0,22.0,0.5,3.0,11.0,0.0,0.8,18.0,32.0,32.0,2024-10-20 11:04:39
3171,CLE,Clermont Foot,fra.clermont_foot,12695,706868,0,58.4,14.0,2.0,0.0,0.0,4.0,2.0,10.0,2.0,0.2,0.0,0.0,346.0,412.0,0.8,0.0,0.0,0.0,47.0,22.0,0.5,4.0,11.0,0.0,0.8,18.0,32.0,32.0,2024-10-27 05:16:31
3171,CLE,Clermont Foot,fra.clermont_foot,12695,706879,1,54.7,9.0,2.0,0.0,0.0,4.0,3.0,9.0,4.0,0.4,0.0,0.0,346.0,412.0,0.8,0.0,0.0,0.0,47.0,22.0,0.5,2.0,11.0,0.0,0.8,18.0,32.0,32.0,2024-10-31 05:20:32
3171,CLE,Clermont Foot,fra.clermont_foot,12695,706891,0,43.7,9.0,3.0,0.0,0.0,2.0,1.0,12.0,4.0,0.3,0.0,0.0,346.0,412.0,0.8,0.0,0.0,0.0,47.0,22.0,0.5,4.0,11.0,0.0,0.8,18.0,32.0,32.0,2025-04-05 08:30:15
3171,CLE,Clermont Foot,fra.clermont_foot,12695,706898,1,53.8,13.0,2.0,0.0,0.0,4.0,5.0,12.0,4.0,0.3,0.0,0.0,346.0,412.0,0.8,0.0,0.0,0.0,47.0,22.0,0.5,4.0,11.0,0.0,0.8,18.0,32.0,32.0,2024-11-11 06:17:44
3171,CLE,Clermont Foot,fra.clermont_foot,12695,706908,0,48.0,11.0,2.0,0.0,0.0,7.0,3.0,14.0,4.0,0.3,0.0,0.0,346.0,412.0,0.8,0.0,0.0,0.0,47.0,22.0,0.5,3.0,11.0,0.0,0.8,18.0,32.0,32.0,2024-11-25 16:08:11
3171,CLE,Clermont Foot,fra.clermont_foot,12695,706913,1,71.9,12.0,4.0,0.0,0.0,5.0,7.0,15.0,3.0,0.2,0.0,1.0,346.0,412.0,0.8,0.0,0.0,0.0,47.0,22.0,0.5,4.0,11.0,0.0,0.8,18.0,32.0,32.0,2024-12-10 05:55:59
3171,CLE,Clermont Foot,fra.clermont_foot,12695,706927,0,61.6,8.0,0.0,0.0,0.0,4.0,5.0,17.0,7.0,0.4,0.0,0.0,346.0,412.0,0.8,0.0,0.0,0.0,47.0,22.0,0.5,4.0,11.0,0.0,0.8,18.0,32.0,32.0,2024-12-16 05:54:42
3171,CLE,Clermont Foot,fra.clermont_foot,12695,706930,1,42.3,16.0,2.0,0.0,0.0,4.0,5.0,12.0,6.0,0.5,0.0,0.0,346.0,412.0,0.8,0.0,0.0,0.0,47.0,22.0,0.5,2.0,11.0,0.0,0.8,18.0,32.0,32.0,2025-01-05 05:43:24
3171,CLE,Clermont Foot,fra.clermont_foot,12695,706942,1,64.2,8.0,2.0,0.0,0.0,6.0,0.0,15.0,8.0,0.5,0.0,0.0,346.0,412.0,0.8,0.0,0.0,0.0,47.0,22.0,0.5,3.0,11.0,0.0,0.8,18.0,32.0,32.0,2025-01-12 05:35:25
3171,CLE,Clermont Foot,fra.clermont_foot,12695,706952,0,61.8,9.0,2.0,0.0,0.0,4.0,1.0,10.0,5.0,0.5,0.0,0.0,346.0,412.0,0.8,0.0,0.0,0.0,47.0,22.0,0.5,1.0,11.0,0.0,0.8,18.0,32.0,32.0,2025-01-20 14:35:18
3171,CLE,Clermont Foot,fra.clermont_foot,12695,706959,1,49.4,12.0,3.0,0.0,0.0,2.0,2.0,11.0,4.0,0.4,0.0,0.0,346.0,412.0,0.8,0.0,0.0,0.0,47.0,22.0,0.5,5.0,11.0,0.0,0.8,18.0,32.0,32.0,2025-01-29 14:50:35
3171,CLE,Clermont Foot,fra.clermont_foot,12695,706966,0,67.9,17.0,1.0,1.0,0.0,7.0,4.0,17.0,3.0,0.2,0.0,0.0,346.0,412.0,0.8,0.0,0.0,0.0,47.0,22.0,0.5,10.0,11.0,0.0,0.8,18.0,32.0,32.0,2025-02-04 05:35:07
3171,CLE,Clermont Foot,fra.clermont_foot,12695,706980,1,44.0,12.0,1.0,0.0,0.0,3.0,4.0,11.0,4.0,0.4,0.0,0.0,346.0,412.0,0.8,0.0,0.0,0.0,47.0,22.0,0.5,4.0,11.0,0.0,0.8,18.0,32.0,32.0,2025-02-11 05:48:04
3171,CLE,Clermont Foot,fra.clermont_foot,12695,706985,0,65.4,16.0,4.0,0.0,0.0,7.0,3.0,15.0,2.0,0.1,0.0,0.0,346.0,412.0,0.8,0.0,0.0,0.0,47.0,22.0,0.5,8.0,11.0,0.0,0.8,18.0,32.0,32.0,2025-02-17 05:53:03
3171,CLE,Clermont Foot,fra.clermont_foot,12695,706996,1,33.0,10.0,1.0,0.0,0.0,4.0,6.0,7.0,4.0,0.6,0.0,0.0,346.0,412.0,0.8,0.0,0.0,0.0,47.0,22.0,0.5,3.0,11.0,0.0,0.8,18.0,32.0,32.0,2025-02-23 05:50:57
3171,CLE,Clermont Foot,fra.clermont_foot,12695,707008,0,33.5,9.0,1.0,0.0,0.0,4.0,4.0,5.0,2.0,0.4,0.0,0.0,346.0,412.0,0.8,0.0,0.0,0.0,47.0,22.0,0.5,2.0,11.0,0.0,0.8,18.0,32.0,32.0,2025-03-02 05:50:45
3171,CLE,Clermont Foot,fra.clermont_foot,12695,707012,1,35.0,19.0,4.0,0.0,0.0,0.0,9.0,4.0,2.0,0.5,0.0,0.0,346.0,412.0,0.8,0.0,0.0,0.0,47.0,22.0,0.5,1.0,11.0,0.0,0.8,18.0,32.0,32.0,2025-03-09 05:48:56
3171,CLE,Clermont Foot,fra.clermont_foot,12695,707022,0,59.2,8.0,2.0,0.0,0.0,1.0,5.0,18.0,5.0,0.3,0.0,0.0,346.0,412.0,0.8,0.0,0.0,0.0,47.0,22.0,0.5,6.0,11.0,0.0,0.8,18.0,32.0,32.0,2025-03-16 04:51:22
3171,CLE,Clermont Foot,fra.clermont_foot,12695,707028,0,53.9,14.0,1.0,1.0,0.0,5.0,5.0,11.0,3.0,0.3,0.0,0.0,346.0,412.0,0.8,0.0,0.0,0.0,47.0,22.0,0.5,3.0,11.0,0.0,0.8,18.0,32.0,32.0,2025-04-05 08:30:15
3171,CLE,Clermont Foot,fra.clermont_foot,12695,707043,1,33.1,12.0,1.0,1.0,0.0,4.0,3.0,4.0,0.0,0.0,0.0,0.0,346.0,412.0,0.8,0.0,0.0,0.0,47.0,22.0,0.5,2.0,11.0,0.0,0.8,18.0,32.0,32.0,2025-04-08 05:16:22
3171,CLE,Clermont Foot,fra.clermont_foot,12695,707051,1,48.4,13.0,3.0,0.0,0.0,5.0,9.0,6.0,3.0,0.5,0.0,0.0,346.0,412.0,0.8,0.0,0.0,0.0,47.0,22.0,0.5,3.0,11.0,0.0,0.8,18.0,32.0,32.0,2025-04-13 05:20:15
3171,CLE,Clermont Foot,fra.clermont_foot,12695,707058,0,69.3,11.0,1.0,0.0,0.0,6.0,2.0,16.0,5.0,0.3,0.0,0.0,346.0,412.0,0.8,0.0,0.0,0.0,47.0,22.0,0.5,7.0,11.0,0.0,0.8,18.0,32.0,32.0,2025-04-20 15:46:12
3171,CLE,Clermont Foot,fra.clermont_foot,12695,707070,1,48.0,16.0,1.0,0.0,0.0,1.0,0.0,9.0,2.0,0.2,1.0,1.0,346.0,412.0,0.8,0.0,0.0,0.0,47.0,22.0,0.5,2.0,11.0,0.0,0.8,18.0,32.0,32.0,2025-04-30 04:53:58
3171,CLE,Clermont Foot,fra.clermont_foot,12695,707075,0,40.6,15.0,3.0,0.0,0.0,0.0,0.0,5.0,3.0,0.6,0.0,0.0,346.0,412.0,0.8,0.0,0.0,0.0,47.0,22.0,0.5,0.0,11.0,0.0,0.8,18.0,32.0,32.0,2025-05-05 05:00:05
3171,CLE,Clermont Foot,fra.clermont_foot,12695,707089,1,52.9,7.0,2.0,0.0,0.0,12.0,2.0,8.0,2.0,0.3,0.0,0.0,346.0,412.0,0.8,0.0,0.0,0.0,47.0,22.0,0.5,3.0,11.0,0.0,0.8,18.0,32.0,32.0,2025-05-13 04:52:45
398,SHU,Sheffield United,eng.sheff_utd,12713,707624,1,54.4,14.0,0.0,0.0,3.0,6.0,2.0,11.0,3.0,0.3,0.0,0.0,345.0,424.0,0.8,4.0,15.0,0.3,59.0,25.0,0.4,1.0,12.0,19.0,0.6,9.0,19.0,19.0,2024-08-11 08:14:33
301,LTN,Luton Town,eng.luton,12713,707634,0,58.0,11.0,2.0,0.0,2.0,5.0,2.0,10.0,3.0,0.3,0.0,0.0,340.0,402.0,0.8,4.0,23.0,0.2,57.0,27.0,0.5,5.0,14.0,19.0,0.7,8.0,17.0,17.0,2024-08-14 08:15:53
379,BUR,Burnley,eng.burnley,12713,707634,1,42.0,17.0,3.0,0.0,3.0,4.0,2.0,11.0,6.0,0.5,0.0,0.0,232.0,293.0,0.8,1.0,13.0,0.1,52.0,21.0,0.4,2.0,14.0,18.0,0.8,5.0,34.0,34.0,2024-08-14 08:15:53
379,BUR,Burnley,eng.burnley,12713,707636,0,48.4,19.0,2.0,0.0,0.0,2.0,4.0,9.0,4.0,0.4,0.0,0.0,431.0,489.0,0.9,2.0,5.0,0.4,35.0,18.0,0.5,1.0,11.0,15.0,0.7,10.0,18.0,18.0,2024-08-18 04:18:38
301,LTN,Luton Town,eng.luton,12713,707641,1,33.6,12.0,2.0,1.0,3.0,4.0,6.0,9.0,4.0,0.4,0.0,0.0,186.0,273.0,0.7,3.0,12.0,0.3,74.0,20.0,0.3,2.0,8.0,13.0,0.6,9.0,10.0,10.0,2024-08-18 04:18:36
398,SHU,Sheffield United,eng.sheff_utd,12713,707642,0,50.7,15.0,2.0,0.0,1.0,4.0,1.0,14.0,3.0,0.2,0.0,0.0,358.0,434.0,0.8,5.0,15.0,0.3,57.0,28.0,0.5,7.0,7.0,14.0,0.5,3.0,24.0,24.0,2024-08-19 04:17:26
398,SHU,Sheffield United,eng.sheff_utd,12713,707651,1,44.8,7.0,2.0,0.0,1.0,5.0,4.0,12.0,4.0,0.3,0.0,0.0,385.0,456.0,0.8,4.0,17.0,0.2,45.0,19.0,0.4,4.0,13.0,17.0,0.8,13.0,7.0,7.0,2024-08-25 04:20:06
301,LTN,Luton Town,eng.luton,12713,707652,1,57.6,10.0,1.0,0.0,1.0,13.0,1.0,17.0,4.0,0.2,0.0,0.0,327.0,415.0,0.8,10.0,31.0,0.3,53.0,20.0,0.4,6.0,2.0,4.0,0.5,10.0,6.0,6.0,2024-08-25 04:20:06
379,BUR,Burnley,eng.burnley,12713,707656,1,58.8,19.0,3.0,0.0,2.0,1.0,2.0,4.0,1.0,0.3,0.0,0.0,474.0,546.0,0.9,1.0,9.0,0.1,46.0,16.0,0.3,1.0,6.0,10.0,0.6,9.0,21.0,21.0,2024-08-25 04:20:07
379,BUR,Burnley,eng.burnley,12713,707659,0,73.5,15.0,4.0,0.0,0.0,9.0,2.0,15.0,3.0,0.2,0.0,0.0,473.0,565.0,0.8,5.0,31.0,0.2,50.0,23.0,0.5,3.0,6.0,12.0,0.5,2.0,10.0,10.0,2024-09-01 04:22:23
398,SHU,Sheffield United,eng.sheff_utd,12713,707669,0,51.7,15.0,5.0,0.0,1.0,8.0,1.0,18.0,7.0,0.4,0.0,1.0,382.0,452.0,0.8,3.0,19.0,0.2,52.0,23.0,0.4,5.0,13.0,16.0,0.8,9.0,31.0,31.0,2024-09-02 04:22:20
301,LTN,Luton Town,eng.luton,12713,707670,0,55.8,13.0,3.0,0.0,2.0,4.0,2.0,11.0,5.0,0.5,0.0,0.0,358.0,444.0,0.8,5.0,33.0,0.2,62.0,26.0,0.4,4.0,4.0,21.0,0.2,6.0,20.0,20.0,2024-09-01 04:21:30
398,SHU,Sheffield United,eng.sheff_utd,12713,707673,1,31.7,10.0,4.0,0.0,1.0,3.0,2.0,9.0,4.0,0.4,0.0,0.0,225.0,299.0,0.8,1.0,8.0,0.1,50.0,24.0,0.5,2.0,17.0,23.0,0.7,8.0,50.0,50.0,2024-09-15 04:17:01
379,BUR,Burnley,eng.burnley,12713,707674,1,28.7,13.0,4.0,1.0,0.0,3.0,4.0,7.0,3.0,0.4,0.0,0.0,178.0,258.0,0.7,3.0,5.0,0.6,58.0,14.0,0.2,1.0,7.0,21.0,0.3,11.0,20.0,20.0,2024-09-16 04:16:02
301,LTN,Luton Town,eng.luton,12713,707676,1,48.5,20.0,3.0,0.0,0.0,4.0,3.0,10.0,6.0,0.6,0.0,0.0,220.0,320.0,0.7,2.0,10.0,0.2,67.0,13.0,0.2,1.0,13.0,18.0,0.7,14.0,31.0,31.0,2024-09-16 04:16:02
379,BUR,Burnley,eng.burnley,12713,707684,0,69.8,15.0,2.0,0.0,2.0,4.0,1.0,18.0,4.0,0.2,0.0,0.0,483.0,561.0,0.9,8.0,25.0,0.3,47.0,17.0,0.4,7.0,13.0,21.0,0.6,5.0,15.0,15.0,2024-10-14 06:59:34
301,LTN,Luton Town,eng.luton,12713,707687,0,59.2,9.0,1.0,0.0,4.0,8.0,5.0,15.0,3.0,0.2,1.0,1.0,344.0,427.0,0.8,7.0,19.0,0.4,63.0,33.0,0.5,7.0,6.0,12.0,0.5,7.0,20.0,20.0,2024-10-14 06:59:34
398,SHU,Sheffield United,eng.sheff_utd,12713,707691,0,61.0,11.0,3.0,0.0,3.0,11.0,0.0,18.0,5.0,0.3,0.0,0.0,328.0,404.0,0.8,8.0,16.0,0.5,66.0,36.0,0.5,8.0,14.0,18.0,0.8,10.0,16.0,16.0,2024-10-14 06:59:34
379,BUR,Burnley,eng.burnley,12713,707701,1,69.9,13.0,2.0,0.0,1.0,6.0,1.0,14.0,1.0,0.1,0.0,0.0,573.0,648.0,0.9,3.0,24.0,0.1,49.0,26.0,0.5,5.0,7.0,12.0,0.6,9.0,11.0,11.0,2024-10-14 06:59:34
301,LTN,Luton Town,eng.luton,12713,707702,1,44.3,13.0,4.0,0.0,2.0,15.0,3.0,16.0,2.0,0.1,0.0,0.0,250.0,331.0,0.8,13.0,32.0,0.4,59.0,22.0,0.4,7.0,13.0,23.0,0.6,10.0,17.0,17.0,2024-10-14 06:59:34
398,SHU,Sheffield United,eng.sheff_utd,12713,707703,1,54.1,19.0,3.0,0.0,2.0,9.0,2.0,12.0,4.0,0.3,0.0,0.0,294.0,372.0,0.8,4.0,16.0,0.3,63.0,28.0,0.4,5.0,7.0,15.0,0.5,5.0,35.0,35.0,2024-10-14 06:59:34
379,BUR,Burnley,eng.burnley,12713,707709,0,48.8,14.0,1.0,0.0,2.0,7.0,0.0,11.0,3.0,0.3,1.0,1.0,394.0,476.0,0.8,7.0,21.0,0.3,57.0,28.0,0.5,3.0,9.0,15.0,0.6,9.0,15.0,15.0,2024-10-14 06:59:34
301,LTN,Luton Town,eng.luton,12713,707710,0,39.8,13.0,3.0,1.0,1.0,5.0,6.0,12.0,4.0,0.3,0.0,0.0,217.0,310.0,0.7,4.0,20.0,0.2,69.0,16.0,0.2,4.0,15.0,19.0,0.8,7.0,21.0,21.0,2024-10-14 06:59:34
398,SHU,Sheffield United,eng.sheff_utd,12713,707712,0,33.9,13.0,3.0,0.0,2.0,5.0,1.0,15.0,3.0,0.2,0.0,0.0,216.0,283.0,0.8,3.0,12.0,0.3,42.0,18.0,0.4,6.0,15.0,21.0,0.7,5.0,28.0,28.0,2024-10-14 06:59:34
379,BUR,Burnley,eng.burnley,12713,707720,0,60.2,10.0,3.0,0.0,1.0,2.0,2.0,9.0,1.0,0.1,0.0,0.0,434.0,523.0,0.8,2.0,14.0,0.1,52.0,16.0,0.3,4.0,14.0,17.0,0.8,3.0,14.0,14.0,2024-10-14 06:59:34
398,SHU,Sheffield United,eng.sheff_utd,12713,707726,0,63.4,10.0,2.0,0.0,1.0,5.0,2.0,15.0,7.0,0.5,0.0,0.0,478.0,555.0,0.9,2.0,9.0,0.2,46.0,19.0,0.4,3.0,13.0,18.0,0.7,13.0,18.0,18.0,2024-10-14 06:59:34
301,LTN,Luton Town,eng.luton,12713,707726,1,36.6,8.0,1.0,0.0,2.0,6.0,5.0,8.0,2.0,0.3,0.0,0.0,224.0,301.0,0.7,4.0,19.0,0.2,58.0,24.0,0.4,2.0,21.0,26.0,0.8,9.0,20.0,20.0,2024-10-14 06:59:34
398,SHU,Sheffield United,eng.sheff_utd,12713,707734,1,44.9,10.0,2.0,0.0,3.0,3.0,2.0,5.0,0.0,0.0,0.0,0.0,348.0,434.0,0.8,1.0,9.0,0.1,57.0,23.0,0.4,5.0,12.0,26.0,0.5,7.0,19.0,19.0,2024-10-20 11:04:39
301,LTN,Luton Town,eng.luton,12713,707735,0,41.4,22.0,3.0,0.0,4.0,11.0,1.0,13.0,5.0,0.4,0.0,0.0,181.0,259.0,0.7,10.0,27.0,0.4,64.0,30.0,0.5,6.0,17.0,23.0,0.7,4.0,17.0,17.0,2024-10-20 11:04:39
379,BUR,Burnley,eng.burnley,12713,707741,1,62.0,11.0,2.0,0.0,2.0,3.0,3.0,14.0,6.0,0.4,0.0,0.0,381.0,479.0,0.8,4.0,7.0,0.6,62.0,20.0,0.3,1.0,14.0,20.0,0.7,8.0,17.0,17.0,2024-10-20 11:04:39
379,BUR,Burnley,eng.burnley,12713,707744,1,57.7,15.0,1.0,0.0,0.0,8.0,1.0,11.0,5.0,0.5,0.0,0.0,470.0,551.0,0.9,6.0,25.0,0.2,51.0,22.0,0.4,2.0,9.0,13.0,0.7,8.0,13.0,13.0,2024-10-25 05:15:37
301,LTN,Luton Town,eng.luton,12713,707752,0,56.3,14.0,2.0,0.0,4.0,10.0,3.0,19.0,4.0,0.2,0.0,0.0,302.0,408.0,0.7,10.0,43.0,0.2,77.0,26.0,0.3,8.0,9.0,15.0,0.6,5.0,6.0,6.0,2024-10-25 05:15:37
398,SHU,Sheffield United,eng.sheff_utd,12713,707753,1,45.6,4.0,1.0,0.0,0.0,6.0,5.0,9.0,5.0,0.6,0.0,0.0,437.0,490.0,0.9,1.0,16.0,0.1,38.0,21.0,0.6,2.0,4.0,13.0,0.3,8.0,28.0,28.0,2024-10-25 05:15:37
379,BUR,Burnley,eng.burnley,12713,707756,0,74.9,7.0,0.0,0.0,2.0,16.0,0.0,22.0,4.0,0.2,0.0,0.0,623.0,698.0,0.9,11.0,47.0,0.2,53.0,37.0,0.7,10.0,9.0,15.0,0.6,7.0,4.0,4.0,2024-10-27 05:16:31
301,LTN,Luton Town,eng.luton,12713,707757,1,33.4,16.0,3.0,1.0,2.0,5.0,7.0,9.0,5.0,0.6,1.0,1.0,154.0,249.0,0.6,3.0,9.0,0.3,62.0,21.0,0.3,0.0,9.0,12.0,0.8,9.0,32.0,32.0,2024-10-27 05:16:31
398,SHU,Sheffield United,eng.sheff_utd,12713,707762,0,58.4,12.0,4.0,0.0,0.0,5.0,3.0,19.0,6.0,0.3,0.0,0.0,483.0,545.0,0.9,8.0,17.0,0.5,54.0,28.0,0.5,8.0,10.0,13.0,0.8,9.0,18.0,18.0,2024-10-27 05:16:31
301,LTN,Luton Town,eng.luton,12713,707771,0,54.4,10.0,1.0,0.0,0.0,6.0,2.0,13.0,5.0,0.4,0.0,0.0,275.0,396.0,0.7,4.0,28.0,0.1,101.0,33.0,0.3,3.0,10.0,14.0,0.7,9.0,28.0,28.0,2024-11-02 14:38:40
379,BUR,Burnley,eng.burnley,12713,707774,1,65.2,12.0,2.0,0.0,0.0,3.0,2.0,8.0,0.0,0.0,0.0,0.0,442.0,527.0,0.8,3.0,18.0,0.2,56.0,27.0,0.5,0.0,9.0,11.0,0.8,9.0,19.0,19.0,2024-11-04 22:44:58
398,SHU,Sheffield United,eng.sheff_utd,12713,707776,1,42.5,14.0,2.0,0.0,0.0,8.0,0.0,20.0,9.0,0.5,0.0,0.0,285.0,353.0,0.8,7.0,16.0,0.4,54.0,32.0,0.6,7.0,13.0,16.0,0.8,8.0,24.0,24.0,2024-11-03 13:39:59
398,SHU,Sheffield United,eng.sheff_utd,12713,707783,1,55.0,12.0,2.0,0.0,1.0,5.0,1.0,11.0,4.0,0.4,0.0,0.0,448.0,528.0,0.8,4.0,24.0,0.2,46.0,19.0,0.4,2.0,10.0,18.0,0.6,13.0,21.0,21.0,2024-11-07 06:19:29
379,BUR,Burnley,eng.burnley,12713,707784,1,44.7,20.0,3.0,0.0,4.0,8.0,1.0,11.0,4.0,0.4,0.0,0.0,292.0,366.0,0.8,3.0,24.0,0.1,52.0,21.0,0.4,4.0,13.0,24.0,0.5,7.0,25.0,25.0,2024-11-09 06:15:35
301,LTN,Luton Town,eng.luton,12713,707790,0,43.6,12.0,2.0,0.0,5.0,6.0,3.0,8.0,3.0,0.4,0.0,0.0,230.0,321.0,0.7,8.0,21.0,0.4,54.0,24.0,0.4,1.0,9.0,18.0,0.5,7.0,23.0,23.0,2024-11-08 06:16:00
379,BUR,Burnley,eng.burnley,12713,707791,0,51.9,13.0,1.0,0.0,3.0,5.0,3.0,20.0,7.0,0.4,1.0,1.0,389.0,471.0,0.8,6.0,21.0,0.3,58.0,27.0,0.5,5.0,14.0,23.0,0.6,10.0,19.0,19.0,2024-11-11 06:17:44
301,LTN,Luton Town,eng.luton,12713,707792,1,47.7,15.0,4.0,0.0,5.0,1.0,1.0,5.0,3.0,0.6,0.0,0.0,382.0,472.0,0.8,3.0,12.0,0.3,47.0,13.0,0.3,1.0,11.0,16.0,0.7,14.0,5.0,5.0,2024-11-10 06:19:29
398,SHU,Sheffield United,eng.sheff_utd,12713,707797,0,58.6,15.0,1.0,0.0,0.0,5.0,0.0,8.0,1.0,0.1,0.0,0.0,322.0,419.0,0.8,3.0,18.0,0.2,55.0,17.0,0.3,5.0,9.0,12.0,0.8,5.0,17.0,17.0,2024-11-11 06:17:44
301,LTN,Luton Town,eng.luton,12713,707805,0,35.7,10.0,2.0,0.0,1.0,10.0,2.0,7.0,2.0,0.3,0.0,0.0,190.0,269.0,0.7,5.0,31.0,0.2,66.0,29.0,0.4,3.0,9.0,15.0,0.6,20.0,34.0,34.0,2024-11-24 15:57:29
398,SHU,Sheffield United,eng.sheff_utd,12713,707806,1,32.5,6.0,2.0,1.0,0.0,2.0,4.0,7.0,2.0,0.3,0.0,0.0,213.0,288.0,0.7,2.0,4.0,0.5,51.0,12.0,0.2,3.0,13.0,23.0,0.6,7.0,39.0,39.0,2024-11-24 15:57:29
379,BUR,Burnley,eng.burnley,12713,707808,1,47.5,15.0,4.0,0.0,1.0,3.0,2.0,14.0,5.0,0.4,0.0,0.0,366.0,450.0,0.8,4.0,8.0,0.5,43.0,12.0,0.3,5.0,10.0,18.0,0.6,9.0,37.0,37.0,2024-11-24 15:57:29
301,LTN,Luton Town,eng.luton,12713,707816,1,23.9,12.0,2.0,0.0,4.0,1.0,7.0,7.0,4.0,0.6,0.0,0.0,182.0,245.0,0.7,1.0,5.0,0.2,45.0,13.0,0.3,1.0,11.0,17.0,0.6,13.0,35.0,35.0,2024-11-30 06:02:45
379,BUR,Burnley,eng.burnley,12713,707819,0,52.6,10.0,1.0,0.0,0.0,6.0,1.0,12.0,3.0,0.3,0.0,0.0,458.0,550.0,0.8,3.0,16.0,0.2,51.0,20.0,0.4,6.0,10.0,15.0,0.7,4.0,14.0,14.0,2024-11-30 06:02:45
398,SHU,Sheffield United,eng.sheff_utd,12713,707822,0,67.2,8.0,1.0,0.0,1.0,7.0,3.0,14.0,8.0,0.6,0.0,0.0,715.0,792.0,0.9,3.0,14.0,0.2,37.0,22.0,0.6,2.0,7.0,11.0,0.6,6.0,15.0,15.0,2024-11-27 06:03:29
301,LTN,Luton Town,eng.luton,12713,707828,1,31.0,12.0,2.0,0.0,2.0,5.0,2.0,12.0,3.0,0.3,0.0,0.0,201.0,263.0,0.8,6.0,20.0,0.3,47.0,22.0,0.5,4.0,14.0,19.0,0.7,11.0,30.0,30.0,2024-12-01 06:00:01
398,SHU,Sheffield United,eng.sheff_utd,12713,707831,0,49.9,12.0,4.0,1.0,2.0,8.0,2.0,14.0,4.0,0.3,0.0,0.0,379.0,440.0,0.9,1.0,11.0,0.1,40.0,15.0,0.4,6.0,11.0,22.0,0.5,5.0,19.0,19.0,2024-12-01 06:00:01
379,BUR,Burnley,eng.burnley,12713,707838,1,55.6,5.0,0.0,0.0,2.0,4.0,4.0,16.0,4.0,0.3,1.0,1.0,389.0,472.0,0.8,4.0,17.0,0.2,64.0,25.0,0.4,1.0,6.0,12.0,0.5,5.0,29.0,29.0,2024-12-01 06:00:01
301,LTN,Luton Town,eng.luton,12713,707841,0,35.1,16.0,0.0,0.0,2.0,5.0,9.0,8.0,2.0,0.3,0.0,0.0,175.0,270.0,0.6,4.0,19.0,0.2,66.0,21.0,0.3,3.0,10.0,21.0,0.5,9.0,31.0,31.0,2024-12-10 05:55:59
379,BUR,Burnley,eng.burnley,12713,707843,0,55.4,12.0,1.0,0.0,2.0,11.0,4.0,15.0,4.0,0.3,0.0,0.0,398.0,458.0,0.9,4.0,27.0,0.1,43.0,22.0,0.5,8.0,7.0,11.0,0.6,14.0,7.0,7.0,2024-12-14 05:55:08
398,SHU,Sheffield United,eng.sheff_utd,12713,707850,1,41.3,13.0,4.0,0.0,2.0,5.0,2.0,12.0,5.0,0.4,0.0,0.0,233.0,307.0,0.8,1.0,9.0,0.1,62.0,20.0,0.3,5.0,8.0,14.0,0.6,7.0,30.0,30.0,2024-12-09 12:52:48
398,SHU,Sheffield United,eng.sheff_utd,12713,707851,1,55.9,9.0,2.0,0.0,1.0,3.0,3.0,9.0,1.0,0.1,0.0,0.0,401.0,515.0,0.8,1.0,6.0,0.2,64.0,22.0,0.3,3.0,15.0,26.0,0.6,12.0,17.0,17.0,2024-12-12 05:52:33
301,LTN,Luton Town,eng.luton,12713,707853,0,49.9,7.0,1.0,0.0,3.0,10.0,3.0,18.0,8.0,0.4,0.0,0.0,233.0,341.0,0.7,5.0,39.0,0.1,69.0,28.0,0.4,6.0,8.0,16.0,0.5,8.0,30.0,30.0,2024-12-12 05:52:33
379,BUR,Burnley,eng.burnley,12713,707855,0,67.4,8.0,1.0,0.0,1.0,6.0,1.0,14.0,4.0,0.3,0.0,0.0,494.0,586.0,0.8,7.0,29.0,0.2,62.0,32.0,0.5,5.0,10.0,16.0,0.6,14.0,11.0,11.0,2024-12-12 05:52:33
301,LTN,Luton Town,eng.luton,12713,707863,1,49.6,11.0,2.0,1.0,2.0,4.0,4.0,10.0,4.0,0.4,0.0,0.0,296.0,376.0,0.8,5.0,20.0,0.3,57.0,23.0,0.4,3.0,8.0,15.0,0.5,7.0,16.0,16.0,2024-12-15 05:56:47
398,SHU,Sheffield United,eng.sheff_utd,12713,707868,0,36.8,10.0,0.0,0.0,2.0,2.0,4.0,10.0,3.0,0.3,1.0,1.0,234.0,325.0,0.7,3.0,11.0,0.3,48.0,14.0,0.3,3.0,7.0,14.0,0.5,7.0,18.0,18.0,2024-12-15 05:56:47
379,BUR,Burnley,eng.burnley,12713,707871,1,43.3,13.0,1.0,0.0,0.0,5.0,5.0,10.0,5.0,0.5,0.0,0.0,296.0,377.0,0.8,2.0,16.0,0.1,50.0,23.0,0.5,2.0,11.0,17.0,0.6,11.0,31.0,31.0,2024-12-16 05:54:42
379,BUR,Burnley,eng.burnley,12713,707879,0,55.1,12.0,3.0,0.0,1.0,7.0,1.0,15.0,5.0,0.3,0.0,0.0,373.0,456.0,0.8,5.0,19.0,0.3,40.0,10.0,0.3,5.0,8.0,13.0,0.6,11.0,24.0,24.0,2024-12-22 05:54:10
301,LTN,Luton Town,eng.luton,12713,707882,0,53.4,12.0,1.0,0.0,1.0,7.0,2.0,18.0,5.0,0.3,0.0,0.0,244.0,358.0,0.7,7.0,20.0,0.4,67.0,20.0,0.3,9.0,11.0,18.0,0.6,10.0,39.0,39.0,2024-12-22 05:54:10
398,SHU,Sheffield United,eng.sheff_utd,12713,707885,1,61.4,11.0,1.0,0.0,2.0,6.0,2.0,12.0,5.0,0.4,0.0,0.0,545.0,608.0,0.9,4.0,12.0,0.3,37.0,23.0,0.6,3.0,9.0,13.0,0.7,8.0,12.0,12.0,2024-12-22 05:54:10
301,LTN,Luton Town,eng.luton,12713,707890,1,51.7,9.0,1.0,0.0,2.0,4.0,2.0,7.0,2.0,0.3,0.0,0.0,340.0,452.0,0.8,8.0,22.0,0.4,84.0,22.0,0.3,2.0,9.0,14.0,0.6,4.0,36.0,36.0,2024-12-27 05:48:38
398,SHU,Sheffield United,eng.sheff_utd,12713,707896,0,54.4,10.0,3.0,0.0,2.0,6.0,2.0,9.0,3.0,0.3,0.0,0.0,396.0,483.0,0.8,5.0,17.0,0.3,48.0,20.0,0.4,4.0,6.0,15.0,0.4,10.0,13.0,13.0,2024-12-27 05:48:38
379,BUR,Burnley,eng.burnley,12713,707896,1,45.6,14.0,1.0,0.0,0.0,5.0,3.0,8.0,4.0,0.5,0.0,0.0,329.0,405.0,0.8,3.0,13.0,0.2,52.0,27.0,0.5,3.0,15.0,21.0,0.7,8.0,27.0,27.0,2024-12-27 05:48:38
379,BUR,Burnley,eng.burnley,12713,707903,1,55.2,12.0,3.0,0.0,3.0,4.0,3.0,7.0,1.0,0.1,0.0,0.0,449.0,518.0,0.9,1.0,12.0,0.1,55.0,29.0,0.5,1.0,6.0,13.0,0.5,5.0,13.0,13.0,2024-12-31 05:43:43
398,SHU,Sheffield United,eng.sheff_utd,12713,707906,0,52.3,12.0,3.0,0.0,0.0,2.0,5.0,14.0,2.0,0.1,0.0,0.0,353.0,418.0,0.8,4.0,16.0,0.3,49.0,24.0,0.5,4.0,13.0,22.0,0.6,14.0,25.0,25.0,2024-12-30 05:52:42
301,LTN,Luton Town,eng.luton,12713,707910,1,27.8,17.0,2.0,1.0,0.0,1.0,7.0,4.0,1.0,0.3,0.0,0.0,164.0,246.0,0.7,3.0,11.0,0.3,54.0,22.0,0.4,2.0,8.0,19.0,0.4,9.0,30.0,30.0,2025-01-10 05:36:39
398,SHU,Sheffield United,eng.sheff_utd,12713,707912,1,65.7,7.0,1.0,0.0,1.0,10.0,4.0,16.0,3.0,0.2,0.0,1.0,472.0,558.0,0.8,4.0,29.0,0.1,55.0,31.0,0.6,10.0,9.0,12.0,0.8,7.0,20.0,20.0,2025-01-03 05:45:41
379,BUR,Burnley,eng.burnley,12713,707915,0,67.5,8.0,1.0,1.0,0.0,6.0,3.0,18.0,2.0,0.1,0.0,0.0,438.0,526.0,0.8,8.0,26.0,0.3,58.0,27.0,0.5,5.0,13.0,23.0,0.6,5.0,28.0,28.0,2025-01-02 05:44:24
301,LTN,Luton Town,eng.luton,12713,707920,0,48.7,11.0,1.0,0.0,1.0,9.0,1.0,14.0,3.0,0.2,0.0,0.0,262.0,356.0,0.7,7.0,21.0,0.3,67.0,30.0,0.4,4.0,13.0,21.0,0.6,4.0,19.0,19.0,2025-01-02 05:44:24
379,BUR,Burnley,eng.burnley,12713,707923,1,51.3,18.0,2.0,0.0,0.0,0.0,0.0,4.0,2.0,0.5,0.0,0.0,337.0,420.0,0.8,2.0,10.0,0.2,64.0,29.0,0.5,2.0,12.0,17.0,0.7,7.0,36.0,36.0,2025-01-05 05:43:24
301,LTN,Luton Town,eng.luton,12713,707928,1,47.2,9.0,1.0,0.0,2.0,4.0,4.0,18.0,4.0,0.2,0.0,0.0,294.0,372.0,0.8,8.0,13.0,0.6,46.0,13.0,0.3,6.0,11.0,19.0,0.6,5.0,26.0,26.0,2025-01-08 05:41:48
398,SHU,Sheffield United,eng.sheff_utd,12713,707929,1,46.2,8.0,1.0,0.0,1.0,0.0,3.0,7.0,6.0,0.9,0.0,0.0,357.0,433.0,0.8,1.0,4.0,0.3,39.0,12.0,0.3,0.0,17.0,29.0,0.6,6.0,49.0,49.0,2025-01-05 05:43:24
379,BUR,Burnley,eng.burnley,12713,707935,0,58.1,9.0,2.0,0.0,0.0,5.0,3.0,9.0,4.0,0.4,0.0,0.0,478.0,561.0,0.9,6.0,20.0,0.3,55.0,22.0,0.4,1.0,9.0,16.0,0.6,7.0,21.0,21.0,2025-01-22 05:37:47
301,LTN,Luton Town,eng.luton,12713,707940,0,61.6,13.0,3.0,0.0,2.0,3.0,0.0,9.0,4.0,0.4,0.0,0.0,353.0,441.0,0.8,1.0,20.0,0.1,68.0,27.0,0.4,4.0,14.0,17.0,0.8,8.0,44.0,44.0,2025-01-19 05:36:40
398,SHU,Sheffield United,eng.sheff_utd,12713,707945,0,39.4,9.0,1.0,0.0,0.0,7.0,0.0,22.0,6.0,0.3,1.0,1.0,254.0,332.0,0.8,6.0,22.0,0.3,58.0,28.0,0.5,13.0,7.0,14.0,0.5,8.0,22.0,22.0,2025-01-19 05:36:40
301,LTN,Luton Town,eng.luton,12713,707952,1,51.1,17.0,3.0,0.0,3.0,5.0,3.0,8.0,3.0,0.4,0.0,0.0,321.0,406.0,0.8,7.0,20.0,0.4,59.0,26.0,0.4,4.0,12.0,17.0,0.7,7.0,45.0,45.0,2025-01-23 05:37:12
398,SHU,Sheffield United,eng.sheff_utd,12713,707953,1,44.5,20.0,4.0,0.0,2.0,2.0,4.0,14.0,3.0,0.2,1.0,1.0,261.0,342.0,0.8,2.0,10.0,0.2,69.0,32.0,0.5,4.0,12.0,18.0,0.7,6.0,31.0,31.0,2025-01-23 05:37:12
379,BUR,Burnley,eng.burnley,12713,707956,1,61.1,9.0,0.0,0.0,1.0,5.0,1.0,17.0,9.0,0.5,0.0,0.0,422.0,511.0,0.8,8.0,20.0,0.4,86.0,45.0,0.5,4.0,4.0,9.0,0.4,7.0,21.0,21.0,2025-01-24 05:41:43
379,BUR,Burnley,eng.burnley,12713,707960,0,44.6,9.0,0.0,0.0,1.0,1.0,1.0,4.0,0.0,0.0,0.0,0.0,324.0,410.0,0.8,2.0,8.0,0.3,65.0,19.0,0.3,1.0,9.0,13.0,0.7,3.0,26.0,26.0,2025-01-28 15:08:56
301,LTN,Luton Town,eng.luton,12713,707963,0,55.1,11.0,2.0,0.0,3.0,7.0,5.0,12.0,2.0,0.2,0.0,0.0,193.0,314.0,0.6,7.0,19.0,0.4,69.0,14.0,0.2,4.0,17.0,30.0,0.6,6.0,29.0,29.0,2025-01-26 05:40:34
398,SHU,Sheffield United,eng.sheff_utd,12713,707967,0,61.0,8.0,0.0,0.0,6.0,11.0,3.0,17.0,3.0,0.2,0.0,0.0,416.0,492.0,0.8,7.0,32.0,0.2,68.0,40.0,0.6,7.0,12.0,22.0,0.5,6.0,13.0,13.0,2025-01-28 15:08:56
379,BUR,Burnley,eng.burnley,12713,707971,1,58.8,9.0,1.0,0.0,3.0,3.0,3.0,14.0,6.0,0.4,0.0,0.0,347.0,443.0,0.8,3.0,10.0,0.3,68.0,23.0,0.3,3.0,7.0,12.0,0.6,6.0,40.0,40.0,2025-02-06 05:44:20
398,SHU,Sheffield United,eng.sheff_utd,12713,707977,1,49.3,12.0,1.0,0.0,4.0,2.0,2.0,6.0,3.0,0.5,0.0,0.0,268.0,372.0,0.7,1.0,5.0,0.2,67.0,23.0,0.3,0.0,9.0,14.0,0.6,10.0,33.0,33.0,2025-02-02 14:50:29
301,LTN,Luton Town,eng.luton,12713,707979,1,32.1,12.0,1.0,0.0,1.0,5.0,3.0,8.0,1.0,0.1,0.0,0.0,160.0,243.0,0.7,3.0,16.0,0.2,71.0,27.0,0.4,4.0,3.0,5.0,0.6,6.0,32.0,32.0,2025-02-02 14:50:29
398,SHU,Sheffield United,eng.sheff_utd,12713,707983,0,61.4,17.0,4.0,0.0,3.0,5.0,4.0,11.0,3.0,0.3,0.0,0.0,331.0,408.0,0.8,4.0,22.0,0.2,49.0,16.0,0.3,2.0,8.0,16.0,0.5,6.0,53.0,53.0,2025-02-09 05:50:16
301,LTN,Luton Town,eng.luton,12713,707984,0,60.1,7.0,0.0,0.0,1.0,10.0,0.0,17.0,2.0,0.1,0.0,0.0,208.0,322.0,0.6,11.0,30.0,0.4,73.0,17.0,0.2,9.0,8.0,12.0,0.7,5.0,38.0,38.0,2025-02-21 05:54:27
379,BUR,Burnley,eng.burnley,12713,707988,0,61.1,10.0,2.0,0.0,1.0,12.0,0.0,15.0,7.0,0.5,0.0,0.0,507.0,589.0,0.9,5.0,18.0,0.3,53.0,27.0,0.5,3.0,10.0,17.0,0.6,4.0,15.0,15.0,2025-02-06 05:44:20
379,BUR,Burnley,eng.burnley,12713,708003,0,67.0,5.0,0.0,0.0,0.0,9.0,3.0,16.0,5.0,0.3,0.0,0.0,635.0,692.0,0.9,4.0,23.0,0.2,52.0,32.0,0.6,5.0,10.0,16.0,0.6,5.0,19.0,19.0,2025-02-14 05:51:56
398,SHU,Sheffield United,eng.sheff_utd,12713,708004,0,51.8,11.0,2.0,0.0,2.0,10.0,3.0,18.0,9.0,0.5,0.0,0.0,320.0,406.0,0.8,3.0,24.0,0.1,50.0,19.0,0.4,5.0,10.0,11.0,0.9,7.0,24.0,24.0,2025-02-14 05:51:56
301,LTN,Luton Town,eng.luton,12713,708005,1,34.2,9.0,2.0,0.0,2.0,1.0,1.0,4.0,1.0,0.3,0.0,0.0,206.0,300.0,0.7,1.0,9.0,0.1,66.0,21.0,0.3,2.0,12.0,20.0,0.6,5.0,18.0,18.0,2025-02-14 05:51:56
301,LTN,Luton Town,eng.luton,12713,708009,0,48.3,12.0,1.0,0.0,2.0,5.0,3.0,14.0,5.0,0.4,0.0,0.0,238.0,318.0,0.7,4.0,21.0,0.2,77.0,37.0,0.5,3.0,5.0,12.0,0.4,5.0,22.0,22.0,2025-02-16 05:49:53
398,SHU,Sheffield United,eng.sheff_utd,12713,708009,1,51.7,10.0,3.0,0.0,1.0,3.0,5.0,12.0,4.0,0.3,0.0,0.0,249.0,349.0,0.7,4.0,9.0,0.4,79.0,28.0,0.4,5.0,16.0,25.0,0.6,3.0,27.0,27.0,2025-02-16 05:49:53
379,BUR,Burnley,eng.burnley,12713,708015,1,57.2,13.0,3.0,0.0,1.0,6.0,1.0,11.0,2.0,0.2,0.0,0.0,380.0,454.0,0.8,3.0,13.0,0.2,59.0,30.0,0.5,2.0,7.0,13.0,0.5,5.0,27.0,27.0,2025-02-16 05:49:53
301,LTN,Luton Town,eng.luton,12713,708021,1,46.3,17.0,2.0,0.0,1.0,6.0,3.0,10.0,2.0,0.2,0.0,0.0,254.0,313.0,0.8,3.0,27.0,0.1,58.0,34.0,0.6,4.0,9.0,21.0,0.4,6.0,8.0,8.0,2025-02-24 05:52:05
398,SHU,Sheffield United,eng.sheff_utd,12713,708024,0,42.1,9.0,1.0,0.0,0.0,3.0,5.0,10.0,4.0,0.4,0.0,0.0,242.0,325.0,0.7,2.0,13.0,0.2,60.0,25.0,0.4,3.0,12.0,13.0,0.9,15.0,28.0,28.0,2025-02-26 05:48:02
379,BUR,Burnley,eng.burnley,12713,708030,0,64.2,10.0,3.0,0.0,0.0,4.0,3.0,7.0,4.0,0.6,0.0,0.0,539.0,595.0,0.9,0.0,8.0,0.0,41.0,16.0,0.4,0.0,8.0,13.0,0.6,5.0,28.0,28.0,2025-02-23 05:50:57
301,LTN,Luton Town,eng.luton,12713,708032,0,44.0,10.0,2.0,0.0,2.0,2.0,1.0,10.0,2.0,0.2,0.0,0.0,188.0,315.0,0.6,1.0,10.0,0.1,84.0,27.0,0.3,5.0,8.0,11.0,0.7,7.0,43.0,43.0,2025-03-02 05:50:45
379,BUR,Burnley,eng.burnley,12713,708033,1,48.4,7.0,3.0,0.0,1.0,6.0,1.0,12.0,5.0,0.4,0.0,0.0,371.0,462.0,0.8,4.0,14.0,0.3,50.0,20.0,0.4,5.0,6.0,12.0,0.5,8.0,27.0,27.0,2025-03-06 12:55:37
398,SHU,Sheffield United,eng.sheff_utd,12713,708038,1,44.4,14.0,3.0,0.0,1.0,2.0,3.0,8.0,2.0,0.3,0.0,0.0,285.0,378.0,0.8,3.0,6.0,0.5,66.0,27.0,0.4,3.0,12.0,16.0,0.8,7.0,42.0,42.0,2025-03-02 05:50:45
379,BUR,Burnley,eng.burnley,12713,708045,0,71.7,5.0,3.0,0.0,1.0,6.0,2.0,16.0,3.0,0.2,0.0,0.0,542.0,608.0,0.9,4.0,16.0,0.3,44.0,26.0,0.6,6.0,6.0,13.0,0.5,3.0,26.0,26.0,2025-03-09 05:48:56
301,LTN,Luton Town,eng.luton,12713,708045,1,28.3,18.0,2.0,1.0,1.0,4.0,0.0,3.0,2.0,0.7,0.0,0.0,179.0,231.0,0.8,2.0,17.0,0.1,40.0,14.0,0.4,0.0,8.0,12.0,0.7,7.0,23.0,23.0,2025-03-09 05:48:56
398,SHU,Sheffield United,eng.sheff_utd,12713,708050,0,59.8,13.0,1.0,0.0,4.0,8.0,3.0,11.0,5.0,0.5,0.0,0.0,381.0,477.0,0.8,3.0,19.0,0.2,56.0,23.0,0.4,2.0,10.0,16.0,0.6,15.0,19.0,19.0,2025-03-09 05:48:56
379,BUR,Burnley,eng.burnley,12713,708055,0,60.1,10.0,0.0,1.0,1.0,6.0,2.0,8.0,2.0,0.3,0.0,0.0,420.0,499.0,0.8,3.0,22.0,0.1,57.0,25.0,0.4,2.0,3.0,13.0,0.2,7.0,19.0,19.0,2025-03-13 04:48:46
301,LTN,Luton Town,eng.luton,12713,708056,1,42.5,9.0,1.0,0.0,0.0,3.0,3.0,9.0,4.0,0.4,0.0,0.0,212.0,320.0,0.7,2.0,12.0,0.2,70.0,23.0,0.3,3.0,10.0,19.0,0.5,6.0,30.0,30.0,2025-03-13 04:48:46
398,SHU,Sheffield United,eng.sheff_utd,12713,708065,0,40.3,8.0,1.0,0.0,2.0,5.0,3.0,13.0,5.0,0.4,0.0,0.0,270.0,342.0,0.8,1.0,10.0,0.1,52.0,28.0,0.5,6.0,6.0,11.0,0.5,12.0,38.0,38.0,2025-03-13 04:48:46
301,LTN,Luton Town,eng.luton,12713,708067,0,45.4,18.0,2.0,0.0,2.0,9.0,0.0,19.0,5.0,0.3,0.0,0.0,199.0,302.0,0.7,9.0,26.0,0.3,66.0,31.0,0.5,4.0,13.0,18.0,0.7,7.0,28.0,28.0,2025-03-16 04:51:22
398,SHU,Sheffield United,eng.sheff_utd,12713,708076,1,47.8,8.0,3.0,0.0,2.0,2.0,3.0,10.0,2.0,0.2,0.0,0.0,244.0,322.0,0.8,2.0,7.0,0.3,53.0,14.0,0.3,4.0,14.0,14.0,1.0,4.0,34.0,34.0,2025-03-17 04:47:52
379,BUR,Burnley,eng.burnley,12713,708077,1,44.2,12.0,0.0,0.0,3.0,4.0,1.0,12.0,5.0,0.4,0.0,0.0,300.0,392.0,0.8,5.0,14.0,0.4,54.0,23.0,0.4,4.0,10.0,14.0,0.7,11.0,45.0,45.0,2025-03-16 04:51:22
379,BUR,Burnley,eng.burnley,12713,708079,0,53.9,11.0,0.0,0.0,2.0,7.0,1.0,14.0,3.0,0.2,0.0,0.0,402.0,482.0,0.8,6.0,21.0,0.3,58.0,20.0,0.3,6.0,13.0,23.0,0.6,10.0,17.0,17.0,2025-03-30 04:53:40
301,LTN,Luton Town,eng.luton,12713,708082,1,35.0,10.0,0.0,0.0,1.0,4.0,3.0,8.0,2.0,0.3,0.0,0.0,189.0,277.0,0.7,5.0,17.0,0.3,67.0,29.0,0.4,3.0,10.0,19.0,0.5,10.0,49.0,49.0,2025-03-30 17:16:54
398,SHU,Sheffield United,eng.sheff_utd,12713,708087,0,41.0,11.0,1.0,0.0,4.0,8.0,3.0,16.0,6.0,0.4,0.0,0.0,285.0,365.0,0.8,3.0,9.0,0.3,56.0,23.0,0.4,7.0,9.0,11.0,0.8,8.0,22.0,22.0,2025-03-30 04:53:40
379,BUR,Burnley,eng.burnley,12713,708097,1,49.8,18.0,4.0,0.0,5.0,5.0,1.0,13.0,6.0,0.5,0.0,0.0,256.0,340.0,0.8,1.0,8.0,0.1,54.0,10.0,0.2,2.0,11.0,18.0,0.6,10.0,38.0,38.0,2025-04-07 04:56:24
301,LTN,Luton Town,eng.luton,12713,708098,0,34.0,15.0,1.0,0.0,2.0,0.0,4.0,7.0,3.0,0.4,0.0,0.0,133.0,228.0,0.6,5.0,19.0,0.3,53.0,19.0,0.4,3.0,10.0,25.0,0.4,3.0,52.0,52.0,2025-04-06 04:54:38
398,SHU,Sheffield United,eng.sheff_utd,12713,708100,1,73.5,8.0,3.0,0.0,0.0,10.0,2.0,15.0,4.0,0.3,0.0,0.0,380.0,484.0,0.8,5.0,31.0,0.2,59.0,18.0,0.3,8.0,11.0,15.0,0.7,3.0,31.0,31.0,2025-04-07 04:56:24
398,SHU,Sheffield United,eng.sheff_utd,12713,708108,0,65.6,5.0,0.0,0.0,0.0,11.0,1.0,25.0,5.0,0.2,0.0,0.0,421.0,519.0,0.8,6.0,32.0,0.2,64.0,31.0,0.5,12.0,9.0,14.0,0.6,4.0,18.0,18.0,2025-04-10 05:11:39
301,LTN,Luton Town,eng.luton,12713,708109,1,53.2,13.0,2.0,0.0,3.0,6.0,3.0,15.0,3.0,0.2,0.0,0.0,225.0,307.0,0.7,8.0,25.0,0.3,50.0,20.0,0.4,5.0,7.0,9.0,0.8,11.0,32.0,32.0,2025-04-10 05:11:39
379,BUR,Burnley,eng.burnley,12713,708112,1,70.0,8.0,0.0,0.0,0.0,4.0,1.0,7.0,2.0,0.3,0.0,0.0,464.0,555.0,0.8,2.0,13.0,0.2,53.0,11.0,0.2,0.0,9.0,14.0,0.6,9.0,47.0,47.0,2025-04-10 05:11:39
379,BUR,Burnley,eng.burnley,12713,708115,0,45.4,14.0,2.0,0.0,0.0,5.0,1.0,8.0,2.0,0.3,0.0,0.0,352.0,418.0,0.8,3.0,10.0,0.3,58.0,25.0,0.4,2.0,8.0,15.0,0.5,6.0,18.0,18.0,2025-04-13 05:20:15
301,LTN,Luton Town,eng.luton,12713,708119,0,59.4,7.0,1.0,0.0,1.0,9.0,1.0,18.0,3.0,0.2,0.0,0.0,288.0,390.0,0.7,4.0,30.0,0.1,58.0,23.0,0.4,4.0,6.0,11.0,0.5,4.0,16.0,16.0,2025-04-14 05:15:01
398,SHU,Sheffield United,eng.sheff_utd,12713,708121,1,70.0,12.0,1.0,0.0,0.0,9.0,1.0,8.0,3.0,0.4,0.0,0.0,397.0,482.0,0.8,4.0,20.0,0.2,63.0,20.0,0.3,0.0,7.0,11.0,0.6,3.0,32.0,32.0,2025-04-13 05:20:15
301,LTN,Luton Town,eng.luton,12713,708130,1,41.2,13.0,2.0,0.0,2.0,4.0,3.0,8.0,1.0,0.1,0.0,0.0,128.0,228.0,0.6,3.0,12.0,0.3,59.0,12.0,0.2,2.0,6.0,9.0,0.7,2.0,78.0,78.0,2025-04-20 15:46:12
398,SHU,Sheffield United,eng.sheff_utd,12713,708135,0,54.9,9.0,1.0,0.0,1.0,7.0,3.0,15.0,5.0,0.3,0.0,0.0,377.0,454.0,0.8,4.0,13.0,0.3,63.0,33.0,0.5,7.0,11.0,17.0,0.6,6.0,30.0,30.0,2025-04-20 15:46:12
379,BUR,Burnley,eng.burnley,12713,708138,1,65.5,4.0,4.0,0.0,4.0,1.0,4.0,16.0,7.0,0.4,0.0,0.0,497.0,568.0,0.9,2.0,12.0,0.2,43.0,21.0,0.5,5.0,7.0,12.0,0.6,11.0,12.0,12.0,2025-04-20 15:46:12
379,BUR,Burnley,eng.burnley,12713,708139,0,51.5,11.0,1.0,0.0,2.0,3.0,3.0,10.0,4.0,0.4,1.0,1.0,283.0,367.0,0.8,0.0,13.0,0.0,74.0,27.0,0.4,5.0,6.0,11.0,0.5,5.0,40.0,40.0,2025-04-22 04:56:43
398,SHU,Sheffield United,eng.sheff_utd,12713,708139,1,48.5,14.0,3.0,0.0,1.0,4.0,2.0,15.0,4.0,0.3,0.0,0.0,262.0,349.0,0.8,3.0,12.0,0.3,62.0,29.0,0.5,7.0,10.0,14.0,0.7,12.0,27.0,27.0,2025-04-22 04:56:43
301,LTN,Luton Town,eng.luton,12713,708143,0,35.6,11.0,0.0,0.0,1.0,3.0,3.0,16.0,7.0,0.4,0.0,0.0,178.0,252.0,0.7,4.0,17.0,0.2,66.0,27.0,0.4,4.0,10.0,17.0,0.6,4.0,33.0,33.0,2025-04-22 04:56:43
398,SHU,Sheffield United,eng.sheff_utd,12713,708152,1,49.0,11.0,2.0,0.0,1.0,3.0,3.0,13.0,5.0,0.4,0.0,0.0,297.0,369.0,0.8,8.0,13.0,0.6,64.0,31.0,0.5,2.0,12.0,15.0,0.8,9.0,27.0,27.0,2025-04-27 04:56:35
301,LTN,Luton Town,eng.luton,12713,708154,0,67.0,9.0,3.0,1.0,3.0,18.0,0.0,23.0,8.0,0.3,0.0,0.0,343.0,418.0,0.8,7.0,51.0,0.1,51.0,18.0,0.4,6.0,5.0,8.0,0.6,6.0,24.0,24.0,2025-04-27 04:56:35
379,BUR,Burnley,eng.burnley,12713,708156,1,62.5,11.0,2.0,0.0,3.0,6.0,2.0,16.0,10.0,0.6,0.0,0.0,535.0,601.0,0.9,4.0,14.0,0.3,44.0,20.0,0.5,4.0,8.0,14.0,0.6,3.0,18.0,18.0,2025-04-27 04:56:35
301,LTN,Luton Town,eng.luton,12713,708166,1,33.0,22.0,2.0,0.0,1.0,4.0,0.0,12.0,4.0,0.3,0.0,0.0,180.0,265.0,0.7,2.0,14.0,0.1,66.0,29.0,0.4,6.0,8.0,14.0,0.6,10.0,23.0,23.0,2025-05-05 05:00:05
398,SHU,Sheffield United,eng.sheff_utd,12713,708168,0,59.0,16.0,2.0,0.0,2.0,8.0,1.0,18.0,5.0,0.3,0.0,0.0,432.0,495.0,0.9,3.0,17.0,0.2,48.0,33.0,0.7,9.0,9.0,17.0,0.5,6.0,28.0,28.0,2025-05-05 05:00:05
379,BUR,Burnley,eng.burnley,12713,708174,0,71.1,5.0,1.0,0.0,4.0,7.0,3.0,19.0,9.0,0.5,0.0,0.0,446.0,526.0,0.8,2.0,14.0,0.1,47.0,23.0,0.5,6.0,6.0,8.0,0.8,7.0,16.0,16.0,2025-05-05 05:00:05
3842,CAD,Cádiz,esp.cadiz,12722,709280,0,60.8,14.0,3.0,0.0,0.0,6.0,3.0,12.0,3.0,0.3,0.0,0.0,182.5,216.0,0.8500000000000001,0.0,0.0,0.0,26.0,13.5,0.55,3.0,3.0,0.0,0.65,5.0,5.5,5.5,2024-10-14 06:59:34
3747,GRA,Granada,esp.granada_cf,12722,709285,0,65.9,9.0,6.0,0.0,0.0,9.0,1.0,20.0,9.0,0.5,0.0,0.0,327.6666666666667,411.3333333333333,0.8333333333333334,0.0,0.0,0.0,97.0,39.5,0.4,1.0,14.5,0.0,0.6,6.0,27.0,27.0,2024-10-14 06:59:34
6832,ALM,Almería,esp.almeria,12722,709288,1,62.7,15.0,2.0,0.0,0.0,7.0,3.0,20.0,8.0,0.4,1.0,1.0,225.4,270.0,0.8800000000000001,0.0,0.0,0.0,33.5,17.5,0.55,2.0,8.0,0.0,0.6666666666666666,8.0,15.5,15.5,2024-10-14 06:59:34
3842,CAD,Cádiz,esp.cadiz,12722,709295,1,55.6,15.0,5.0,0.0,0.0,4.0,5.0,14.0,7.0,0.5,1.0,1.0,182.5,216.0,0.8500000000000001,0.0,0.0,0.0,26.0,13.5,0.55,1.0,3.0,0.0,0.65,5.0,5.5,5.5,2024-09-03 04:11:30
3747,GRA,Granada,esp.granada_cf,12722,709297,1,54.1,17.0,3.0,0.0,0.0,7.0,2.0,11.0,6.0,0.5,0.0,0.0,327.6666666666667,411.3333333333333,0.8333333333333334,0.0,0.0,0.0,97.0,39.5,0.4,1.0,14.5,0.0,0.6,6.0,27.0,27.0,2025-04-05 08:30:15
6832,ALM,Almería,esp.almeria,12722,709300,1,59.3,9.0,2.0,0.0,0.0,8.0,5.0,20.0,3.0,0.2,0.0,0.0,225.4,270.0,0.8800000000000001,0.0,0.0,0.0,33.5,17.5,0.55,10.0,8.0,0.0,0.6666666666666666,8.0,15.5,15.5,2024-09-03 04:11:31
3842,CAD,Cádiz,esp.cadiz,12722,709303,0,67.9,13.0,5.0,0.0,0.0,3.0,2.0,7.0,3.0,0.4,1.0,1.0,182.5,216.0,0.8500000000000001,0.0,0.0,0.0,26.0,13.5,0.55,2.0,3.0,0.0,0.65,5.0,5.5,5.5,2024-09-03 04:20:17
6832,ALM,Almería,esp.almeria,12722,709305,0,58.8,13.0,0.0,0.0,0.0,10.0,3.0,26.0,6.0,0.2,0.0,0.0,225.4,270.0,0.8800000000000001,0.0,0.0,0.0,33.5,17.5,0.55,12.0,8.0,0.0,0.6666666666666666,8.0,15.5,15.5,2024-09-02 04:20:51
3747,GRA,Granada,esp.granada_cf,12722,709308,0,65.1,8.0,1.0,0.0,0.0,5.0,2.0,14.0,5.0,0.4,0.0,0.0,327.6666666666667,411.3333333333333,0.8333333333333334,0.0,0.0,0.0,97.0,39.5,0.4,3.0,14.5,0.0,0.6,6.0,27.0,27.0,2024-09-01 04:21:34
3842,CAD,Cádiz,esp.cadiz,12722,709313,1,30.5,14.0,2.0,0.0,0.0,7.0,3.0,9.0,5.0,0.6,1.0,1.0,182.5,216.0,0.8500000000000001,0.0,0.0,0.0,26.0,13.5,0.55,1.0,3.0,0.0,0.65,5.0,5.5,5.5,2024-09-11 04:19:57
6832,ALM,Almería,esp.almeria,12722,709315,1,55.3,11.0,3.0,0.0,0.0,4.0,2.0,10.0,2.0,0.2,0.0,0.0,225.4,270.0,0.8800000000000001,0.0,0.0,0.0,33.5,17.5,0.55,3.0,8.0,0.0,0.6666666666666666,8.0,15.5,15.5,2024-09-09 04:20:50
3747,GRA,Granada,esp.granada_cf,12722,709317,0,50.3,13.0,3.0,0.0,0.0,4.0,3.0,12.0,2.0,0.2,0.0,0.0,327.6666666666667,411.3333333333333,0.8333333333333334,0.0,0.0,0.0,97.0,39.5,0.4,4.0,14.5,0.0,0.6,6.0,27.0,27.0,2024-09-08 04:22:05
6832,ALM,Almería,esp.almeria,12722,709323,0,48.4,9.0,0.0,0.0,0.0,5.0,2.0,20.0,7.0,0.4,1.0,1.0,225.4,270.0,0.8800000000000001,0.0,0.0,0.0,33.5,17.5,0.55,4.0,8.0,0.0,0.6666666666666666,8.0,15.5,15.5,2024-09-18 04:20:54
3842,CAD,Cádiz,esp.cadiz,12722,709325,0,47.8,21.0,2.0,0.0,0.0,5.0,1.0,13.0,3.0,0.2,0.0,0.0,182.5,216.0,0.8500000000000001,0.0,0.0,0.0,26.0,13.5,0.55,4.0,3.0,0.0,0.65,5.0,5.5,5.5,2024-09-17 04:18:50
3747,GRA,Granada,esp.granada_cf,12722,709328,1,41.1,12.0,4.0,0.0,0.0,6.0,1.0,10.0,3.0,0.3,0.0,0.0,327.6666666666667,411.3333333333333,0.8333333333333334,0.0,0.0,0.0,97.0,39.5,0.4,2.0,14.5,0.0,0.6,6.0,27.0,27.0,2024-09-17 04:18:51
6832,ALM,Almería,esp.almeria,12722,709334,0,67.0,14.0,4.0,0.0,0.0,9.0,1.0,13.0,5.0,0.4,0.0,0.0,225.4,270.0,0.8800000000000001,0.0,0.0,0.0,33.5,17.5,0.55,3.0,8.0,0.0,0.6666666666666666,8.0,15.5,15.5,2024-10-14 06:59:34
3842,CAD,Cádiz,esp.cadiz,12722,709339,1,52.9,11.0,4.0,0.0,0.0,9.0,3.0,13.0,6.0,0.5,0.0,0.0,182.5,216.0,0.8500000000000001,0.0,0.0,0.0,26.0,13.5,0.55,2.0,3.0,0.0,0.65,5.0,5.5,5.5,2024-10-14 06:59:34
3747,GRA,Granada,esp.granada_cf,12722,709340,0,49.7,17.0,3.0,0.0,0.0,5.0,3.0,12.0,6.0,0.5,0.0,1.0,327.6666666666667,411.3333333333333,0.8333333333333334,0.0,0.0,0.0,97.0,39.5,0.4,2.0,14.5,0.0,0.6,6.0,27.0,27.0,2024-10-14 06:59:34
3842,CAD,Cádiz,esp.cadiz,12722,709348,0,54.8,23.0,1.0,0.0,0.0,2.0,4.0,21.0,6.0,0.3,0.0,0.0,182.5,216.0,0.8500000000000001,0.0,0.0,0.0,26.0,13.5,0.55,7.0,3.0,0.0,0.65,5.0,5.5,5.5,2024-10-14 06:59:34
6832,ALM,Almería,esp.almeria,12722,709354,1,55.7,8.0,1.0,0.0,0.0,3.0,4.0,16.0,4.0,0.3,0.0,0.0,225.4,270.0,0.8800000000000001,0.0,0.0,0.0,33.5,17.5,0.55,4.0,8.0,0.0,0.6666666666666666,8.0,15.5,15.5,2024-10-14 06:59:34
3747,GRA,Granada,esp.granada_cf,12722,709355,1,56.9,11.0,6.0,0.0,0.0,3.0,0.0,9.0,4.0,0.4,0.0,0.0,327.6666666666667,411.3333333333333,0.8333333333333334,0.0,0.0,0.0,97.0,39.5,0.4,2.0,14.5,0.0,0.6,6.0,27.0,27.0,2024-10-14 06:59:34
6832,ALM,Almería,esp.almeria,12722,709359,0,38.8,9.0,3.0,1.0,0.0,5.0,5.0,17.0,5.0,0.3,0.0,0.0,225.4,270.0,0.8800000000000001,0.0,0.0,0.0,33.5,17.5,0.55,7.0,8.0,0.0,0.6666666666666666,8.0,15.5,15.5,2024-10-14 06:59:34
3842,CAD,Cádiz,esp.cadiz,12722,709361,1,65.4,11.0,5.0,0.0,0.0,4.0,2.0,10.0,4.0,0.4,0.0,1.0,182.5,216.0,0.8500000000000001,0.0,0.0,0.0,26.0,13.5,0.55,0.0,3.0,0.0,0.65,5.0,5.5,5.5,2024-10-14 06:59:34
3747,GRA,Granada,esp.granada_cf,12722,709363,1,45.0,15.0,5.0,0.0,0.0,1.0,4.0,5.0,1.0,0.2,0.0,0.0,327.6666666666667,411.3333333333333,0.8333333333333334,0.0,0.0,0.0,97.0,39.5,0.4,0.0,14.5,0.0,0.6,6.0,27.0,27.0,2024-10-14 06:59:34
3842,CAD,Cádiz,esp.cadiz,12722,709368,0,41.0,18.0,1.0,0.0,0.0,6.0,6.0,15.0,9.0,0.6,0.0,0.0,182.5,216.0,0.8500000000000001,0.0,0.0,0.0,26.0,13.5,0.55,1.0,3.0,0.0,0.65,5.0,5.5,5.5,2024-10-14 06:59:34
3747,GRA,Granada,esp.granada_cf,12722,709372,0,63.9,12.0,0.0,0.0,0.0,5.0,2.0,17.0,5.0,0.3,0.0,0.0,327.6666666666667,411.3333333333333,0.8333333333333334,0.0,0.0,0.0,97.0,39.5,0.4,3.0,14.5,0.0,0.6,6.0,27.0,27.0,2024-10-15 05:13:46
6832,ALM,Almería,esp.almeria,12722,709375,1,41.1,18.0,4.0,2.0,0.0,0.0,6.0,8.0,5.0,0.6,0.0,0.0,225.4,270.0,0.8800000000000001,0.0,0.0,0.0,33.5,17.5,0.55,0.0,8.0,0.0,0.6666666666666666,8.0,15.5,15.5,2024-10-15 05:13:46
3842,CAD,Cádiz,esp.cadiz,12722,709380,0,43.9,28.0,6.0,0.0,0.0,4.0,1.0,15.0,4.0,0.3,0.0,0.0,182.5,216.0,0.8500000000000001,0.0,0.0,0.0,26.0,13.5,0.55,5.0,3.0,0.0,0.65,5.0,5.5,5.5,2024-10-22 23:19:35
3747,GRA,Granada,esp.granada_cf,12722,709384,0,61.8,10.0,3.0,0.0,0.0,7.0,0.0,16.0,11.0,0.7,0.0,0.0,327.6666666666667,411.3333333333333,0.8333333333333334,0.0,0.0,0.0,97.0,39.5,0.4,2.0,14.5,0.0,0.6,6.0,27.0,27.0,2024-10-21 05:12:06
6832,ALM,Almería,esp.almeria,12722,709388,1,41.5,13.0,6.0,0.0,0.0,1.0,2.0,11.0,4.0,0.4,1.0,1.0,225.4,270.0,0.8800000000000001,0.0,0.0,0.0,33.5,17.5,0.55,4.0,8.0,0.0,0.6666666666666666,8.0,15.5,15.5,2024-10-22 23:19:35
6832,ALM,Almería,esp.almeria,12722,709389,0,51.9,19.0,4.0,0.0,0.0,2.0,6.0,23.0,7.0,0.3,0.0,0.0,225.4,270.0,0.8800000000000001,0.0,0.0,0.0,33.5,17.5,0.55,6.0,8.0,0.0,0.6666666666666666,8.0,15.5,15.5,2024-10-26 13:50:23
3747,GRA,Granada,esp.granada_cf,12722,709391,1,38.9,11.0,4.0,1.0,0.0,1.0,2.0,11.0,5.0,0.5,1.0,1.0,327.6666666666667,411.3333333333333,0.8333333333333334,0.0,0.0,0.0,97.0,39.5,0.4,3.0,14.5,0.0,0.6,6.0,27.0,27.0,2024-10-25 05:15:37
3842,CAD,Cádiz,esp.cadiz,12722,709392,1,51.1,15.0,5.0,0.0,0.0,5.0,3.0,11.0,4.0,0.4,0.0,0.0,182.5,216.0,0.8500000000000001,0.0,0.0,0.0,26.0,13.5,0.55,6.0,3.0,0.0,0.65,5.0,5.5,5.5,2024-10-25 05:15:37
6832,ALM,Almería,esp.almeria,12722,709408,1,79.3,11.0,2.0,0.0,0.0,7.0,1.0,23.0,5.0,0.2,0.0,1.0,225.4,270.0,0.8800000000000001,0.0,0.0,0.0,33.5,17.5,0.55,6.0,8.0,0.0,0.6666666666666666,8.0,15.5,15.5,2024-10-31 05:20:32
3747,GRA,Granada,esp.granada_cf,12722,709409,0,58.2,13.0,1.0,0.0,0.0,3.0,6.0,17.0,5.0,0.3,0.0,0.0,327.6666666666667,411.3333333333333,0.8333333333333334,0.0,0.0,0.0,97.0,39.5,0.4,8.0,14.5,0.0,0.6,6.0,27.0,27.0,2025-04-05 08:30:15
3842,CAD,Cádiz,esp.cadiz,12722,709410,0,46.9,14.0,0.0,0.0,0.0,3.0,1.0,10.0,4.0,0.4,0.0,0.0,182.5,216.0,0.8500000000000001,0.0,0.0,0.0,26.0,13.5,0.55,2.0,3.0,0.0,0.65,5.0,5.5,5.5,2024-10-29 05:18:18
6832,ALM,Almería,esp.almeria,12722,709411,0,53.9,13.0,0.0,0.0,0.0,2.0,3.0,9.0,7.0,0.8,0.0,0.0,225.4,270.0,0.8800000000000001,0.0,0.0,0.0,33.5,17.5,0.55,1.0,8.0,0.0,0.6666666666666666,8.0,15.5,15.5,2024-11-28 06:07:09
3747,GRA,Granada,esp.granada_cf,12722,709419,1,57.1,14.0,1.0,2.0,0.0,4.0,3.0,15.0,3.0,0.2,0.0,0.0,327.6666666666667,411.3333333333333,0.8333333333333334,0.0,0.0,0.0,97.0,39.5,0.4,5.0,14.5,0.0,0.6,6.0,27.0,27.0,2024-11-04 22:44:58
3842,CAD,Cádiz,esp.cadiz,12722,709420,1,59.6,10.0,1.0,0.0,0.0,5.0,0.0,8.0,0.0,0.0,0.0,0.0,182.5,216.0,0.8500000000000001,0.0,0.0,0.0,26.0,13.5,0.55,3.0,3.0,0.0,0.65,5.0,5.5,5.5,2024-11-05 22:52:41
6832,ALM,Almería,esp.almeria,12722,709426,1,41.7,18.0,7.0,0.0,0.0,1.0,3.0,11.0,6.0,0.5,0.0,0.0,225.4,270.0,0.8800000000000001,0.0,0.0,0.0,33.5,17.5,0.55,0.0,8.0,0.0,0.6666666666666666,8.0,15.5,15.5,2024-11-09 06:15:35
3747,GRA,Granada,esp.granada_cf,12722,709427,0,48.5,14.0,4.0,0.0,0.0,5.0,4.0,13.0,4.0,0.3,1.0,1.0,327.6666666666667,411.3333333333333,0.8333333333333334,0.0,0.0,0.0,97.0,39.5,0.4,4.0,14.5,0.0,0.6,6.0,27.0,27.0,2024-11-12 06:14:04
3842,CAD,Cádiz,esp.cadiz,12722,709429,1,61.2,16.0,3.0,0.0,0.0,2.0,1.0,4.0,2.0,0.5,0.0,0.0,182.5,216.0,0.8500000000000001,0.0,0.0,0.0,26.0,13.5,0.55,0.0,3.0,0.0,0.65,5.0,5.5,5.5,2024-11-12 06:14:04
6832,ALM,Almería,esp.almeria,12722,709433,0,53.5,10.0,0.0,0.0,0.0,7.0,4.0,16.0,6.0,0.4,0.0,0.0,225.4,270.0,0.8800000000000001,0.0,0.0,0.0,33.5,17.5,0.55,3.0,8.0,0.0,0.6666666666666666,8.0,15.5,15.5,2024-11-18 06:02:28
3842,CAD,Cádiz,esp.cadiz,12722,709435,0,42.7,14.0,4.0,0.0,0.0,5.0,2.0,10.0,5.0,0.5,0.0,1.0,182.5,216.0,0.8500000000000001,0.0,0.0,0.0,26.0,13.5,0.55,1.0,3.0,0.0,0.65,5.0,5.5,5.5,2024-11-18 06:02:28
3747,GRA,Granada,esp.granada_cf,12722,709443,1,46.3,7.0,1.0,0.0,0.0,0.0,3.0,9.0,5.0,0.6,0.0,0.0,327.6666666666667,411.3333333333333,0.8333333333333334,0.0,0.0,0.0,97.0,39.5,0.4,1.0,14.5,0.0,0.6,6.0,27.0,27.0,2024-11-18 06:02:28
6832,ALM,Almería,esp.almeria,12722,709449,1,64.6,12.0,1.0,0.0,0.0,3.0,3.0,17.0,3.0,0.2,0.0,0.0,225.4,270.0,0.8800000000000001,0.0,0.0,0.0,33.5,17.5,0.55,2.0,8.0,0.0,0.6666666666666666,8.0,15.5,15.5,2024-11-24 15:57:29
3747,GRA,Granada,esp.granada_cf,12722,709450,0,55.5,16.0,4.0,0.0,0.0,5.0,2.0,23.0,4.0,0.2,0.0,0.0,327.6666666666667,411.3333333333333,0.8333333333333334,0.0,0.0,0.0,97.0,39.5,0.4,5.0,14.5,0.0,0.6,6.0,27.0,27.0,2024-11-27 06:03:29
3842,CAD,Cádiz,esp.cadiz,12722,709450,1,44.5,14.0,3.0,0.0,0.0,4.0,4.0,5.0,3.0,0.6,0.0,0.0,182.5,216.0,0.8500000000000001,0.0,0.0,0.0,26.0,13.5,0.55,1.0,3.0,0.0,0.65,5.0,5.5,5.5,2024-11-27 06:03:29
6832,ALM,Almería,esp.almeria,12722,709455,0,55.8,16.0,2.0,0.0,0.0,7.0,4.0,18.0,7.0,0.4,0.0,0.0,225.4,270.0,0.8800000000000001,0.0,0.0,0.0,33.5,17.5,0.55,2.0,8.0,0.0,0.6666666666666666,8.0,15.5,15.5,2024-12-02 05:58:43
3747,GRA,Granada,esp.granada_cf,12722,709455,1,44.2,13.0,2.0,0.0,0.0,1.0,4.0,8.0,5.0,0.6,0.0,0.0,327.6666666666667,411.3333333333333,0.8333333333333334,0.0,0.0,0.0,97.0,39.5,0.4,0.0,14.5,0.0,0.6,6.0,27.0,27.0,2024-12-02 05:58:43
3842,CAD,Cádiz,esp.cadiz,12722,709457,0,53.0,19.0,5.0,0.0,0.0,5.0,3.0,11.0,5.0,0.5,1.0,1.0,182.5,216.0,0.8500000000000001,0.0,0.0,0.0,26.0,13.5,0.55,3.0,3.0,0.0,0.65,5.0,5.5,5.5,2024-12-02 05:58:43
3842,CAD,Cádiz,esp.cadiz,12722,709470,1,20.5,14.0,3.0,1.0,0.0,1.0,7.0,9.0,4.0,0.4,0.0,0.0,182.5,216.0,0.8500000000000001,0.0,0.0,0.0,26.0,13.5,0.55,2.0,3.0,0.0,0.65,5.0,5.5,5.5,2024-12-10 05:55:59
3747,GRA,Granada,esp.granada_cf,12722,709472,0,36.6,22.0,5.0,0.0,0.0,2.0,3.0,16.0,6.0,0.4,0.0,0.0,327.6666666666667,411.3333333333333,0.8333333333333334,0.0,0.0,0.0,97.0,39.5,0.4,1.0,14.5,0.0,0.6,6.0,27.0,27.0,2024-12-10 05:55:59
6832,ALM,Almería,esp.almeria,12722,709475,1,56.9,12.0,5.0,0.0,0.0,10.0,0.0,21.0,7.0,0.3,0.0,0.0,225.4,270.0,0.8800000000000001,0.0,0.0,0.0,33.5,17.5,0.55,5.0,8.0,0.0,0.6666666666666666,8.0,15.5,15.5,2024-12-10 05:55:59
6832,ALM,Almería,esp.almeria,12722,709477,0,41.4,23.0,6.0,0.0,0.0,2.0,3.0,9.0,4.0,0.4,0.0,0.0,225.4,270.0,0.8800000000000001,0.0,0.0,0.0,33.5,17.5,0.55,2.0,8.0,0.0,0.6666666666666666,8.0,15.5,15.5,2024-12-14 05:55:08
3842,CAD,Cádiz,esp.cadiz,12722,709480,0,50.2,10.0,1.0,0.0,0.0,2.0,1.0,13.0,3.0,0.2,1.0,1.0,182.5,216.0,0.8500000000000001,0.0,0.0,0.0,26.0,13.5,0.55,1.0,3.0,0.0,0.65,5.0,5.5,5.5,2024-12-15 05:56:47
3747,GRA,Granada,esp.granada_cf,12722,709485,1,56.2,14.0,3.0,0.0,0.0,8.0,2.0,9.0,1.0,0.1,0.0,0.0,327.6666666666667,411.3333333333333,0.8333333333333334,0.0,0.0,0.0,97.0,39.5,0.4,7.0,14.5,0.0,0.6,6.0,27.0,27.0,2024-12-18 06:02:10
3842,CAD,Cádiz,esp.cadiz,12722,709489,0,52.3,23.0,2.0,1.0,0.0,2.0,1.0,11.0,3.0,0.3,0.0,0.0,182.5,216.0,0.8500000000000001,0.0,0.0,0.0,26.0,13.5,0.55,3.0,3.0,0.0,0.65,5.0,5.5,5.5,2024-12-21 05:59:11
3747,GRA,Granada,esp.granada_cf,12722,709493,0,62.7,7.0,1.0,0.0,0.0,4.0,2.0,17.0,5.0,0.3,0.0,0.0,327.6666666666667,411.3333333333333,0.8333333333333334,0.0,0.0,0.0,97.0,39.5,0.4,5.0,14.5,0.0,0.6,6.0,27.0,27.0,2024-12-19 06:05:16
6832,ALM,Almería,esp.almeria,12722,709497,1,48.0,11.0,1.0,0.0,0.0,3.0,9.0,8.0,4.0,0.5,1.0,1.0,225.4,270.0,0.8800000000000001,0.0,0.0,0.0,33.5,17.5,0.55,0.0,8.0,0.0,0.6666666666666666,8.0,15.5,15.5,2024-12-20 06:07:06
6832,ALM,Almería,esp.almeria,12722,709499,0,64.1,15.0,3.0,0.0,0.0,6.0,3.0,20.0,6.0,0.3,1.0,1.0,225.4,270.0,0.8800000000000001,0.0,0.0,0.0,33.5,17.5,0.55,4.0,8.0,0.0,0.6666666666666666,8.0,15.5,15.5,2024-12-24 05:57:25
3842,CAD,Cádiz,esp.cadiz,12722,709499,1,35.9,10.0,2.0,1.0,0.0,0.0,5.0,5.0,4.0,0.8,0.0,0.0,182.5,216.0,0.8500000000000001,0.0,0.0,0.0,26.0,13.5,0.55,0.0,3.0,0.0,0.65,5.0,5.5,5.5,2024-12-24 05:57:25
3747,GRA,Granada,esp.granada_cf,12722,709503,1,49.5,14.0,1.0,1.0,0.0,6.0,5.0,9.0,4.0,0.4,0.0,0.0,327.6666666666667,411.3333333333333,0.8333333333333334,0.0,0.0,0.0,97.0,39.5,0.4,1.0,14.5,0.0,0.6,6.0,27.0,27.0,2024-12-24 05:57:25
3842,CAD,Cádiz,esp.cadiz,12722,709511,0,44.1,17.0,3.0,1.0,0.0,2.0,2.0,10.0,3.0,0.3,0.0,0.0,182.5,216.0,0.8500000000000001,0.0,0.0,0.0,26.0,13.5,0.55,2.0,3.0,0.0,0.65,5.0,5.5,5.5,2025-01-14 05:34:01
6832,ALM,Almería,esp.almeria,12722,709512,1,50.5,7.0,1.0,0.0,0.0,2.0,3.0,14.0,5.0,0.4,1.0,1.0,225.4,270.0,0.8800000000000001,0.0,0.0,0.0,33.5,17.5,0.55,2.0,8.0,0.0,0.6666666666666666,8.0,15.5,15.5,2025-01-14 05:34:01
3747,GRA,Granada,esp.granada_cf,12722,709515,0,64.3,9.0,2.0,0.0,0.0,5.0,3.0,13.0,2.0,0.2,0.0,0.0,327.6666666666667,411.3333333333333,0.8333333333333334,0.0,0.0,0.0,97.0,39.5,0.4,3.0,14.5,0.0,0.6,6.0,27.0,27.0,2025-01-13 05:34:22
6832,ALM,Almería,esp.almeria,12722,709521,0,68.8,15.0,1.0,0.0,0.0,10.0,1.0,23.0,8.0,0.3,0.0,0.0,225.4,270.0,0.8800000000000001,0.0,0.0,0.0,33.5,17.5,0.55,9.0,8.0,0.0,0.6666666666666666,8.0,15.5,15.5,2025-01-21 05:32:24
3842,CAD,Cádiz,esp.cadiz,12722,709525,1,44.5,8.0,2.0,0.0,0.0,3.0,4.0,14.0,5.0,0.4,0.0,0.0,182.5,216.0,0.8500000000000001,0.0,0.0,0.0,26.0,13.5,0.55,4.0,3.0,0.0,0.65,5.0,5.5,5.5,2025-01-20 14:35:18
3747,GRA,Granada,esp.granada_cf,12722,709527,1,55.0,22.0,4.0,0.0,0.0,6.0,3.0,9.0,2.0,0.2,0.0,0.0,327.6666666666667,411.3333333333333,0.8333333333333334,0.0,0.0,0.0,97.0,39.5,0.4,2.0,14.5,0.0,0.6,6.0,27.0,27.0,2025-01-20 14:35:18
6832,ALM,Almería,esp.almeria,12722,709532,1,69.8,13.0,5.0,0.0,0.0,6.0,2.0,14.0,5.0,0.4,0.0,0.0,225.4,270.0,0.8800000000000001,0.0,0.0,0.0,33.5,17.5,0.55,4.0,8.0,0.0,0.6666666666666666,8.0,15.5,15.5,2025-01-28 15:08:56
3842,CAD,Cádiz,esp.cadiz,12722,709533,0,35.9,20.0,3.0,1.0,0.0,2.0,4.0,8.0,5.0,0.6,0.0,0.0,182.5,216.0,0.8500000000000001,0.0,0.0,0.0,26.0,13.5,0.55,0.0,3.0,0.0,0.65,5.0,5.5,5.5,2025-01-29 14:50:35
3747,GRA,Granada,esp.granada_cf,12722,709542,0,36.4,11.0,0.0,0.0,0.0,6.0,0.0,18.0,8.0,0.4,1.0,1.0,327.6666666666667,411.3333333333333,0.8333333333333334,0.0,0.0,0.0,97.0,39.5,0.4,4.0,14.5,0.0,0.6,6.0,27.0,27.0,2025-01-28 15:08:56
3747,GRA,Granada,esp.granada_cf,12722,709547,1,48.4,10.0,3.0,0.0,0.0,3.0,5.0,12.0,5.0,0.4,0.0,0.0,327.6666666666667,411.3333333333333,0.8333333333333334,0.0,0.0,0.0,97.0,39.5,0.4,3.0,14.5,0.0,0.6,6.0,27.0,27.0,2025-02-01 14:50:29
3842,CAD,Cádiz,esp.cadiz,12722,709552,1,37.4,16.0,3.0,0.0,0.0,2.0,3.0,9.0,1.0,0.1,0.0,0.0,182.5,216.0,0.8500000000000001,0.0,0.0,0.0,26.0,13.5,0.55,5.0,3.0,0.0,0.65,5.0,5.5,5.5,2025-02-05 05:42:13
6832,ALM,Almería,esp.almeria,12722,709553,0,55.3,13.0,3.0,0.0,0.0,1.0,1.0,11.0,4.0,0.4,0.0,0.0,225.4,270.0,0.8800000000000001,0.0,0.0,0.0,33.5,17.5,0.55,1.0,8.0,0.0,0.6666666666666666,8.0,15.5,15.5,2025-02-03 14:51:04
3842,CAD,Cádiz,esp.cadiz,12722,709554,0,56.0,14.0,0.0,0.0,0.0,3.0,1.0,18.0,7.0,0.4,0.0,0.0,182.5,216.0,0.8500000000000001,0.0,0.0,0.0,26.0,13.5,0.55,2.0,3.0,0.0,0.65,5.0,5.5,5.5,2025-02-11 05:48:04
6832,ALM,Almería,esp.almeria,12722,709558,1,52.6,13.0,3.0,0.0,0.0,8.0,2.0,22.0,8.0,0.4,0.0,0.0,225.4,270.0,0.8800000000000001,0.0,0.0,0.0,33.5,17.5,0.55,4.0,8.0,0.0,0.6666666666666666,8.0,15.5,15.5,2025-02-11 05:48:04
3747,GRA,Granada,esp.granada_cf,12722,709562,0,62.5,17.0,4.0,0.0,0.0,6.0,5.0,12.0,4.0,0.3,0.0,0.0,327.6666666666667,411.3333333333333,0.8333333333333334,0.0,0.0,0.0,97.0,39.5,0.4,5.0,14.5,0.0,0.6,6.0,27.0,27.0,2025-02-09 05:50:16
6832,ALM,Almería,esp.almeria,12722,709565,0,37.0,12.0,2.0,1.0,0.0,4.0,4.0,6.0,3.0,0.5,0.0,0.0,225.4,270.0,0.8800000000000001,0.0,0.0,0.0,33.5,17.5,0.55,1.0,8.0,0.0,0.6666666666666666,8.0,15.5,15.5,2025-02-19 05:49:30
3747,GRA,Granada,esp.granada_cf,12722,709569,1,49.6,17.0,2.0,1.0,0.0,7.0,2.0,7.0,1.0,0.1,0.0,0.0,327.6666666666667,411.3333333333333,0.8333333333333334,0.0,0.0,0.0,97.0,39.5,0.4,2.0,14.5,0.0,0.6,6.0,27.0,27.0,2025-02-18 05:50:43
3842,CAD,Cádiz,esp.cadiz,12722,709572,1,32.5,13.0,5.0,0.0,0.0,3.0,0.0,16.0,9.0,0.6,1.0,1.0,182.5,216.0,0.8500000000000001,0.0,0.0,0.0,26.0,13.5,0.55,3.0,3.0,0.0,0.65,5.0,5.5,5.5,2025-02-17 05:53:03
3842,CAD,Cádiz,esp.cadiz,12722,709578,0,45.5,7.0,1.0,0.0,0.0,6.0,0.0,11.0,4.0,0.4,0.0,0.0,182.5,216.0,0.8500000000000001,0.0,0.0,0.0,26.0,13.5,0.55,2.0,3.0,0.0,0.65,5.0,5.5,5.5,2025-02-25 05:51:14
3747,GRA,Granada,esp.granada_cf,12722,709582,0,37.9,13.0,2.0,2.0,0.0,4.0,2.0,8.0,3.0,0.4,0.0,0.0,327.6666666666667,411.3333333333333,0.8333333333333334,0.0,0.0,0.0,97.0,39.5,0.4,2.0,14.5,0.0,0.6,6.0,27.0,27.0,2025-02-24 05:52:05
6832,ALM,Almería,esp.almeria,12722,709586,1,44.0,11.0,2.0,1.0,0.0,4.0,4.0,20.0,8.0,0.4,0.0,0.0,225.4,270.0,0.8800000000000001,0.0,0.0,0.0,33.5,17.5,0.55,2.0,8.0,0.0,0.6666666666666666,8.0,15.5,15.5,2025-02-24 05:52:05
6832,ALM,Almería,esp.almeria,12722,709588,0,52.7,13.0,1.0,0.0,0.0,7.0,1.0,20.0,7.0,0.4,0.0,1.0,225.4,270.0,0.8800000000000001,0.0,0.0,0.0,33.5,17.5,0.55,5.0,8.0,0.0,0.6666666666666666,8.0,15.5,15.5,2025-03-02 19:59:20
3747,GRA,Granada,esp.granada_cf,12722,709590,1,48.5,11.0,2.0,0.0,0.0,7.0,4.0,15.0,4.0,0.3,0.0,0.0,327.6666666666667,411.3333333333333,0.8333333333333334,0.0,0.0,0.0,97.0,39.5,0.4,8.0,14.5,0.0,0.6,6.0,27.0,27.0,2025-03-06 12:55:37
3842,CAD,Cádiz,esp.cadiz,12722,709593,1,50.8,17.0,3.0,1.0,0.0,2.0,1.0,5.0,2.0,0.4,0.0,0.0,182.5,216.0,0.8500000000000001,0.0,0.0,0.0,26.0,13.5,0.55,0.0,3.0,0.0,0.65,5.0,5.5,5.5,2025-03-04 05:51:04
3747,GRA,Granada,esp.granada_cf,12722,709598,0,49.3,13.0,1.0,0.0,0.0,8.0,3.0,11.0,7.0,0.6,0.0,0.0,327.6666666666667,411.3333333333333,0.8333333333333334,0.0,0.0,0.0,97.0,39.5,0.4,2.0,14.5,0.0,0.6,6.0,27.0,27.0,2025-03-14 04:53:04
6832,ALM,Almería,esp.almeria,12722,709601,1,55.1,13.0,3.0,0.0,0.0,6.0,2.0,13.0,3.0,0.2,0.0,0.0,225.4,270.0,0.8800000000000001,0.0,0.0,0.0,33.5,17.5,0.55,4.0,8.0,0.0,0.6666666666666666,8.0,15.5,15.5,2025-03-08 05:49:06
3842,CAD,Cádiz,esp.cadiz,12722,709604,1,47.5,14.0,2.0,0.0,0.0,5.0,1.0,6.0,2.0,0.3,0.0,0.0,182.5,216.0,0.8500000000000001,0.0,0.0,0.0,26.0,13.5,0.55,0.0,3.0,0.0,0.65,5.0,5.5,5.5,2025-03-11 04:49:22
6832,ALM,Almería,esp.almeria,12722,709613,0,47.5,9.0,1.0,0.0,0.0,8.0,0.0,17.0,4.0,0.2,0.0,0.0,225.4,270.0,0.8800000000000001,0.0,0.0,0.0,33.5,17.5,0.55,4.0,8.0,0.0,0.6666666666666666,8.0,15.5,15.5,2025-03-17 04:47:52
3842,CAD,Cádiz,esp.cadiz,12722,709616,0,46.9,7.0,2.0,0.0,0.0,6.0,0.0,15.0,4.0,0.3,0.0,0.0,182.5,216.0,0.8500000000000001,0.0,0.0,0.0,26.0,13.5,0.55,4.0,3.0,0.0,0.65,5.0,5.5,5.5,2025-03-17 04:47:52
3747,GRA,Granada,esp.granada_cf,12722,709616,1,53.1,11.0,0.0,0.0,0.0,6.0,3.0,6.0,0.0,0.0,0.0,0.0,327.6666666666667,411.3333333333333,0.8333333333333334,0.0,0.0,0.0,97.0,39.5,0.4,2.0,14.5,0.0,0.6,6.0,27.0,27.0,2025-03-18 04:53:56
3747,GRA,Granada,esp.granada_cf,12722,709628,0,41.7,13.0,1.0,0.0,0.0,5.0,3.0,12.0,5.0,0.4,0.0,0.0,327.6666666666667,411.3333333333333,0.8333333333333334,0.0,0.0,0.0,97.0,39.5,0.4,3.0,14.5,0.0,0.6,6.0,27.0,27.0,2025-03-24 04:55:09
3842,CAD,Cádiz,esp.cadiz,12722,709629,1,59.3,11.0,1.0,0.0,0.0,3.0,5.0,16.0,6.0,0.4,1.0,1.0,182.5,216.0,0.8500000000000001,0.0,0.0,0.0,26.0,13.5,0.55,2.0,3.0,0.0,0.65,5.0,5.5,5.5,2025-03-25 04:56:19
6832,ALM,Almería,esp.almeria,12722,709630,1,55.6,18.0,5.0,0.0,0.0,3.0,2.0,11.0,4.0,0.4,0.0,0.0,225.4,270.0,0.8800000000000001,0.0,0.0,0.0,33.5,17.5,0.55,3.0,8.0,0.0,0.6666666666666666,8.0,15.5,15.5,2025-03-22 21:40:01
6832,ALM,Almería,esp.almeria,12722,709632,0,57.3,16.0,1.0,0.0,0.0,10.0,2.0,14.0,3.0,0.2,1.0,1.0,225.4,270.0,0.8800000000000001,0.0,0.0,0.0,33.5,17.5,0.55,4.0,8.0,0.0,0.6666666666666666,8.0,15.5,15.5,2025-03-31 04:50:43
3842,CAD,Cádiz,esp.cadiz,12722,709633,0,54.6,17.0,0.0,0.0,0.0,3.0,2.0,9.0,1.0,0.1,0.0,0.0,182.5,216.0,0.8500000000000001,0.0,0.0,0.0,26.0,13.5,0.55,4.0,3.0,0.0,0.65,5.0,5.5,5.5,2025-04-02 04:55:51
3747,GRA,Granada,esp.granada_cf,12722,709639,1,47.5,13.0,5.0,1.0,0.0,4.0,3.0,8.0,3.0,0.4,1.0,1.0,327.6666666666667,411.3333333333333,0.8333333333333334,0.0,0.0,0.0,97.0,39.5,0.4,2.0,14.5,0.0,0.6,6.0,27.0,27.0,2025-03-30 04:53:40
3842,CAD,Cádiz,esp.cadiz,12722,709644,1,50.3,12.0,0.0,0.0,0.0,7.0,5.0,16.0,6.0,0.4,0.0,0.0,182.5,216.0,0.8500000000000001,0.0,0.0,0.0,26.0,13.5,0.55,3.0,3.0,0.0,0.65,5.0,5.5,5.5,2025-04-08 05:16:22
3747,GRA,Granada,esp.granada_cf,12722,709648,0,40.6,9.0,1.0,0.0,0.0,5.0,7.0,17.0,8.0,0.5,1.0,1.0,327.6666666666667,411.3333333333333,0.8333333333333334,0.0,0.0,0.0,97.0,39.5,0.4,4.0,14.5,0.0,0.6,6.0,27.0,27.0,2025-04-07 04:56:24
6832,ALM,Almería,esp.almeria,12722,709648,1,59.4,9.0,2.0,0.0,0.0,4.0,4.0,21.0,8.0,0.4,0.0,0.0,225.4,270.0,0.8800000000000001,0.0,0.0,0.0,33.5,17.5,0.55,6.0,8.0,0.0,0.6666666666666666,8.0,15.5,15.5,2025-04-07 04:56:24
3747,GRA,Granada,esp.granada_cf,12722,709653,1,52.5,15.0,3.0,0.0,0.0,3.0,5.0,13.0,4.0,0.3,0.0,0.0,327.6666666666667,411.3333333333333,0.8333333333333334,0.0,0.0,0.0,97.0,39.5,0.4,3.0,14.5,0.0,0.6,6.0,27.0,27.0,2025-04-15 05:12:57
6832,ALM,Almería,esp.almeria,12722,709654,0,59.0,13.0,2.0,0.0,0.0,10.0,2.0,28.0,7.0,0.3,0.0,0.0,225.4,270.0,0.8800000000000001,0.0,0.0,0.0,33.5,17.5,0.55,8.0,8.0,0.0,0.6666666666666666,8.0,15.5,15.5,2025-04-15 05:12:57
3842,CAD,Cádiz,esp.cadiz,12722,709655,0,41.2,16.0,4.0,0.0,0.0,4.0,3.0,16.0,7.0,0.4,0.0,0.0,182.5,216.0,0.8500000000000001,0.0,0.0,0.0,26.0,13.5,0.55,3.0,3.0,0.0,0.65,5.0,5.5,5.5,2025-04-15 05:12:57
3842,CAD,Cádiz,esp.cadiz,12722,709664,1,56.7,10.0,1.0,0.0,0.0,2.0,1.0,9.0,2.0,0.2,0.0,0.0,182.5,216.0,0.8500000000000001,0.0,0.0,0.0,26.0,13.5,0.55,3.0,3.0,0.0,0.65,5.0,5.5,5.5,2025-04-20 15:46:12
6832,ALM,Almería,esp.almeria,12722,709665,1,48.8,14.0,4.0,0.0,0.0,3.0,1.0,9.0,3.0,0.3,0.0,0.0,225.4,270.0,0.8800000000000001,0.0,0.0,0.0,33.5,17.5,0.55,3.0,8.0,0.0,0.6666666666666666,8.0,15.5,15.5,2025-04-20 15:46:12
3747,GRA,Granada,esp.granada_cf,12722,709670,1,49.4,13.0,2.0,0.0,0.0,5.0,5.0,17.0,8.0,0.5,0.0,0.0,327.6666666666667,411.3333333333333,0.8333333333333334,0.0,0.0,0.0,97.0,39.5,0.4,3.0,14.5,0.0,0.6,6.0,27.0,27.0,2025-04-21 02:18:28
6832,ALM,Almería,esp.almeria,12722,709676,0,53.9,17.0,2.0,0.0,0.0,6.0,5.0,12.0,4.0,0.3,1.0,1.0,225.4,270.0,0.8800000000000001,0.0,0.0,0.0,33.5,17.5,0.55,3.0,8.0,0.0,0.6666666666666666,8.0,15.5,15.5,2025-05-01 04:53:43
3842,CAD,Cádiz,esp.cadiz,12722,709677,0,40.2,10.0,1.0,0.0,0.0,1.0,3.0,9.0,1.0,0.1,0.0,0.0,182.5,216.0,0.8500000000000001,0.0,0.0,0.0,26.0,13.5,0.55,2.0,3.0,0.0,0.65,5.0,5.5,5.5,2025-04-27 04:56:35
3747,GRA,Granada,esp.granada_cf,12722,709679,0,41.4,14.0,2.0,0.0,0.0,4.0,2.0,13.0,2.0,0.2,0.0,1.0,327.6666666666667,411.3333333333333,0.8333333333333334,0.0,0.0,0.0,97.0,39.5,0.4,7.0,14.5,0.0,0.6,6.0,27.0,27.0,2025-04-28 04:54:05
6832,ALM,Almería,esp.almeria,12722,709686,0,53.3,8.0,1.0,0.0,0.0,4.0,2.0,24.0,10.0,0.4,0.0,0.0,225.4,270.0,0.8800000000000001,0.0,0.0,0.0,33.5,17.5,0.55,4.0,8.0,0.0,0.6666666666666666,8.0,15.5,15.5,2025-05-07 04:53:55
3842,CAD,Cádiz,esp.cadiz,12722,709689,1,33.0,14.0,3.0,1.0,0.0,2.0,7.0,5.0,2.0,0.4,0.0,0.0,182.5,216.0,0.8500000000000001,0.0,0.0,0.0,26.0,13.5,0.55,1.0,3.0,0.0,0.65,5.0,5.5,5.5,2025-05-05 05:00:05
3747,GRA,Granada,esp.granada_cf,12722,709695,1,48.4,21.0,2.0,0.0,0.0,4.0,5.0,7.0,0.0,0.0,0.0,0.0,327.6666666666667,411.3333333333333,0.8333333333333334,0.0,0.0,0.0,97.0,39.5,0.4,2.0,14.5,0.0,0.6,6.0,27.0,27.0,2025-05-05 05:00:05
3842,CAD,Cádiz,esp.cadiz,12722,709699,0,63.8,15.0,5.0,0.0,0.0,9.0,4.0,20.0,3.0,0.2,0.0,0.0,182.5,216.0,0.8500000000000001,0.0,0.0,0.0,26.0,13.5,0.55,4.0,3.0,0.0,0.65,5.0,5.5,5.5,2025-05-12 04:49:54
6832,ALM,Almería,esp.almeria,12722,709699,1,36.2,14.0,4.0,3.0,0.0,6.0,1.0,8.0,4.0,0.5,0.0,0.0,225.4,270.0,0.8800000000000001,0.0,0.0,0.0,33.5,17.5,0.55,1.0,8.0,0.0,0.6666666666666666,8.0,15.5,15.5,2025-05-12 04:49:54
3747,GRA,Granada,esp.granada_cf,12722,709702,0,55.7,10.0,1.0,0.0,0.0,7.0,5.0,16.0,3.0,0.2,0.0,0.0,327.6666666666667,411.3333333333333,0.8333333333333334,0.0,0.0,0.0,97.0,39.5,0.4,5.0,14.5,0.0,0.6,6.0,27.0,27.0,2025-05-14 04:51:09
3747,GRA,Granada,esp.granada_cf,12722,709708,1,54.2,17.0,2.0,0.0,0.0,4.0,1.0,13.0,7.0,0.5,0.0,0.0,327.6666666666667,411.3333333333333,0.8333333333333334,0.0,0.0,0.0,97.0,39.5,0.4,1.0,14.5,0.0,0.6,6.0,27.0,27.0,2025-05-19 04:54:17
3842,CAD,Cádiz,esp.cadiz,12722,709714,1,54.6,11.0,1.0,0.0,0.0,6.0,2.0,9.0,1.0,0.1,0.0,0.0,182.5,216.0,0.8500000000000001,0.0,0.0,0.0,26.0,13.5,0.55,1.0,3.0,0.0,0.65,5.0,5.5,5.5,2025-05-20 04:53:39
6832,ALM,Almería,esp.almeria,12722,709716,0,42.3,20.0,1.0,0.0,0.0,4.0,2.0,18.0,6.0,0.3,0.0,0.0,225.4,270.0,0.8800000000000001,0.0,0.0,0.0,33.5,17.5,0.55,4.0,8.0,0.0,0.6666666666666666,8.0,15.5,15.5,2025-05-20 04:53:39
3842,CAD,Cádiz,esp.cadiz,12722,709719,0,45.2,7.0,0.0,0.0,0.0,3.0,1.0,15.0,5.0,0.3,0.0,0.0,182.5,216.0,0.8500000000000001,0.0,0.0,0.0,26.0,13.5,0.55,6.0,3.0,0.0,0.65,5.0,5.5,5.5,2025-05-27 04:52:03
3747,GRA,Granada,esp.granada_cf,12722,709723,0,55.8,14.0,3.0,0.0,0.0,11.0,2.0,26.0,8.0,0.3,0.0,0.0,327.6666666666667,411.3333333333333,0.8333333333333334,0.0,0.0,0.0,97.0,39.5,0.4,11.0,14.5,0.0,0.6,6.0,27.0,27.0,2025-05-27 04:52:03
6832,ALM,Almería,esp.almeria,12722,709726,1,52.7,16.0,2.0,0.0,0.0,6.0,2.0,12.0,1.0,0.1,0.0,0.0,225.4,270.0,0.8800000000000001,0.0,0.0,0.0,33.5,17.5,0.55,6.0,8.0,0.0,0.6666666666666666,8.0,15.5,15.5,2025-05-26 04:52:38
6832,ALM,Almería,esp.almeria,12722,709730,0,43.0,9.0,1.0,0.0,0.0,2.0,4.0,15.0,8.0,0.5,0.0,0.0,225.4,270.0,0.8800000000000001,0.0,0.0,0.0,33.5,17.5,0.55,3.0,8.0,0.0,0.6666666666666666,8.0,15.5,15.5,2025-06-03 04:50:27
3747,GRA,Granada,esp.granada_cf,12722,709739,1,54.8,16.0,4.0,1.0,0.0,1.0,8.0,4.0,3.0,0.8,0.0,0.0,327.6666666666667,411.3333333333333,0.8333333333333334,0.0,0.0,0.0,97.0,39.5,0.4,0.0,14.5,0.0,0.6,6.0,27.0,27.0,2025-06-02 04:53:23
3842,CAD,Cádiz,esp.cadiz,12722,709740,1,48.4,8.0,1.0,0.0,0.0,3.0,5.0,10.0,5.0,0.5,0.0,0.0,182.5,216.0,0.8500000000000001,0.0,0.0,0.0,26.0,13.5,0.55,3.0,3.0,0.0,0.65,5.0,5.5,5.5,2025-06-03 04:50:27
121,BOC,VfL Bochum,ger.vfl_bochum,12747,711437,1,37.2,16.0,3.0,0.0,2.0,3.0,2.0,10.0,4.0,0.4,0.0,0.0,213.0,301.0,0.7,1.0,11.0,0.1,62.0,24.0,0.4,6.0,11.0,17.0,0.6,6.0,22.0,22.0,2024-08-26 04:18:56
121,BOC,VfL Bochum,ger.vfl_bochum,12747,711445,0,38.5,9.0,1.0,0.0,1.0,3.0,3.0,15.0,4.0,0.3,0.0,0.0,267.0,355.0,0.8,9.0,19.0,0.5,51.0,23.0,0.5,3.0,10.0,13.0,0.8,4.0,28.0,28.0,2024-09-01 04:22:05
121,BOC,VfL Bochum,ger.vfl_bochum,12747,711456,1,45.8,16.0,3.0,0.0,2.0,6.0,6.0,13.0,3.0,0.2,0.0,0.0,275.0,375.0,0.7,3.0,14.0,0.2,72.0,32.0,0.4,4.0,9.0,12.0,0.8,11.0,23.0,23.0,2024-09-16 04:15:44
121,BOC,VfL Bochum,ger.vfl_bochum,12747,711464,0,44.4,19.0,4.0,0.0,0.0,2.0,2.0,14.0,3.0,0.2,0.0,0.0,255.0,345.0,0.7,6.0,16.0,0.4,65.0,25.0,0.4,4.0,7.0,8.0,0.9,14.0,26.0,26.0,2024-10-14 06:59:34
121,BOC,VfL Bochum,ger.vfl_bochum,12747,711469,1,33.8,9.0,0.0,0.0,3.0,0.0,4.0,10.0,5.0,0.5,0.0,0.0,206.0,285.0,0.7,2.0,11.0,0.2,56.0,22.0,0.4,2.0,15.0,20.0,0.8,9.0,24.0,24.0,2024-10-14 06:59:34
121,BOC,VfL Bochum,ger.vfl_bochum,12747,711477,0,57.7,11.0,1.0,0.0,5.0,7.0,2.0,18.0,5.0,0.3,0.0,0.0,310.0,406.0,0.8,5.0,29.0,0.2,68.0,32.0,0.5,8.0,10.0,14.0,0.7,8.0,11.0,11.0,2024-10-14 06:59:34
121,BOC,VfL Bochum,ger.vfl_bochum,12747,711487,1,50.0,12.0,1.0,0.0,0.0,2.0,4.0,13.0,4.0,0.3,0.0,1.0,327.0,419.0,0.8,4.0,10.0,0.4,65.0,34.0,0.5,4.0,11.0,16.0,0.7,4.0,22.0,22.0,2024-10-20 11:04:39
121,BOC,VfL Bochum,ger.vfl_bochum,12747,711499,0,27.5,15.0,1.0,0.0,3.0,2.0,5.0,6.0,2.0,0.3,0.0,0.0,188.0,274.0,0.7,1.0,10.0,0.1,65.0,24.0,0.4,1.0,10.0,17.0,0.6,8.0,18.0,18.0,2024-10-29 05:18:18
121,BOC,VfL Bochum,ger.vfl_bochum,12747,711511,1,35.3,15.0,2.0,0.0,1.0,2.0,2.0,11.0,8.0,0.7,0.0,0.0,223.0,310.0,0.7,5.0,17.0,0.3,69.0,33.0,0.5,0.0,16.0,26.0,0.6,5.0,27.0,27.0,2024-11-03 13:39:59
121,BOC,VfL Bochum,ger.vfl_bochum,12747,711517,0,29.1,10.0,0.0,0.0,1.0,6.0,3.0,15.0,3.0,0.2,0.0,0.0,215.0,281.0,0.8,4.0,22.0,0.2,58.0,30.0,0.5,6.0,3.0,9.0,0.3,11.0,25.0,25.0,2024-11-11 06:17:44
121,BOC,VfL Bochum,ger.vfl_bochum,12747,711529,1,42.2,16.0,3.0,0.0,1.0,4.0,2.0,9.0,2.0,0.2,0.0,0.0,345.0,420.0,0.8,5.0,23.0,0.2,66.0,38.0,0.6,1.0,11.0,21.0,0.5,12.0,17.0,17.0,2024-11-24 15:57:29
121,BOC,VfL Bochum,ger.vfl_bochum,12747,711536,1,46.8,22.0,3.0,0.0,0.0,1.0,3.0,7.0,1.0,0.1,0.0,0.0,286.0,399.0,0.7,1.0,12.0,0.1,77.0,35.0,0.5,1.0,8.0,13.0,0.6,15.0,13.0,13.0,2024-12-02 05:58:43
121,BOC,VfL Bochum,ger.vfl_bochum,12747,711546,0,51.8,12.0,1.0,0.0,1.0,9.0,0.0,12.0,2.0,0.2,0.0,0.0,347.0,446.0,0.8,5.0,42.0,0.1,59.0,22.0,0.4,3.0,11.0,16.0,0.7,6.0,11.0,11.0,2024-12-10 05:55:59
121,BOC,VfL Bochum,ger.vfl_bochum,12747,711556,1,30.5,9.0,2.0,1.0,0.0,6.0,4.0,13.0,3.0,0.2,0.0,0.0,143.0,234.0,0.6,3.0,17.0,0.2,68.0,20.0,0.3,6.0,12.0,22.0,0.5,7.0,39.0,39.0,2024-12-15 05:56:47
121,BOC,VfL Bochum,ger.vfl_bochum,12747,711560,0,51.2,18.0,2.0,0.0,2.0,5.0,2.0,14.0,4.0,0.3,0.0,0.0,302.0,412.0,0.7,6.0,21.0,0.3,65.0,29.0,0.4,5.0,7.0,12.0,0.6,5.0,17.0,17.0,2024-12-23 05:53:33
121,BOC,VfL Bochum,ger.vfl_bochum,12747,711571,1,41.9,16.0,2.0,0.0,1.0,6.0,3.0,11.0,2.0,0.2,0.0,0.0,250.0,373.0,0.7,5.0,20.0,0.3,65.0,22.0,0.3,6.0,10.0,19.0,0.5,13.0,24.0,24.0,2025-01-12 05:35:25
121,BOC,VfL Bochum,ger.vfl_bochum,12747,711577,0,50.8,7.0,1.0,0.0,3.0,6.0,1.0,13.0,5.0,0.4,0.0,0.0,272.0,380.0,0.7,6.0,21.0,0.3,75.0,34.0,0.5,4.0,11.0,20.0,0.6,13.0,26.0,26.0,2025-01-16 05:38:59
121,BOC,VfL Bochum,ger.vfl_bochum,12747,711593,0,44.9,14.0,4.0,0.0,5.0,6.0,0.0,14.0,3.0,0.2,1.0,1.0,265.0,374.0,0.7,7.0,30.0,0.2,60.0,24.0,0.4,5.0,17.0,23.0,0.7,11.0,26.0,26.0,2025-01-20 14:35:18
121,BOC,VfL Bochum,ger.vfl_bochum,12747,711595,1,42.7,15.0,3.0,0.0,0.0,7.0,3.0,10.0,4.0,0.4,0.0,0.0,279.0,359.0,0.8,3.0,16.0,0.2,39.0,16.0,0.4,3.0,9.0,18.0,0.5,8.0,29.0,29.0,2025-01-28 15:08:56
121,BOC,VfL Bochum,ger.vfl_bochum,12747,711608,0,58.1,15.0,3.0,0.0,1.0,9.0,3.0,22.0,4.0,0.2,0.0,0.0,345.0,436.0,0.8,5.0,23.0,0.2,67.0,40.0,0.6,6.0,17.0,24.0,0.7,5.0,24.0,24.0,2025-02-02 14:50:29
121,BOC,VfL Bochum,ger.vfl_bochum,12747,711619,1,51.5,16.0,2.0,0.0,0.0,5.0,1.0,20.0,5.0,0.3,0.0,0.0,262.0,380.0,0.7,10.0,34.0,0.3,73.0,26.0,0.4,7.0,6.0,16.0,0.4,8.0,25.0,25.0,2025-02-11 05:48:04
121,BOC,VfL Bochum,ger.vfl_bochum,12747,711621,0,30.8,12.0,1.0,0.0,1.0,2.0,2.0,18.0,9.0,0.5,0.0,0.0,222.0,301.0,0.7,2.0,11.0,0.2,69.0,30.0,0.4,3.0,14.0,22.0,0.6,10.0,53.0,53.0,2025-02-17 05:53:03
121,BOC,VfL Bochum,ger.vfl_bochum,12747,711634,1,45.1,15.0,3.0,0.0,1.0,5.0,5.0,11.0,5.0,0.5,0.0,0.0,291.0,379.0,0.8,7.0,18.0,0.4,71.0,32.0,0.5,3.0,9.0,19.0,0.5,11.0,22.0,22.0,2025-02-23 05:50:57
121,BOC,VfL Bochum,ger.vfl_bochum,12747,711643,0,57.5,16.0,0.0,0.0,1.0,8.0,1.0,12.0,3.0,0.3,0.0,0.0,277.0,383.0,0.7,15.0,31.0,0.5,85.0,49.0,0.6,4.0,9.0,19.0,0.5,7.0,41.0,41.0,2025-03-02 05:50:45
121,BOC,VfL Bochum,ger.vfl_bochum,12747,711651,1,26.2,14.0,6.0,0.0,1.0,3.0,3.0,8.0,5.0,0.6,0.0,0.0,182.0,258.0,0.7,2.0,9.0,0.2,64.0,22.0,0.3,2.0,19.0,28.0,0.7,11.0,29.0,29.0,2025-03-09 05:48:56
121,BOC,VfL Bochum,ger.vfl_bochum,12747,711659,0,50.3,7.0,4.0,0.0,7.0,8.0,4.0,17.0,7.0,0.4,0.0,0.0,325.0,419.0,0.8,8.0,28.0,0.3,78.0,43.0,0.6,3.0,8.0,15.0,0.5,7.0,20.0,20.0,2025-03-17 04:47:52
121,BOC,VfL Bochum,ger.vfl_bochum,12747,711666,1,34.3,13.0,1.0,0.0,2.0,2.0,2.0,8.0,3.0,0.4,0.0,0.0,270.0,356.0,0.8,3.0,11.0,0.3,59.0,24.0,0.4,1.0,12.0,22.0,0.5,13.0,35.0,35.0,2025-03-29 04:53:12
121,BOC,VfL Bochum,ger.vfl_bochum,12747,711679,0,54.3,17.0,1.0,0.0,2.0,2.0,2.0,11.0,2.0,0.2,0.0,0.0,401.0,491.0,0.8,8.0,14.0,0.6,54.0,16.0,0.3,5.0,6.0,18.0,0.3,10.0,21.0,21.0,2025-04-06 04:54:38
121,BOC,VfL Bochum,ger.vfl_bochum,12747,711684,0,53.0,14.0,2.0,0.0,3.0,7.0,2.0,25.0,9.0,0.4,0.0,0.0,334.0,427.0,0.8,12.0,29.0,0.4,67.0,31.0,0.5,5.0,11.0,18.0,0.6,5.0,31.0,31.0,2025-04-13 05:20:15
121,BOC,VfL Bochum,ger.vfl_bochum,12747,711695,1,52.0,20.0,2.0,1.0,0.0,7.0,3.0,12.0,1.0,0.1,0.0,0.0,285.0,408.0,0.7,4.0,24.0,0.2,83.0,27.0,0.3,7.0,8.0,12.0,0.7,12.0,24.0,24.0,2025-04-20 15:46:12
121,BOC,VfL Bochum,ger.vfl_bochum,12747,711703,0,66.1,11.0,3.0,0.0,5.0,10.0,1.0,10.0,4.0,0.4,0.0,1.0,413.0,509.0,0.8,1.0,30.0,0.0,62.0,31.0,0.5,3.0,7.0,14.0,0.5,6.0,23.0,23.0,2025-04-28 04:54:05
121,BOC,VfL Bochum,ger.vfl_bochum,12747,711714,1,54.1,14.0,1.0,0.0,2.0,4.0,3.0,14.0,3.0,0.2,0.0,0.0,334.0,444.0,0.8,4.0,27.0,0.1,71.0,30.0,0.4,4.0,11.0,17.0,0.6,4.0,30.0,30.0,2025-05-05 05:00:05
121,BOC,VfL Bochum,ger.vfl_bochum,12747,711726,0,43.6,9.0,3.0,0.0,2.0,6.0,3.0,11.0,6.0,0.5,0.0,0.0,242.0,338.0,0.7,4.0,21.0,0.2,57.0,24.0,0.4,2.0,13.0,19.0,0.7,10.0,36.0,36.0,2025-05-12 04:49:54
121,BOC,VfL Bochum,ger.vfl_bochum,12747,711735,1,42.2,11.0,0.0,0.0,4.0,4.0,2.0,9.0,6.0,0.7,0.0,0.0,317.0,406.0,0.8,3.0,8.0,0.4,63.0,26.0,0.4,0.0,12.0,21.0,0.6,5.0,28.0,28.0,2025-05-19 04:54:17
122,KOE,FC Cologne,ger.1_fc_kln,12749,711807,0,59.6,17.0,2.0,0.0,0.0,6.0,4.0,28.0,3.0,0.1,0.0,0.0,359.4117647058824,440.11764705882354,0.8176470588235295,0.0,0.0,0.0,59.76470588235294,27.0,0.45882352941176474,11.0,9.647058823529411,0.0,0.6588235294117647,9.588235294117647,29.58823529411765,29.58823529411765,2024-08-04 08:14:13
122,KOE,FC Cologne,ger.1_fc_kln,12749,711824,1,55.7,13.0,2.0,0.0,0.0,13.0,2.0,23.0,9.0,0.4,0.0,0.0,359.4117647058824,440.11764705882354,0.8176470588235295,0.0,0.0,0.0,59.76470588235294,27.0,0.45882352941176474,10.0,9.647058823529411,0.0,0.6588235294117647,9.588235294117647,29.58823529411765,29.58823529411765,2024-08-12 08:14:55
122,KOE,FC Cologne,ger.1_fc_kln,12749,711825,0,61.6,14.0,2.0,0.0,0.0,8.0,3.0,24.0,13.0,0.5,0.0,0.0,359.4117647058824,440.11764705882354,0.8176470588235295,0.0,0.0,0.0,59.76470588235294,27.0,0.45882352941176474,4.0,9.647058823529411,0.0,0.6588235294117647,9.588235294117647,29.58823529411765,29.58823529411765,2024-08-29 04:18:20
122,KOE,FC Cologne,ger.1_fc_kln,12749,711837,1,41.3,15.0,4.0,0.0,0.0,3.0,4.0,11.0,5.0,0.5,0.0,0.0,359.4117647058824,440.11764705882354,0.8176470588235295,0.0,0.0,0.0,59.76470588235294,27.0,0.45882352941176474,2.0,9.647058823529411,0.0,0.6588235294117647,9.588235294117647,29.58823529411765,29.58823529411765,2024-09-06 04:21:43
122,KOE,FC Cologne,ger.1_fc_kln,12749,711843,0,48.6,13.0,4.0,0.0,0.0,10.0,2.0,34.0,13.0,0.4,0.0,0.0,359.4117647058824,440.11764705882354,0.8176470588235295,0.0,0.0,0.0,59.76470588235294,27.0,0.45882352941176474,14.0,9.647058823529411,0.0,0.6588235294117647,9.588235294117647,29.58823529411765,29.58823529411765,2024-09-18 04:16:52
122,KOE,FC Cologne,ger.1_fc_kln,12749,711857,1,47.5,11.0,3.0,0.0,0.0,8.0,3.0,24.0,14.0,0.6,0.0,0.0,359.4117647058824,440.11764705882354,0.8176470588235295,0.0,0.0,0.0,59.76470588235294,27.0,0.45882352941176474,2.0,9.647058823529411,0.0,0.6588235294117647,9.588235294117647,29.58823529411765,29.58823529411765,2024-10-14 06:59:34
122,KOE,FC Cologne,ger.1_fc_kln,12749,711861,0,51.5,8.0,0.0,0.0,0.0,3.0,3.0,17.0,5.0,0.3,0.0,0.0,359.4117647058824,440.11764705882354,0.8176470588235295,0.0,0.0,0.0,59.76470588235294,27.0,0.45882352941176474,6.0,9.647058823529411,0.0,0.6588235294117647,9.588235294117647,29.58823529411765,29.58823529411765,2024-10-14 06:59:34
122,KOE,FC Cologne,ger.1_fc_kln,12749,711873,0,58.1,15.0,4.0,0.0,0.0,7.0,0.0,22.0,4.0,0.2,0.0,0.0,359.4117647058824,440.11764705882354,0.8176470588235295,0.0,0.0,0.0,59.76470588235294,27.0,0.45882352941176474,9.0,9.647058823529411,0.0,0.6588235294117647,9.588235294117647,29.58823529411765,29.58823529411765,2024-10-14 06:59:34
122,KOE,FC Cologne,ger.1_fc_kln,12749,711886,1,60.7,9.0,3.0,0.0,0.0,6.0,1.0,18.0,5.0,0.3,0.0,0.0,359.4117647058824,440.11764705882354,0.8176470588235295,0.0,0.0,0.0,59.76470588235294,27.0,0.45882352941176474,6.0,9.647058823529411,0.0,0.6588235294117647,9.588235294117647,29.58823529411765,29.58823529411765,2024-10-22 23:19:35
122,KOE,FC Cologne,ger.1_fc_kln,12749,711888,0,40.9,6.0,1.0,0.0,0.0,6.0,2.0,13.0,2.0,0.2,0.0,0.0,359.4117647058824,440.11764705882354,0.8176470588235295,0.0,0.0,0.0,59.76470588235294,27.0,0.45882352941176474,7.0,9.647058823529411,0.0,0.6588235294117647,9.588235294117647,29.58823529411765,29.58823529411765,2024-10-29 05:18:18
122,KOE,FC Cologne,ger.1_fc_kln,12749,711901,1,52.9,16.0,2.0,0.0,0.0,3.0,4.0,11.0,2.0,0.2,0.0,0.0,359.4117647058824,440.11764705882354,0.8176470588235295,0.0,0.0,0.0,59.76470588235294,27.0,0.45882352941176474,4.0,9.647058823529411,0.0,0.6588235294117647,9.588235294117647,29.58823529411765,29.58823529411765,2024-11-07 06:19:29
122,KOE,FC Cologne,ger.1_fc_kln,12749,711906,0,71.8,9.0,2.0,0.0,0.0,10.0,1.0,23.0,1.0,0.0,0.0,0.0,359.4117647058824,440.11764705882354,0.8176470588235295,0.0,0.0,0.0,59.76470588235294,27.0,0.45882352941176474,8.0,9.647058823529411,0.0,0.6588235294117647,9.588235294117647,29.58823529411765,29.58823529411765,2024-11-10 06:19:29
122,KOE,FC Cologne,ger.1_fc_kln,12749,711921,1,55.3,7.0,1.0,0.0,0.0,5.0,1.0,11.0,4.0,0.4,0.0,0.0,359.4117647058824,440.11764705882354,0.8176470588235295,0.0,0.0,0.0,59.76470588235294,27.0,0.45882352941176474,4.0,9.647058823529411,0.0,0.6588235294117647,9.588235294117647,29.58823529411765,29.58823529411765,2024-11-24 15:57:29
122,KOE,FC Cologne,ger.1_fc_kln,12749,711924,0,69.5,15.0,1.0,0.0,0.0,10.0,1.0,15.0,3.0,0.2,0.0,0.0,359.4117647058824,440.11764705882354,0.8176470588235295,0.0,0.0,0.0,59.76470588235294,27.0,0.45882352941176474,6.0,9.647058823529411,0.0,0.6588235294117647,9.588235294117647,29.58823529411765,29.58823529411765,2024-12-02 05:58:43
122,KOE,FC Cologne,ger.1_fc_kln,12749,711935,1,59.4,17.0,3.0,0.0,0.0,6.0,2.0,13.0,3.0,0.2,0.0,1.0,359.4117647058824,440.11764705882354,0.8176470588235295,0.0,0.0,0.0,59.76470588235294,27.0,0.45882352941176474,3.0,9.647058823529411,0.0,0.6588235294117647,9.588235294117647,29.58823529411765,29.58823529411765,2024-12-11 05:55:27
122,KOE,FC Cologne,ger.1_fc_kln,12749,711950,0,44.8,13.0,4.0,0.0,0.0,3.0,2.0,15.0,5.0,0.3,1.0,1.0,359.4117647058824,440.11764705882354,0.8176470588235295,0.0,0.0,0.0,59.76470588235294,27.0,0.45882352941176474,7.0,9.647058823529411,0.0,0.6588235294117647,9.588235294117647,29.58823529411765,29.58823529411765,2024-12-18 06:02:10
122,KOE,FC Cologne,ger.1_fc_kln,12749,711953,1,32.7,10.0,3.0,0.0,0.0,5.0,4.0,10.0,6.0,0.6,0.0,0.0,359.4117647058824,440.11764705882354,0.8176470588235295,0.0,0.0,0.0,59.76470588235294,27.0,0.45882352941176474,1.0,9.647058823529411,0.0,0.6588235294117647,9.588235294117647,29.58823529411765,29.58823529411765,2024-12-25 05:47:26
122,KOE,FC Cologne,ger.1_fc_kln,12749,711966,1,51.7,16.0,4.0,0.0,0.0,6.0,5.0,7.0,1.0,0.1,0.0,0.0,359.4117647058824,440.11764705882354,0.8176470588235295,0.0,0.0,0.0,59.76470588235294,27.0,0.45882352941176474,4.0,9.647058823529411,0.0,0.6588235294117647,9.588235294117647,29.58823529411765,29.58823529411765,2025-01-21 05:32:24
122,KOE,FC Cologne,ger.1_fc_kln,12749,711969,0,47.1,14.0,1.0,0.0,0.0,6.0,1.0,14.0,3.0,0.2,0.0,0.0,359.4117647058824,440.11764705882354,0.8176470588235295,0.0,0.0,0.0,59.76470588235294,27.0,0.45882352941176474,3.0,9.647058823529411,0.0,0.6588235294117647,9.588235294117647,29.58823529411765,29.58823529411765,2025-01-28 15:08:56
122,KOE,FC Cologne,ger.1_fc_kln,12749,711986,1,43.3,8.0,2.0,0.0,0.0,4.0,3.0,14.0,6.0,0.4,0.0,0.0,359.4117647058824,440.11764705882354,0.8176470588235295,0.0,0.0,0.0,59.76470588235294,27.0,0.45882352941176474,1.0,9.647058823529411,0.0,0.6588235294117647,9.588235294117647,29.58823529411765,29.58823529411765,2025-02-01 14:50:29
122,KOE,FC Cologne,ger.1_fc_kln,12749,711990,0,36.8,14.0,3.0,0.0,0.0,4.0,2.0,12.0,3.0,0.3,0.0,0.0,359.4117647058824,440.11764705882354,0.8176470588235295,0.0,0.0,0.0,59.76470588235294,27.0,0.45882352941176474,4.0,9.647058823529411,0.0,0.6588235294117647,9.588235294117647,29.58823529411765,29.58823529411765,2025-02-12 05:47:15
122,KOE,FC Cologne,ger.1_fc_kln,12749,712003,1,54.1,11.0,2.0,0.0,0.0,14.0,2.0,13.0,5.0,0.4,0.0,0.0,359.4117647058824,440.11764705882354,0.8176470588235295,0.0,0.0,0.0,59.76470588235294,27.0,0.45882352941176474,5.0,9.647058823529411,0.0,0.6588235294117647,9.588235294117647,29.58823529411765,29.58823529411765,2025-02-17 05:53:03
122,KOE,FC Cologne,ger.1_fc_kln,12749,712005,0,57.1,13.0,2.0,0.0,0.0,7.0,1.0,16.0,4.0,0.3,0.0,0.0,359.4117647058824,440.11764705882354,0.8176470588235295,0.0,0.0,0.0,59.76470588235294,27.0,0.45882352941176474,4.0,9.647058823529411,0.0,0.6588235294117647,9.588235294117647,29.58823529411765,29.58823529411765,2025-02-26 05:48:02
122,KOE,FC Cologne,ger.1_fc_kln,12749,712020,1,56.3,15.0,3.0,0.0,0.0,2.0,1.0,11.0,5.0,0.5,0.0,0.0,359.4117647058824,440.11764705882354,0.8176470588235295,0.0,0.0,0.0,59.76470588235294,27.0,0.45882352941176474,3.0,9.647058823529411,0.0,0.6588235294117647,9.588235294117647,29.58823529411765,29.58823529411765,2025-03-02 05:50:45
122,KOE,FC Cologne,ger.1_fc_kln,12749,712029,1,54.5,11.0,1.0,0.0,0.0,7.0,1.0,13.0,3.0,0.2,0.0,0.0,359.4117647058824,440.11764705882354,0.8176470588235295,0.0,0.0,0.0,59.76470588235294,27.0,0.45882352941176474,3.0,9.647058823529411,0.0,0.6588235294117647,9.588235294117647,29.58823529411765,29.58823529411765,2025-03-13 04:48:46
122,KOE,FC Cologne,ger.1_fc_kln,12749,712032,0,60.4,13.0,1.0,0.0,0.0,6.0,4.0,20.0,7.0,0.4,1.0,1.0,359.4117647058824,440.11764705882354,0.8176470588235295,0.0,0.0,0.0,59.76470588235294,27.0,0.45882352941176474,5.0,9.647058823529411,0.0,0.6588235294117647,9.588235294117647,29.58823529411765,29.58823529411765,2025-03-19 04:52:15
122,KOE,FC Cologne,ger.1_fc_kln,12749,712045,1,51.4,12.0,1.0,0.0,0.0,6.0,7.0,18.0,7.0,0.4,0.0,0.0,359.4117647058824,440.11764705882354,0.8176470588235295,0.0,0.0,0.0,59.76470588235294,27.0,0.45882352941176474,6.0,9.647058823529411,0.0,0.6588235294117647,9.588235294117647,29.58823529411765,29.58823529411765,2025-04-02 04:55:51
122,KOE,FC Cologne,ger.1_fc_kln,12749,712050,0,60.3,11.0,1.0,0.0,0.0,7.0,5.0,15.0,4.0,0.3,0.0,0.0,359.4117647058824,440.11764705882354,0.8176470588235295,0.0,0.0,0.0,59.76470588235294,27.0,0.45882352941176474,6.0,9.647058823529411,0.0,0.6588235294117647,9.588235294117647,29.58823529411765,29.58823529411765,2025-04-09 05:11:02
122,KOE,FC Cologne,ger.1_fc_kln,12749,712067,1,53.1,15.0,6.0,0.0,0.0,5.0,6.0,14.0,5.0,0.4,1.0,1.0,359.4117647058824,440.11764705882354,0.8176470588235295,0.0,0.0,0.0,59.76470588235294,27.0,0.45882352941176474,2.0,9.647058823529411,0.0,0.6588235294117647,9.588235294117647,29.58823529411765,29.58823529411765,2025-04-15 05:12:57
122,KOE,FC Cologne,ger.1_fc_kln,12749,712068,0,57.4,15.0,1.0,0.0,0.0,5.0,4.0,18.0,7.0,0.4,1.0,1.0,359.4117647058824,440.11764705882354,0.8176470588235295,0.0,0.0,0.0,59.76470588235294,27.0,0.45882352941176474,5.0,9.647058823529411,0.0,0.6588235294117647,9.588235294117647,29.58823529411765,29.58823529411765,2025-04-23 05:00:03
122,KOE,FC Cologne,ger.1_fc_kln,12749,712080,1,47.3,15.0,2.0,1.0,0.0,5.0,4.0,10.0,1.0,0.1,0.0,0.0,359.4117647058824,440.11764705882354,0.8176470588235295,0.0,0.0,0.0,59.76470588235294,27.0,0.45882352941176474,4.0,9.647058823529411,0.0,0.6588235294117647,9.588235294117647,29.58823529411765,29.58823529411765,2025-05-02 04:51:39
122,KOE,FC Cologne,ger.1_fc_kln,12749,712094,0,67.3,9.0,0.0,0.0,0.0,8.0,3.0,22.0,5.0,0.2,0.0,0.0,359.4117647058824,440.11764705882354,0.8176470588235295,0.0,0.0,0.0,59.76470588235294,27.0,0.45882352941176474,7.0,9.647058823529411,0.0,0.6588235294117647,9.588235294117647,29.58823529411765,29.58823529411765,2025-05-07 04:53:55
122,KOE,FC Cologne,ger.1_fc_kln,12749,712101,1,51.6,7.0,1.0,0.0,0.0,8.0,0.0,23.0,4.0,0.2,0.0,0.0,359.4117647058824,440.11764705882354,0.8176470588235295,0.0,0.0,0.0,59.76470588235294,27.0,0.45882352941176474,7.0,9.647058823529411,0.0,0.6588235294117647,9.588235294117647,29.58823529411765,29.58823529411765,2025-05-12 04:49:54
122,KOE,FC Cologne,ger.1_fc_kln,12749,712110,0,41.0,10.0,0.0,0.0,0.0,6.0,5.0,22.0,11.0,0.5,0.0,1.0,359.4117647058824,440.11764705882354,0.8176470588235295,0.0,0.0,0.0,59.76470588235294,27.0,0.45882352941176474,4.0,9.647058823529411,0.0,0.6588235294117647,9.588235294117647,29.58823529411765,29.58823529411765,2025-06-11 04:56:59
393,NFO,Nottingham Forest,eng.nottm_forest,12732,718809,0,41.7,13.0,5.0,0.0,0.0,3.0,6.0,12.0,3.0,0.3,0.0,0.0,290.0,354.0,0.8,6.0,25.0,0.2,39.0,13.0,0.3,5.0,11.0,17.0,0.6,8.0,12.0,12.0,2024-09-01 04:20:04
379,BUR,Burnley,eng.burnley,12732,718814,1,49.8,11.0,1.0,0.0,0.0,0.0,4.0,3.0,0.0,0.0,0.0,0.0,431.0,499.0,0.9,2.0,14.0,0.1,48.0,20.0,0.4,2.0,8.0,15.0,0.5,6.0,12.0,12.0,2024-08-31 04:22:06
301,LTN,Luton Town,eng.luton,12732,718815,1,49.6,14.0,2.0,0.0,4.0,12.0,6.0,21.0,7.0,0.3,0.0,0.0,362.0,424.0,0.9,7.0,29.0,0.2,58.0,31.0,0.5,8.0,6.0,11.0,0.5,8.0,12.0,12.0,2024-08-30 04:22:23
398,SHU,Sheffield United,eng.sheff_utd,12732,718817,1,65.0,6.0,1.0,0.0,0.0,7.0,1.0,18.0,4.0,0.2,0.0,0.0,472.0,564.0,0.8,0.0,13.0,0.0,60.0,23.0,0.4,6.0,5.0,9.0,0.6,7.0,22.0,22.0,2024-08-30 04:22:16
122,KOE,FC Cologne,ger.1_fc_kln,12611,720724,0,41.3,15.0,3.0,0.0,5.0,3.0,3.0,12.0,6.0,0.5,0.0,0.0,289.0,373.0,0.8,4.0,14.0,0.3,60.0,26.0,0.4,4.0,11.0,25.0,0.4,10.0,28.0,28.0,2024-10-31 05:20:32
3842,CAD,Cádiz,esp.cadiz,12922,722240,1,54.5,13.0,2.0,0.0,5.0,9.0,4.0,19.0,6.0,0.3,0.0,0.0,300.0,356.0,0.8,6.0,27.0,0.2,41.0,20.0,0.5,5.0,3.0,4.0,0.8,7.0,10.0,10.0,2024-10-31 05:20:32
6832,ALM,Almería,esp.almeria,12922,722241,1,50.0,13.0,3.0,0.0,0.0,0.0,0.0,2.0,2.0,1.0,0.0,0.0,1.0,1.0,1.0,0.0,0.0,0.0,33.5,17.5,0.55,0.0,8.0,0.0,0.6666666666666666,8.0,15.5,15.5,2024-10-31 05:20:32
3747,GRA,Granada,esp.granada_cf,12922,722269,1,100.0,13.0,1.0,0.0,0.0,0.0,0.0,1.0,1.0,1.0,0.0,0.0,1.0,1.0,1.0,0.0,0.0,0.0,97.0,39.5,0.4,0.0,14.5,0.0,0.6,6.0,27.0,27.0,2024-10-31 05:20:32
122,KOE,FC Cologne,ger.1_fc_kln,12610,723152,0,60.7,13.0,4.0,0.0,1.0,11.0,2.0,28.0,4.0,0.1,1.0,1.0,605.0,700.0,0.9,13.0,48.0,0.3,68.0,39.0,0.6,10.0,15.0,16.0,0.9,16.0,21.0,21.0,2024-12-05 05:59:35
3842,CAD,Cádiz,esp.cadiz,12921,723889,0,55.3,3.0,2.0,1.0,0.0,2.0,0.0,2.0,1.0,0.5,0.0,0.0,65.0,76.0,0.9,0.0,2.0,0.0,11.0,7.0,0.6,0.0,3.0,6.0,0.5,3.0,1.0,1.0,2024-12-05 05:59:35
3747,GRA,Granada,esp.granada_cf,12921,723902,1,58.5,21.0,5.0,0.0,1.0,5.0,5.0,11.0,4.0,0.4,0.0,0.0,583.0,694.0,0.8,7.0,25.0,0.3,90.0,38.0,0.4,0.0,14.0,19.0,0.7,6.0,16.0,16.0,2024-12-04 06:02:00
6832,ALM,Almería,esp.almeria,12921,723909,1,58.6,5.0,2.0,0.0,0.0,1.0,1.0,3.0,2.0,0.7,0.0,0.0,96.0,110.0,0.9,0.0,2.0,0.0,9.0,6.0,0.7,1.0,8.0,2.0,0.6666666666666666,1.0,3.0,3.0,2024-12-05 05:59:35
393,NFO,Nottingham Forest,eng.nottm_forest,12986,724003,0,45.1,11.0,0.0,0.0,2.0,8.0,6.0,11.0,3.0,0.3,0.0,0.0,333.0,420.0,0.8,1.0,13.0,0.1,55.0,24.0,0.4,3.0,8.0,17.0,0.5,9.0,19.0,19.0,2025-01-12 05:35:25
301,LTN,Luton Town,eng.luton,12986,724003,1,54.9,6.0,0.0,0.0,0.0,5.0,1.0,8.0,6.0,0.8,0.0,0.0,427.0,512.0,0.8,4.0,16.0,0.3,51.0,28.0,0.5,0.0,9.0,13.0,0.7,7.0,27.0,27.0,2025-01-12 05:35:25
379,BUR,Burnley,eng.burnley,12986,724005,1,59.0,8.0,1.0,0.0,4.0,8.0,2.0,20.0,7.0,0.4,0.0,0.0,381.0,462.0,0.8,8.0,8.0,1.0,1.0,1.0,1.0,3.0,9.0,0.0,0.6,7.0,25.0,25.0,2025-01-12 05:35:25
398,SHU,Sheffield United,eng.sheff_utd,12986,724006,0,60.8,10.0,0.0,0.0,2.0,5.0,3.0,16.0,7.0,0.4,0.0,0.0,412.0,480.0,0.9,1.0,19.0,0.1,48.0,25.0,0.5,5.0,10.0,15.0,0.7,12.0,13.0,13.0,2025-01-12 05:35:25
3171,CLE,Clermont Foot,fra.clermont_foot,13016,724045,1,49.0,9.0,1.0,1.0,3.0,4.0,3.0,16.0,7.0,0.4,0.0,0.0,346.0,412.0,0.8,7.0,22.0,0.3,47.0,22.0,0.5,3.0,11.0,13.0,0.8,18.0,32.0,32.0,2024-12-23 05:53:33
3747,GRA,Granada,esp.granada_cf,12920,724689,0,54.1,18.0,5.0,0.0,3.0,11.0,3.0,11.0,3.0,0.3,0.0,0.0,399.0,539.0,0.7,5.0,47.0,0.1,104.0,41.0,0.4,1.0,15.0,28.0,0.5,6.0,38.0,38.0,2025-01-04 05:44:27
6832,ALM,Almería,esp.almeria,12920,724694,0,48.1,10.0,3.0,0.0,1.0,2.0,2.0,14.0,6.0,0.4,1.0,1.0,335.0,414.0,0.8,1.0,11.0,0.1,46.0,16.0,0.3,4.0,11.0,14.0,0.8,12.0,30.0,30.0,2025-01-05 05:43:24
122,KOE,FC Cologne,ger.1_fc_kln,12609,725026,1,21.4,17.0,3.0,0.0,4.0,1.0,4.0,5.0,4.0,0.8,0.0,0.0,204.0,290.0,0.7,1.0,7.0,0.1,61.0,19.0,0.3,0.0,15.0,23.0,0.7,17.0,40.0,40.0,2025-02-06 05:44:20
6832,ALM,Almería,esp.almeria,12919,729688,0,51.8,16.0,1.0,0.0,2.0,4.0,1.0,13.0,6.0,0.5,0.0,0.0,432.0,497.0,0.9,3.0,14.0,0.2,31.0,18.0,0.6,3.0,7.0,10.0,0.7,13.0,25.0,25.0,2025-01-16 05:38:59
379,BUR,Burnley,eng.burnley,12985,730039,1,41.8,15.0,1.0,0.0,2.0,0.0,2.0,6.0,5.0,0.8,0.0,0.0,345.0,409.0,0.8,0.0,3.0,0.0,48.0,17.0,0.4,1.0,14.0,23.0,0.6,8.0,30.0,30.0,2025-02-13 05:50:42
393,NFO,Nottingham Forest,eng.nottm_forest,12985,730042,1,77.2,23.0,1.0,0.0,1.0,10.0,5.0,31.0,12.0,0.4,0.0,0.0,663.0,788.0,0.8,4.0,38.0,0.1,70.0,44.0,0.6,7.0,8.0,12.0,0.7,9.0,36.0,36.0,2025-02-12 05:47:15
393,NFO,Nottingham Forest,eng.nottm_forest,12984,732566,0,53.8,13.0,3.0,0.0,4.0,11.0,3.0,22.0,4.0,0.2,0.0,0.0,466.0,567.0,0.8,9.0,42.0,0.2,52.0,19.0,0.4,6.0,14.0,20.0,0.7,3.0,23.0,23.0,2025-03-04 05:51:04
379,BUR,Burnley,eng.burnley,12984,732569,1,56.0,17.0,1.0,0.0,1.0,5.0,1.0,10.0,2.0,0.2,0.0,0.0,287.0,372.0,0.8,1.0,11.0,0.1,54.0,12.0,0.2,5.0,9.0,10.0,0.9,4.0,33.0,33.0,2025-03-02 05:50:45
393,NFO,Nottingham Forest,eng.nottm_forest,12983,733960,1,47.3,10.0,4.0,0.0,3.0,7.0,2.0,13.0,5.0,0.4,0.0,0.0,374.0,504.0,0.7,4.0,22.0,0.2,89.0,25.0,0.3,6.0,11.0,22.0,0.5,8.0,22.0,22.0,2025-03-30 04:53:40
393,NFO,Nottingham Forest,eng.nottm_forest,12982,735089,0,33.0,10.0,2.0,0.0,4.0,2.0,4.0,8.0,1.0,0.1,0.0,0.0,244.0,303.0,0.8,5.0,16.0,0.3,48.0,15.0,0.3,2.0,12.0,23.0,0.5,3.0,32.0,32.0,2025-05-05 05:00:05
398,SHU,Sheffield United,eng.sheff_utd,12712,735621,1,51.1,8.0,1.0,0.0,3.0,5.0,1.0,16.0,6.0,0.4,1.0,1.0,420.0,480.0,0.9,7.0,12.0,0.6,43.0,18.0,0.4,4.0,2.0,6.0,0.3,6.0,27.0,27.0,2025-05-09 04:54:15
398,SHU,Sheffield United,eng.sheff_utd,12712,735623,0,43.5,9.0,0.0,0.0,3.0,5.0,6.0,17.0,3.0,0.2,0.0,0.0,359.0,420.0,0.9,6.0,14.0,0.4,52.0,28.0,0.5,8.0,15.0,23.0,0.7,8.0,16.0,16.0,2025-05-14 04:51:09
398,SHU,Sheffield United,eng.sheff_utd,12711,735775,0,42.7,9.0,2.0,0.0,4.0,1.0,1.0,7.0,4.0,0.6,0.0,0.0,259.0,353.0,0.7,2.0,10.0,0.2,59.0,15.0,0.3,3.0,13.0,20.0,0.7,8.0,32.0,32.0,2025-05-25 04:51:56
6832,ALM,Almería,esp.almeria,12721,736458,0,53.5,14.0,2.0,0.0,0.0,6.0,2.0,11.0,3.0,0.3,0.0,0.0,225.4,270.0,0.8800000000000001,0.0,0.0,0.0,33.5,17.5,0.55,2.0,8.0,0.0,0.6666666666666666,8.0,15.5,15.5,2025-06-09 05:17:28
6832,ALM,Almería,esp.almeria,12721,736460,1,60.4,9.0,2.0,0.0,0.0,5.0,4.0,15.0,6.0,0.4,1.0,1.0,225.4,270.0,0.8800000000000001,0.0,0.0,0.0,33.5,17.5,0.55,4.0,8.0,0.0,0.6666666666666666,8.0,15.5,15.5,2025-06-13 05:07:39
121,BOC,VfL Bochum,ger.vfl_bochum,13476,739930,1,69.1,20.0,3.0,0.0,2.0,10.0,4.0,28.0,10.0,0.4,0.0,1.0,576.0,681.0,0.8,7.0,30.0,0.2,82.0,50.0,0.6,5.0,10.0,14.0,0.7,8.0,13.0,13.0,2025-08-17 04:56:32
393,NFO,Nottingham Forest,eng.nottm_forest,13481,740599,0,54.4,7.0,1.0,0.0,2.0,5.0,2.0,11.0,5.0,0.5,0.0,0.0,343.0,417.0,0.8,5.0,24.0,0.2,54.0,18.0,0.3,2.0,7.0,12.0,0.6,9.0,24.0,24.0,2025-08-20 04:54:34
379,BUR,Burnley,eng.burnley,13481,740601,1,32.7,8.0,0.0,0.0,4.0,5.0,3.0,14.0,4.0,0.3,0.0,0.0,181.0,246.0,0.7,3.0,14.0,0.2,45.0,18.0,0.4,3.0,2.0,6.0,0.3,7.0,25.0,25.0,2025-08-17 04:56:32
379,BUR,Burnley,eng.burnley,13481,740609,0,41.9,9.0,0.0,0.0,0.0,4.0,1.0,7.0,2.0,0.3,0.0,0.0,356.0,442.0,0.8,4.0,15.0,0.3,57.0,15.0,0.3,1.0,11.0,22.0,0.5,7.0,29.0,29.0,2025-08-24 04:55:50
393,NFO,Nottingham Forest,eng.nottm_forest,13481,740610,1,57.9,11.0,3.0,0.0,2.0,3.0,3.0,9.0,1.0,0.1,0.0,0.0,442.0,514.0,0.9,3.0,26.0,0.1,56.0,31.0,0.6,1.0,7.0,12.0,0.6,10.0,15.0,15.0,2025-08-25 04:55:46
379,BUR,Burnley,eng.burnley,13481,740621,1,38.2,9.0,5.0,0.0,1.0,1.0,5.0,6.0,3.0,0.5,0.0,0.0,225.0,318.0,0.7,1.0,9.0,0.1,67.0,24.0,0.4,2.0,14.0,20.0,0.7,9.0,39.0,39.0,2025-09-01 05:08:47
393,NFO,Nottingham Forest,eng.nottm_forest,13481,740622,0,58.4,14.0,0.0,0.0,0.0,9.0,5.0,11.0,3.0,0.3,0.0,0.0,470.0,541.0,0.9,4.0,35.0,0.1,29.0,11.0,0.4,5.0,14.0,19.0,0.7,6.0,16.0,16.0,2025-09-02 05:08:57
393,NFO,Nottingham Forest,eng.nottm_forest,13481,740627,1,45.8,11.0,1.0,0.0,0.0,4.0,2.0,5.0,1.0,0.2,0.0,0.0,350.0,409.0,0.9,2.0,13.0,0.2,43.0,18.0,0.4,3.0,8.0,12.0,0.7,11.0,19.0,19.0,2025-09-14 05:25:12
379,BUR,Burnley,eng.burnley,13481,740633,0,19.0,9.0,0.0,1.0,3.0,1.0,3.0,3.0,0.0,0.0,0.0,0.0,80.0,168.0,0.5,0.0,3.0,0.0,62.0,15.0,0.2,0.0,11.0,16.0,0.7,17.0,48.0,48.0,2025-09-15 05:14:23
379,BUR,Burnley,eng.burnley,13481,740637,0,36.7,12.0,1.0,0.0,1.0,4.0,7.0,12.0,5.0,0.4,0.0,0.0,269.0,348.0,0.8,8.0,26.0,0.3,46.0,16.0,0.3,3.0,9.0,11.0,0.8,10.0,35.0,35.0,2025-09-21 05:15:32
393,NFO,Nottingham Forest,eng.nottm_forest,13481,740637,1,63.3,11.0,1.0,0.0,2.0,5.0,4.0,17.0,8.0,0.5,0.0,0.0,564.0,628.0,0.9,5.0,30.0,0.2,37.0,19.0,0.5,7.0,6.0,11.0,0.5,7.0,29.0,29.0,2025-09-21 05:15:32
393,NFO,Nottingham Forest,eng.nottm_forest,13481,740651,0,64.6,11.0,4.0,0.0,0.0,7.0,2.0,22.0,6.0,0.3,0.0,0.0,521.0,578.0,0.9,8.0,42.0,0.2,38.0,23.0,0.6,6.0,9.0,16.0,0.6,1.0,20.0,20.0,2025-09-30 05:13:10
379,BUR,Burnley,eng.burnley,13481,740654,1,31.5,7.0,3.0,0.0,1.0,2.0,5.0,9.0,2.0,0.2,0.0,0.0,242.0,295.0,0.8,1.0,7.0,0.1,53.0,31.0,0.6,5.0,9.0,20.0,0.5,10.0,31.0,31.0,2025-09-28 05:14:50
379,BUR,Burnley,eng.burnley,13481,740657,1,45.0,15.0,1.0,0.0,5.0,4.0,5.0,5.0,2.0,0.4,0.0,0.0,331.0,409.0,0.8,3.0,7.0,0.4,55.0,23.0,0.4,2.0,11.0,27.0,0.4,13.0,5.0,5.0,2025-10-06 11:02:42
393,NFO,Nottingham Forest,eng.nottm_forest,13481,740664,1,48.7,15.0,4.0,0.0,2.0,1.0,7.0,5.0,4.0,0.8,0.0,0.0,372.0,452.0,0.8,3.0,14.0,0.2,51.0,20.0,0.4,0.0,8.0,13.0,0.6,9.0,38.0,38.0,2025-10-06 11:02:42
379,BUR,Burnley,eng.burnley,13481,740667,0,31.1,10.0,2.0,0.0,1.0,1.0,4.0,4.0,3.0,0.8,0.0,0.0,221.0,292.0,0.8,1.0,7.0,0.1,49.0,23.0,0.5,0.0,8.0,14.0,0.6,17.0,50.0,50.0,2025-10-19 05:19:20
393,NFO,Nottingham Forest,eng.nottm_forest,13481,740672,0,49.7,13.0,2.0,0.0,1.0,5.0,3.0,12.0,2.0,0.2,0.0,0.0,367.0,445.0,0.8,5.0,23.0,0.2,46.0,15.0,0.3,2.0,10.0,19.0,0.5,9.0,15.0,15.0,2025-10-19 05:19:20
393,NFO,Nottingham Forest,eng.nottm_forest,13481,740678,1,47.7,7.0,1.0,0.0,0.0,4.0,3.0,8.0,4.0,0.5,0.0,0.0,318.0,409.0,0.8,3.0,13.0,0.2,69.0,30.0,0.4,2.0,10.0,19.0,0.5,9.0,18.0,18.0,2025-10-28 05:13:22
379,BUR,Burnley,eng.burnley,13481,740684,1,42.9,7.0,0.0,0.0,2.0,3.0,5.0,11.0,7.0,0.6,0.0,0.0,308.0,391.0,0.8,1.0,10.0,0.1,63.0,27.0,0.4,3.0,8.0,19.0,0.4,5.0,42.0,42.0,2025-10-27 05:16:32
379,BUR,Burnley,eng.burnley,13481,740687,0,46.4,10.0,2.0,0.0,0.0,1.0,5.0,3.0,0.0,0.0,0.0,0.0,348.0,427.0,0.8,1.0,13.0,0.1,57.0,27.0,0.5,0.0,9.0,14.0,0.6,7.0,28.0,28.0,2025-11-02 05:15:08
393,NFO,Nottingham Forest,eng.nottm_forest,13481,740692,0,41.2,10.0,1.0,0.0,2.0,8.0,4.0,17.0,3.0,0.2,0.0,0.0,263.0,350.0,0.8,5.0,25.0,0.2,62.0,23.0,0.4,6.0,10.0,17.0,0.6,11.0,17.0,17.0,2025-11-03 06:14:20
379,BUR,Burnley,eng.burnley,13481,740696,1,57.4,13.0,2.0,0.0,1.0,4.0,3.0,16.0,7.0,0.4,0.0,0.0,440.0,517.0,0.9,3.0,13.0,0.2,50.0,21.0,0.4,7.0,11.0,16.0,0.7,7.0,28.0,28.0,2025-11-09 14:08:52
393,NFO,Nottingham Forest,eng.nottm_forest,13481,740703,0,45.5,10.0,2.0,0.0,2.0,6.0,2.0,14.0,6.0,0.4,1.0,1.0,277.0,348.0,0.8,6.0,26.0,0.2,58.0,23.0,0.4,6.0,17.0,27.0,0.6,6.0,27.0,27.0,2025-11-10 06:08:36
379,BUR,Burnley,eng.burnley,13481,740707,0,44.2,13.0,2.0,0.0,0.0,1.0,3.0,8.0,2.0,0.3,0.0,0.0,329.0,418.0,0.8,1.0,7.0,0.1,61.0,21.0,0.3,3.0,7.0,16.0,0.4,12.0,28.0,28.0,2025-11-23 06:08:08
393,NFO,Nottingham Forest,eng.nottm_forest,13481,740710,1,25.5,8.0,0.0,0.0,2.0,6.0,3.0,15.0,7.0,0.5,0.0,0.0,151.0,215.0,0.7,3.0,15.0,0.2,57.0,21.0,0.4,5.0,17.0,27.0,0.6,7.0,46.0,46.0,2025-11-23 06:08:08
379,BUR,Burnley,eng.burnley,13481,740718,1,47.9,7.0,2.0,0.0,1.0,6.0,1.0,6.0,2.0,0.3,1.0,1.0,263.0,379.0,0.7,1.0,15.0,0.1,79.0,20.0,0.3,3.0,18.0,26.0,0.7,7.0,37.0,37.0,2025-11-30 06:14:16
393,NFO,Nottingham Forest,eng.nottm_forest,13481,740723,0,51.9,11.0,0.0,0.0,1.0,9.0,3.0,19.0,3.0,0.2,0.0,0.0,409.0,492.0,0.8,8.0,33.0,0.2,59.0,29.0,0.5,10.0,14.0,22.0,0.6,7.0,19.0,19.0,2025-12-01 06:12:29
379,BUR,Burnley,eng.burnley,13481,740726,0,57.6,9.0,0.0,0.0,0.0,3.0,2.0,11.0,4.0,0.4,0.0,0.0,474.0,567.0,0.8,5.0,19.0,0.3,61.0,23.0,0.4,6.0,7.0,13.0,0.5,16.0,42.0,42.0,2025-12-05 06:06:44
393,NFO,Nottingham Forest,eng.nottm_forest,13481,740728,1,50.2,11.0,2.0,0.0,2.0,9.0,1.0,10.0,3.0,0.3,0.0,0.0,334.0,416.0,0.8,8.0,21.0,0.4,66.0,28.0,0.4,4.0,7.0,17.0,0.4,5.0,19.0,19.0,2025-12-04 06:07:20
393,NFO,Nottingham Forest,eng.nottm_forest,13481,740739,1,58.7,15.0,3.0,0.0,1.0,3.0,3.0,7.0,3.0,0.4,0.0,0.0,357.0,441.0,0.8,3.0,18.0,0.2,50.0,14.0,0.3,2.0,15.0,24.0,0.6,6.0,35.0,35.0,2025-12-08 06:10:06
379,BUR,Burnley,eng.burnley,13481,740741,1,30.5,11.0,2.0,1.0,2.0,9.0,6.0,9.0,3.0,0.3,1.0,1.0,188.0,259.0,0.7,6.0,20.0,0.3,58.0,18.0,0.3,3.0,8.0,15.0,0.5,7.0,28.0,28.0,2025-12-08 06:10:06
398,SHU,Sheffield United,eng.sheff_utd,13531,744610,0,73.8,10.0,0.0,0.0,2.0,14.0,1.0,20.0,6.0,0.3,0.0,0.0,505.0,587.0,0.9,5.0,29.0,0.2,45.0,18.0,0.4,8.0,13.0,14.0,0.9,5.0,12.0,12.0,2025-08-10 04:44:46
398,SHU,Sheffield United,eng.sheff_utd,13531,744613,1,44.3,14.0,3.0,0.0,0.0,8.0,3.0,8.0,0.0,0.0,0.0,0.0,238.0,313.0,0.8,3.0,19.0,0.2,53.0,17.0,0.3,6.0,12.0,16.0,0.8,8.0,26.0,26.0,2025-08-17 21:40:44
398,SHU,Sheffield United,eng.sheff_utd,13531,744630,0,61.5,11.0,5.0,0.0,0.0,8.0,5.0,14.0,4.0,0.3,0.0,0.0,391.0,484.0,0.8,6.0,16.0,0.4,65.0,28.0,0.4,3.0,5.0,12.0,0.4,2.0,41.0,41.0,2025-08-26 22:53:24
398,SHU,Sheffield United,eng.sheff_utd,13531,744643,1,52.6,13.0,3.0,0.0,1.0,9.0,5.0,8.0,0.0,0.0,0.0,0.0,437.0,504.0,0.9,2.0,16.0,0.1,50.0,17.0,0.3,4.0,5.0,10.0,0.5,10.0,23.0,23.0,2025-09-01 05:08:47
398,SHU,Sheffield United,eng.sheff_utd,13531,744654,1,52.9,15.0,2.0,0.0,0.0,5.0,6.0,10.0,2.0,0.2,0.0,0.0,326.0,426.0,0.8,3.0,26.0,0.1,59.0,12.0,0.2,2.0,7.0,15.0,0.5,9.0,18.0,18.0,2025-09-14 05:25:12
398,SHU,Sheffield United,eng.sheff_utd,13531,744670,0,63.0,14.0,1.0,0.0,1.0,6.0,3.0,13.0,1.0,0.1,0.0,0.0,342.0,436.0,0.8,4.0,28.0,0.1,63.0,19.0,0.3,7.0,9.0,12.0,0.8,8.0,40.0,40.0,2025-09-21 05:15:32
398,SHU,Sheffield United,eng.sheff_utd,13531,744682,1,43.9,13.0,1.0,0.0,1.0,5.0,3.0,6.0,2.0,0.3,0.0,0.0,232.0,352.0,0.7,4.0,17.0,0.2,71.0,12.0,0.2,1.0,12.0,19.0,0.6,7.0,55.0,55.0,2025-09-28 05:14:50
398,SHU,Sheffield United,eng.sheff_utd,13531,744691,0,48.2,14.0,3.0,0.0,3.0,4.0,3.0,8.0,3.0,0.4,0.0,0.0,346.0,430.0,0.8,2.0,17.0,0.1,66.0,31.0,0.5,3.0,7.0,14.0,0.5,5.0,20.0,20.0,2025-10-03 05:13:17
398,SHU,Sheffield United,eng.sheff_utd,13531,744702,1,61.6,13.0,2.0,0.0,2.0,9.0,1.0,13.0,4.0,0.3,0.0,1.0,399.0,486.0,0.8,4.0,32.0,0.1,59.0,22.0,0.4,5.0,9.0,14.0,0.6,9.0,22.0,22.0,2025-10-05 05:19:58
398,SHU,Sheffield United,eng.sheff_utd,13531,744711,0,40.1,5.0,0.0,0.0,3.0,7.0,1.0,18.0,6.0,0.3,0.0,0.0,264.0,346.0,0.8,9.0,22.0,0.4,49.0,18.0,0.4,4.0,9.0,18.0,0.5,5.0,27.0,27.0,2025-10-19 05:19:20
398,SHU,Sheffield United,eng.sheff_utd,13531,744721,1,48.8,10.0,1.0,0.0,2.0,5.0,2.0,11.0,5.0,0.5,0.0,0.0,238.0,339.0,0.7,5.0,15.0,0.3,62.0,22.0,0.4,5.0,9.0,11.0,0.8,6.0,41.0,41.0,2025-10-23 05:15:25
398,SHU,Sheffield United,eng.sheff_utd,13531,744736,1,54.2,11.0,1.0,0.0,3.0,4.0,1.0,11.0,3.0,0.3,0.0,0.0,305.0,414.0,0.7,3.0,15.0,0.2,56.0,15.0,0.3,2.0,11.0,17.0,0.6,8.0,31.0,31.0,2025-10-26 05:20:30
398,SHU,Sheffield United,eng.sheff_utd,13531,744751,0,62.3,10.0,2.0,0.0,2.0,9.0,1.0,15.0,5.0,0.3,0.0,0.0,384.0,464.0,0.8,13.0,35.0,0.4,52.0,18.0,0.3,7.0,10.0,18.0,0.6,3.0,29.0,29.0,2025-11-02 05:15:08
398,SHU,Sheffield United,eng.sheff_utd,13531,744760,1,42.3,14.0,2.0,0.0,3.0,13.0,5.0,11.0,4.0,0.4,0.0,0.0,171.0,255.0,0.7,4.0,34.0,0.1,54.0,24.0,0.4,6.0,10.0,14.0,0.7,6.0,52.0,52.0,2025-11-06 06:13:20
398,SHU,Sheffield United,eng.sheff_utd,13531,744773,0,60.8,6.0,0.0,0.0,1.0,14.0,4.0,20.0,3.0,0.2,0.0,0.0,307.0,404.0,0.8,10.0,36.0,0.3,63.0,21.0,0.3,8.0,5.0,8.0,0.6,13.0,44.0,44.0,2025-11-09 14:08:52
398,SHU,Sheffield United,eng.sheff_utd,13531,744782,1,41.2,8.0,0.0,0.0,3.0,7.0,0.0,11.0,7.0,0.6,0.0,0.0,157.0,256.0,0.6,2.0,12.0,0.2,62.0,22.0,0.4,1.0,17.0,28.0,0.6,13.0,44.0,44.0,2025-11-23 21:44:07
398,SHU,Sheffield United,eng.sheff_utd,13531,744794,0,64.8,7.0,0.0,0.0,5.0,7.0,2.0,16.0,6.0,0.4,1.0,1.0,383.0,467.0,0.8,3.0,19.0,0.2,56.0,22.0,0.4,6.0,6.0,10.0,0.6,6.0,21.0,21.0,2025-11-29 06:12:44
398,SHU,Sheffield United,eng.sheff_utd,13531,744814,1,30.6,9.0,1.0,0.0,1.0,9.0,1.0,13.0,3.0,0.2,0.0,0.0,165.0,246.0,0.7,6.0,18.0,0.3,62.0,18.0,0.3,5.0,9.0,14.0,0.6,11.0,26.0,26.0,2025-12-11 05:58:25
398,SHU,Sheffield United,eng.sheff_utd,13531,744824,0,39.0,8.0,1.0,0.0,4.0,9.0,1.0,19.0,8.0,0.4,1.0,1.0,173.0,257.0,0.7,8.0,19.0,0.4,49.0,20.0,0.4,4.0,7.0,12.0,0.6,10.0,35.0,35.0,2025-12-08 06:10:06
398,SHU,Sheffield United,eng.sheff_utd,13531,744830,0,45.2,13.0,2.0,0.0,2.0,6.0,5.0,17.0,4.0,0.2,0.0,0.0,316.0,394.0,0.8,9.0,18.0,0.5,54.0,24.0,0.4,5.0,10.0,13.0,0.8,14.0,23.0,23.0,2025-12-10 06:01:41
301,LTN,Luton Town,eng.luton,13534,745152,0,64.5,10.0,1.0,0.0,0.0,5.0,0.0,6.0,1.0,0.2,0.0,0.0,190.0,277.0,0.7,0.0,0.0,0.0,58.0,20.0,0.3,3.0,8.0,0.0,0.5,6.0,20.0,20.0,2025-08-03 04:40:32
301,LTN,Luton Town,eng.luton,13534,745167,1,51.3,12.0,2.0,0.0,0.0,6.0,2.0,8.0,3.0,0.4,0.0,0.0,190.0,277.0,0.7,0.0,0.0,0.0,58.0,20.0,0.3,1.0,8.0,0.0,0.5,6.0,20.0,20.0,2025-08-10 04:44:46
301,LTN,Luton Town,eng.luton,13534,745182,1,61.7,15.0,2.0,0.0,0.0,9.0,5.0,9.0,3.0,0.3,0.0,0.0,190.0,277.0,0.7,0.0,0.0,0.0,58.0,20.0,0.3,2.0,8.0,0.0,0.5,6.0,20.0,20.0,2025-08-19 01:43:28
301,LTN,Luton Town,eng.luton,13534,745193,0,66.3,7.0,1.0,0.0,0.0,8.0,3.0,13.0,4.0,0.3,0.0,0.0,190.0,277.0,0.7,0.0,0.0,0.0,58.0,20.0,0.3,3.0,8.0,0.0,0.5,6.0,20.0,20.0,2025-08-22 04:57:52
301,LTN,Luton Town,eng.luton,13534,745203,0,38.1,11.0,2.0,0.0,0.0,5.0,2.0,22.0,6.0,0.3,0.0,0.0,190.0,277.0,0.7,0.0,0.0,0.0,58.0,20.0,0.3,8.0,8.0,0.0,0.5,6.0,20.0,20.0,2025-08-25 23:06:33
301,LTN,Luton Town,eng.luton,13534,745223,1,51.8,10.0,1.0,0.0,0.0,4.0,3.0,12.0,6.0,0.5,0.0,0.0,190.0,277.0,0.7,0.0,0.0,0.0,58.0,20.0,0.3,1.0,8.0,0.0,0.5,6.0,20.0,20.0,2025-09-02 05:08:57
301,LTN,Luton Town,eng.luton,13534,745224,1,61.2,9.0,1.0,0.0,0.0,8.0,1.0,16.0,3.0,0.2,1.0,1.0,190.0,277.0,0.7,0.0,0.0,0.0,58.0,20.0,0.3,6.0,8.0,0.0,0.5,6.0,20.0,20.0,2025-10-03 05:13:17
301,LTN,Luton Town,eng.luton,13534,745242,0,65.9,12.0,2.0,0.0,0.0,16.0,1.0,23.0,7.0,0.3,2.0,2.0,190.0,277.0,0.7,0.0,0.0,0.0,58.0,20.0,0.3,8.0,8.0,0.0,0.5,6.0,20.0,20.0,2025-09-16 05:13:33
301,LTN,Luton Town,eng.luton,13534,745253,1,57.2,14.0,5.0,0.0,0.0,7.0,3.0,13.0,2.0,0.2,0.0,0.0,190.0,277.0,0.7,0.0,0.0,0.0,58.0,20.0,0.3,6.0,8.0,0.0,0.5,6.0,20.0,20.0,2025-09-23 05:11:02
301,LTN,Luton Town,eng.luton,13534,745265,0,50.1,14.0,2.0,0.0,0.0,6.0,1.0,8.0,3.0,0.4,0.0,1.0,190.0,277.0,0.7,0.0,0.0,0.0,58.0,20.0,0.3,2.0,8.0,0.0,0.5,6.0,20.0,20.0,2025-09-30 05:13:10
301,LTN,Luton Town,eng.luton,13534,745280,1,55.8,15.0,1.0,0.0,0.0,5.0,2.0,9.0,3.0,0.3,0.0,0.0,190.0,277.0,0.7,0.0,0.0,0.0,58.0,20.0,0.3,4.0,8.0,0.0,0.5,6.0,20.0,20.0,2025-10-07 05:25:45
301,LTN,Luton Town,eng.luton,13534,745288,0,48.0,9.0,0.0,0.0,0.0,12.0,0.0,14.0,6.0,0.4,0.0,0.0,190.0,277.0,0.7,0.0,0.0,0.0,58.0,20.0,0.3,5.0,8.0,0.0,0.5,6.0,20.0,20.0,2025-11-28 06:12:55
301,LTN,Luton Town,eng.luton,13534,745303,0,66.6,12.0,0.0,0.0,0.0,5.0,1.0,15.0,3.0,0.2,0.0,1.0,190.0,277.0,0.7,0.0,0.0,0.0,58.0,20.0,0.3,5.0,8.0,0.0,0.5,6.0,20.0,20.0,2025-10-21 05:14:31
301,LTN,Luton Town,eng.luton,13534,745313,1,54.3,12.0,2.0,0.0,0.0,10.0,4.0,15.0,4.0,0.3,0.0,0.0,190.0,277.0,0.7,0.0,0.0,0.0,58.0,20.0,0.3,6.0,8.0,0.0,0.5,6.0,20.0,20.0,2025-10-28 05:13:22
301,LTN,Luton Town,eng.luton,13534,745320,1,47.0,9.0,4.0,0.0,0.0,3.0,4.0,8.0,6.0,0.8,0.0,0.0,190.0,277.0,0.7,0.0,0.0,0.0,58.0,20.0,0.3,1.0,8.0,0.0,0.5,6.0,20.0,20.0,2025-11-11 06:10:14
301,LTN,Luton Town,eng.luton,13534,745336,0,69.1,8.0,1.0,0.0,0.0,3.0,1.0,12.0,3.0,0.3,0.0,0.0,190.0,277.0,0.7,0.0,0.0,0.0,58.0,20.0,0.3,4.0,8.0,0.0,0.5,6.0,20.0,20.0,2025-11-18 06:07:36
301,LTN,Luton Town,eng.luton,13534,745346,1,68.7,9.0,2.0,0.0,0.0,4.0,1.0,7.0,2.0,0.3,0.0,0.0,190.0,277.0,0.7,0.0,0.0,0.0,58.0,20.0,0.3,2.0,8.0,0.0,0.5,6.0,20.0,20.0,2025-11-25 02:43:42
301,LTN,Luton Town,eng.luton,13534,745364,0,54.7,8.0,1.0,0.0,0.0,13.0,0.0,18.0,4.0,0.2,0.0,0.0,190.0,277.0,0.7,0.0,0.0,0.0,58.0,20.0,0.3,8.0,8.0,0.0,0.5,6.0,20.0,20.0,2025-12-02 06:10:38
301,LTN,Luton Town,eng.luton,13534,745370,1,67.0,18.0,2.0,0.0,0.0,2.0,1.0,8.0,1.0,0.1,0.0,0.0,190.0,277.0,0.7,0.0,0.0,0.0,58.0,20.0,0.3,2.0,8.0,0.0,0.5,6.0,20.0,20.0,2025-12-11 05:58:25
122,KOE,FC Cologne,ger.1_fc_kln,13547,746721,1,49.3,9.0,2.0,0.0,0.0,3.0,2.0,12.0,2.0,0.2,0.0,0.0,323.0,401.0,0.8,4.0,11.0,0.4,67.0,27.0,0.4,2.0,9.0,10.0,0.9,4.0,68.0,68.0,2025-08-25 04:55:46
122,KOE,FC Cologne,ger.1_fc_kln,13547,746727,0,38.6,12.0,2.0,0.0,1.0,3.0,1.0,18.0,6.0,0.3,0.0,0.0,278.0,353.0,0.8,9.0,14.0,0.6,54.0,20.0,0.4,5.0,7.0,9.0,0.8,5.0,48.0,48.0,2025-09-01 05:08:47
122,KOE,FC Cologne,ger.1_fc_kln,13547,746744,1,44.3,11.0,3.0,0.0,1.0,4.0,3.0,14.0,8.0,0.6,0.0,0.0,288.0,356.0,0.8,3.0,21.0,0.1,48.0,18.0,0.4,4.0,8.0,12.0,0.7,7.0,17.0,17.0,2025-09-14 05:25:12
122,KOE,FC Cologne,ger.1_fc_kln,13547,746750,1,53.2,8.0,1.0,0.0,0.0,5.0,5.0,13.0,2.0,0.2,0.0,0.0,412.0,474.0,0.9,6.0,24.0,0.3,57.0,33.0,0.6,6.0,8.0,12.0,0.7,8.0,30.0,30.0,2025-09-21 05:15:32
122,KOE,FC Cologne,ger.1_fc_kln,13547,746755,0,43.1,12.0,2.0,0.0,4.0,8.0,3.0,15.0,7.0,0.5,0.0,0.0,309.0,383.0,0.8,7.0,16.0,0.4,59.0,24.0,0.4,3.0,7.0,9.0,0.8,11.0,20.0,20.0,2025-09-30 05:13:10
122,KOE,FC Cologne,ger.1_fc_kln,13547,746771,1,39.1,6.0,1.0,0.0,2.0,6.0,4.0,10.0,4.0,0.4,0.0,0.0,251.0,330.0,0.8,2.0,12.0,0.2,71.0,33.0,0.5,1.0,5.0,13.0,0.4,10.0,44.0,44.0,2025-10-04 05:12:32
122,KOE,FC Cologne,ger.1_fc_kln,13547,746780,0,55.9,10.0,2.0,0.0,6.0,5.0,3.0,9.0,2.0,0.2,0.0,0.0,377.0,487.0,0.8,3.0,23.0,0.1,63.0,26.0,0.4,2.0,11.0,17.0,0.6,12.0,29.0,29.0,2025-10-19 05:19:20
122,KOE,FC Cologne,ger.1_fc_kln,13547,746787,1,29.6,8.0,2.0,0.0,2.0,2.0,8.0,5.0,0.0,0.0,0.0,0.0,198.0,260.0,0.8,2.0,6.0,0.3,58.0,26.0,0.4,0.0,11.0,20.0,0.6,8.0,42.0,42.0,2025-10-26 05:20:30
122,KOE,FC Cologne,ger.1_fc_kln,13547,746796,0,48.3,8.0,1.0,0.0,1.0,2.0,4.0,23.0,10.0,0.4,0.0,0.0,326.0,391.0,0.8,4.0,15.0,0.3,43.0,16.0,0.4,5.0,10.0,14.0,0.7,6.0,27.0,27.0,2025-11-03 06:14:20
122,KOE,FC Cologne,ger.1_fc_kln,13547,746800,1,64.0,13.0,3.0,0.0,2.0,6.0,1.0,19.0,5.0,0.3,1.0,1.0,530.0,598.0,0.9,8.0,36.0,0.2,50.0,28.0,0.6,8.0,10.0,15.0,0.7,8.0,16.0,16.0,2025-11-09 14:08:52
122,KOE,FC Cologne,ger.1_fc_kln,13547,746809,0,46.5,6.0,0.0,0.0,4.0,3.0,3.0,11.0,5.0,0.5,0.0,0.0,415.0,493.0,0.8,6.0,14.0,0.4,60.0,34.0,0.6,2.0,10.0,17.0,0.6,10.0,8.0,8.0,2025-11-23 06:08:08
122,KOE,FC Cologne,ger.1_fc_kln,13547,746820,1,51.2,11.0,4.0,0.0,0.0,0.0,3.0,10.0,2.0,0.2,0.0,0.0,437.0,511.0,0.9,5.0,14.0,0.4,57.0,30.0,0.5,2.0,8.0,13.0,0.6,13.0,23.0,23.0,2025-11-30 06:14:16
122,KOE,FC Cologne,ger.1_fc_kln,13547,746833,0,58.1,6.0,0.0,0.0,2.0,5.0,0.0,11.0,8.0,0.7,0.0,0.0,502.0,589.0,0.9,2.0,12.0,0.2,68.0,26.0,0.4,2.0,5.0,8.0,0.6,6.0,25.0,25.0,2025-12-08 06:10:06
121,BOC,VfL Bochum,ger.vfl_bochum,13548,747031,1,57.5,13.0,3.0,0.0,0.0,8.0,3.0,10.0,3.0,0.3,0.0,0.0,255.0,355.0,0.7,0.0,0.0,0.0,62.0,24.0,0.4,1.0,9.0,0.0,0.5,6.0,22.0,22.0,2025-08-06 04:46:56
121,BOC,VfL Bochum,ger.vfl_bochum,13548,747041,0,57.5,24.0,8.0,0.0,0.0,10.0,1.0,17.0,6.0,0.4,0.0,0.0,255.0,355.0,0.7,0.0,0.0,0.0,62.0,24.0,0.4,6.0,9.0,0.0,0.5,6.0,22.0,22.0,2025-08-13 04:46:09
121,BOC,VfL Bochum,ger.vfl_bochum,13548,747043,1,48.6,6.0,3.0,0.0,0.0,9.0,5.0,14.0,3.0,0.2,0.0,1.0,255.0,355.0,0.7,0.0,0.0,0.0,62.0,24.0,0.4,6.0,9.0,0.0,0.5,6.0,22.0,22.0,2025-08-28 05:04:23
121,BOC,VfL Bochum,ger.vfl_bochum,13548,747059,0,40.1,21.0,3.0,0.0,0.0,6.0,0.0,17.0,4.0,0.2,0.0,0.0,255.0,355.0,0.7,0.0,0.0,0.0,62.0,24.0,0.4,9.0,9.0,0.0,0.5,6.0,22.0,22.0,2025-09-03 05:09:03
121,BOC,VfL Bochum,ger.vfl_bochum,13548,747064,1,36.8,11.0,4.0,0.0,0.0,7.0,3.0,15.0,4.0,0.3,0.0,0.0,255.0,355.0,0.7,0.0,0.0,0.0,62.0,24.0,0.4,7.0,9.0,0.0,0.5,6.0,22.0,22.0,2025-09-17 05:14:04
121,BOC,VfL Bochum,ger.vfl_bochum,13548,747071,1,40.8,12.0,5.0,0.0,0.0,5.0,5.0,13.0,1.0,0.1,1.0,1.0,255.0,355.0,0.7,0.0,0.0,0.0,62.0,24.0,0.4,4.0,9.0,0.0,0.5,6.0,22.0,22.0,2025-09-24 05:11:23
121,BOC,VfL Bochum,ger.vfl_bochum,13548,747085,0,64.7,15.0,5.0,0.0,0.0,4.0,2.0,23.0,4.0,0.2,0.0,0.0,255.0,355.0,0.7,0.0,0.0,0.0,62.0,24.0,0.4,8.0,9.0,0.0,0.5,6.0,22.0,22.0,2025-10-01 05:11:30
121,BOC,VfL Bochum,ger.vfl_bochum,13548,747095,1,55.8,13.0,5.0,0.0,0.0,2.0,7.0,10.0,2.0,0.2,0.0,0.0,255.0,355.0,0.7,0.0,0.0,0.0,62.0,24.0,0.4,2.0,9.0,0.0,0.5,6.0,22.0,22.0,2025-10-08 05:23:16
121,BOC,VfL Bochum,ger.vfl_bochum,13548,747101,0,36.5,22.0,4.0,0.0,0.0,1.0,4.0,10.0,3.0,0.3,0.0,0.0,255.0,355.0,0.7,0.0,0.0,0.0,62.0,24.0,0.4,2.0,9.0,0.0,0.5,6.0,22.0,22.0,2025-10-22 05:13:45
121,BOC,VfL Bochum,ger.vfl_bochum,13548,747110,1,33.3,18.0,5.0,0.0,0.0,7.0,6.0,13.0,2.0,0.2,1.0,1.0,255.0,355.0,0.7,0.0,0.0,0.0,62.0,24.0,0.4,5.0,9.0,0.0,0.5,6.0,22.0,22.0,2025-10-28 05:13:22
121,BOC,VfL Bochum,ger.vfl_bochum,13548,747120,0,36.0,10.0,2.0,0.0,0.0,8.0,6.0,24.0,9.0,0.4,0.0,0.0,255.0,355.0,0.7,0.0,0.0,0.0,62.0,24.0,0.4,7.0,9.0,0.0,0.5,6.0,22.0,22.0,2025-11-04 06:13:28
121,BOC,VfL Bochum,ger.vfl_bochum,13548,747131,1,39.5,10.0,3.0,0.0,0.0,9.0,6.0,13.0,4.0,0.3,0.0,0.0,255.0,355.0,0.7,0.0,0.0,0.0,62.0,24.0,0.4,3.0,9.0,0.0,0.5,6.0,22.0,22.0,2025-11-10 06:08:36
121,BOC,VfL Bochum,ger.vfl_bochum,13548,747132,0,56.9,1.0,0.0,0.0,0.0,13.0,2.0,23.0,4.0,0.2,0.0,1.0,255.0,355.0,0.7,0.0,0.0,0.0,62.0,24.0,0.4,5.0,9.0,0.0,0.5,6.0,22.0,22.0,2025-11-25 02:43:42
121,BOC,VfL Bochum,ger.vfl_bochum,13548,747144,1,44.8,13.0,0.0,0.0,0.0,9.0,1.0,14.0,6.0,0.4,0.0,0.0,255.0,355.0,0.7,0.0,0.0,0.0,62.0,24.0,0.4,2.0,9.0,0.0,0.5,6.0,22.0,22.0,2025-12-03 06:06:18
121,BOC,VfL Bochum,ger.vfl_bochum,13548,747151,0,41.1,22.0,5.0,0.0,0.0,4.0,6.0,12.0,6.0,0.5,0.0,0.0,255.0,355.0,0.7,0.0,0.0,0.0,62.0,24.0,0.4,0.0,9.0,0.0,0.5,6.0,22.0,22.0,2025-12-08 06:10:06
3171,CLE,Clermont Foot,fra.clermont_foot,13553,747464,1,42.2,9.0,1.0,0.0,0.0,2.0,2.0,6.0,3.0,0.5,1.0,1.0,346.0,412.0,0.8,0.0,0.0,0.0,47.0,22.0,0.5,1.0,11.0,0.0,0.8,18.0,32.0,32.0,2025-08-14 04:48:23
3171,CLE,Clermont Foot,fra.clermont_foot,13553,747473,0,52.7,12.0,2.0,0.0,0.0,3.0,2.0,4.0,1.0,0.3,0.0,0.0,346.0,412.0,0.8,0.0,0.0,0.0,47.0,22.0,0.5,1.0,11.0,0.0,0.8,18.0,32.0,32.0,2025-08-18 04:53:06
3171,CLE,Clermont Foot,fra.clermont_foot,13553,747482,0,59.9,7.0,1.0,0.0,0.0,5.0,0.0,14.0,6.0,0.4,0.0,0.0,346.0,412.0,0.8,0.0,0.0,0.0,47.0,22.0,0.5,2.0,11.0,0.0,0.8,18.0,32.0,32.0,2025-08-25 04:55:46
3171,CLE,Clermont Foot,fra.clermont_foot,13553,747491,1,52.2,6.0,0.0,0.0,0.0,5.0,5.0,11.0,0.0,0.0,0.0,0.0,346.0,412.0,0.8,0.0,0.0,0.0,47.0,22.0,0.5,6.0,11.0,0.0,0.8,18.0,32.0,32.0,2025-09-01 05:08:47
3171,CLE,Clermont Foot,fra.clermont_foot,13553,747500,0,43.6,10.0,1.0,0.0,0.0,2.0,4.0,12.0,2.0,0.2,0.0,0.0,346.0,412.0,0.8,0.0,0.0,0.0,47.0,22.0,0.5,4.0,11.0,0.0,0.8,18.0,32.0,32.0,2025-09-15 05:14:23
3171,CLE,Clermont Foot,fra.clermont_foot,13553,747513,1,57.6,13.0,1.0,1.0,0.0,2.0,3.0,6.0,3.0,0.5,0.0,0.0,346.0,412.0,0.8,0.0,0.0,0.0,47.0,22.0,0.5,0.0,11.0,0.0,0.8,18.0,32.0,32.0,2025-09-21 05:15:32
3171,CLE,Clermont Foot,fra.clermont_foot,13553,747524,1,46.0,8.0,0.0,1.0,0.0,1.0,1.0,7.0,3.0,0.4,0.0,0.0,346.0,412.0,0.8,0.0,0.0,0.0,47.0,22.0,0.5,2.0,11.0,0.0,0.8,18.0,32.0,32.0,2025-09-25 05:15:13
3171,CLE,Clermont Foot,fra.clermont_foot,13553,747528,0,46.3,7.0,2.0,0.0,0.0,2.0,7.0,8.0,2.0,0.3,0.0,0.0,346.0,412.0,0.8,0.0,0.0,0.0,47.0,22.0,0.5,0.0,11.0,0.0,0.8,18.0,32.0,32.0,2025-09-28 05:14:50
3171,CLE,Clermont Foot,fra.clermont_foot,13553,747535,1,53.8,11.0,0.0,0.0,0.0,6.0,1.0,11.0,2.0,0.2,0.0,0.0,346.0,412.0,0.8,0.0,0.0,0.0,47.0,22.0,0.5,4.0,11.0,0.0,0.8,18.0,32.0,32.0,2025-10-07 05:25:45
3171,CLE,Clermont Foot,fra.clermont_foot,13553,747544,0,73.8,10.0,2.0,0.0,0.0,6.0,3.0,11.0,2.0,0.2,0.0,0.0,346.0,412.0,0.8,0.0,0.0,0.0,47.0,22.0,0.5,4.0,11.0,0.0,0.8,18.0,32.0,32.0,2025-10-19 05:19:20
3171,CLE,Clermont Foot,fra.clermont_foot,13553,747558,1,37.3,11.0,3.0,0.0,0.0,1.0,3.0,4.0,1.0,0.3,0.0,0.0,346.0,412.0,0.8,0.0,0.0,0.0,47.0,22.0,0.5,1.0,11.0,0.0,0.8,18.0,32.0,32.0,2025-10-25 05:16:14
3171,CLE,Clermont Foot,fra.clermont_foot,13553,747568,0,39.8,11.0,0.0,0.0,0.0,4.0,3.0,13.0,6.0,0.5,0.0,0.0,346.0,412.0,0.8,0.0,0.0,0.0,47.0,22.0,0.5,4.0,11.0,0.0,0.8,18.0,32.0,32.0,2025-10-29 05:15:49
3171,CLE,Clermont Foot,fra.clermont_foot,13553,747576,1,46.5,11.0,3.0,0.0,0.0,6.0,3.0,9.0,1.0,0.1,0.0,0.0,346.0,412.0,0.8,0.0,0.0,0.0,47.0,22.0,0.5,4.0,11.0,0.0,0.8,18.0,32.0,32.0,2025-11-03 06:14:20
3171,CLE,Clermont Foot,fra.clermont_foot,13553,747582,0,64.6,12.0,2.0,0.0,0.0,12.0,3.0,17.0,5.0,0.3,2.0,2.0,346.0,412.0,0.8,0.0,0.0,0.0,47.0,22.0,0.5,4.0,11.0,0.0,0.8,18.0,32.0,32.0,2025-11-09 15:05:09
3171,CLE,Clermont Foot,fra.clermont_foot,13553,747591,1,44.1,11.0,2.0,0.0,0.0,3.0,1.0,7.0,3.0,0.4,0.0,0.0,346.0,412.0,0.8,0.0,0.0,0.0,47.0,22.0,0.5,0.0,11.0,0.0,0.8,18.0,32.0,32.0,2025-11-25 02:43:42
3171,CLE,Clermont Foot,fra.clermont_foot,13553,747598,0,65.1,10.0,2.0,0.0,0.0,3.0,4.0,11.0,2.0,0.2,0.0,0.0,346.0,412.0,0.8,0.0,0.0,0.0,47.0,22.0,0.5,0.0,11.0,0.0,0.8,18.0,32.0,32.0,2025-12-08 06:10:06
3842,CAD,Cádiz,esp.cadiz,13564,748525,0,72.0,14.0,3.0,0.0,0.0,8.0,0.0,24.0,3.0,0.1,0.0,0.0,182.5,216.0,0.8500000000000001,0.0,0.0,0.0,26.0,13.5,0.55,9.0,3.0,0.0,0.65,5.0,5.5,5.5,2025-08-19 04:55:41
6832,ALM,Almería,esp.almeria,13564,748532,0,66.5,9.0,3.0,0.0,0.0,17.0,1.0,31.0,11.0,0.4,1.0,1.0,225.4,270.0,0.8800000000000001,0.0,0.0,0.0,33.5,17.5,0.55,6.0,8.0,0.0,0.6666666666666666,8.0,15.5,15.5,2025-09-11 05:13:09
3747,GRA,Granada,esp.granada_cf,13564,748533,0,46.0,9.0,1.0,1.0,0.0,7.0,4.0,14.0,2.0,0.1,0.0,0.0,327.6666666666667,411.3333333333333,0.8333333333333334,0.0,0.0,0.0,97.0,39.5,0.4,6.0,14.5,0.0,0.6,6.0,27.0,27.0,2025-08-18 04:53:06
3842,CAD,Cádiz,esp.cadiz,13564,748541,1,48.7,17.0,1.0,0.0,0.0,5.0,3.0,10.0,3.0,0.3,0.0,0.0,182.5,216.0,0.8500000000000001,0.0,0.0,0.0,26.0,13.5,0.55,1.0,3.0,0.0,0.65,5.0,5.5,5.5,2025-08-23 05:00:39
3747,GRA,Granada,esp.granada_cf,13564,748542,1,52.5,16.0,2.0,1.0,0.0,3.0,3.0,3.0,0.0,0.0,0.0,0.0,327.6666666666667,411.3333333333333,0.8333333333333334,0.0,0.0,0.0,97.0,39.5,0.4,2.0,14.5,0.0,0.6,6.0,27.0,27.0,2025-08-24 04:55:50
6832,ALM,Almería,esp.almeria,13564,748544,1,58.8,15.0,2.0,0.0,0.0,5.0,6.0,13.0,3.0,0.2,0.0,0.0,225.4,270.0,0.8800000000000001,0.0,0.0,0.0,33.5,17.5,0.55,3.0,8.0,0.0,0.6666666666666666,8.0,15.5,15.5,2025-08-26 05:03:30
3747,GRA,Granada,esp.granada_cf,13564,748546,0,60.8,15.0,2.0,1.0,0.0,6.0,2.0,15.0,4.0,0.3,0.0,0.0,327.6666666666667,411.3333333333333,0.8333333333333334,0.0,0.0,0.0,97.0,39.5,0.4,6.0,14.5,0.0,0.6,6.0,27.0,27.0,2025-09-02 05:08:57
6832,ALM,Almería,esp.almeria,13564,748549,1,57.1,14.0,4.0,0.0,0.0,8.0,1.0,16.0,5.0,0.3,0.0,0.0,225.4,270.0,0.8800000000000001,0.0,0.0,0.0,33.5,17.5,0.55,5.0,8.0,0.0,0.6666666666666666,8.0,15.5,15.5,2025-08-30 05:02:25
3842,CAD,Cádiz,esp.cadiz,13564,748555,0,51.8,15.0,4.0,0.0,0.0,7.0,3.0,6.0,2.0,0.3,0.0,0.0,182.5,216.0,0.8500000000000001,0.0,0.0,0.0,26.0,13.5,0.55,3.0,3.0,0.0,0.65,5.0,5.5,5.5,2025-09-02 05:08:57
6832,ALM,Almería,esp.almeria,13564,748557,0,42.3,15.0,3.0,1.0,0.0,5.0,4.0,15.0,5.0,0.3,0.0,0.0,225.4,270.0,0.8800000000000001,0.0,0.0,0.0,33.5,17.5,0.55,1.0,8.0,0.0,0.6666666666666666,8.0,15.5,15.5,2025-09-09 05:10:44
3842,CAD,Cádiz,esp.cadiz,13564,748564,1,48.0,13.0,3.0,0.0,0.0,5.0,2.0,9.0,2.0,0.2,0.0,0.0,182.5,216.0,0.8500000000000001,0.0,0.0,0.0,26.0,13.5,0.55,1.0,3.0,0.0,0.65,5.0,5.5,5.5,2025-09-09 05:10:44
3747,GRA,Granada,esp.granada_cf,13564,748565,1,46.1,13.0,1.0,0.0,0.0,1.0,1.0,18.0,7.0,0.4,0.0,0.0,327.6666666666667,411.3333333333333,0.8333333333333334,0.0,0.0,0.0,97.0,39.5,0.4,4.0,14.5,0.0,0.6,6.0,27.0,27.0,2025-09-08 05:09:13
6832,ALM,Almería,esp.almeria,13564,748569,1,59.7,13.0,5.0,0.0,0.0,3.0,5.0,14.0,3.0,0.2,1.0,2.0,225.4,270.0,0.8800000000000001,0.0,0.0,0.0,33.5,17.5,0.55,4.0,8.0,0.0,0.6666666666666666,8.0,15.5,15.5,2025-09-14 05:25:12
3747,GRA,Granada,esp.granada_cf,13564,748574,0,53.0,12.0,2.0,0.0,0.0,5.0,1.0,13.0,4.0,0.3,0.0,0.0,327.6666666666667,411.3333333333333,0.8333333333333334,0.0,0.0,0.0,97.0,39.5,0.4,1.0,14.5,0.0,0.6,6.0,27.0,27.0,2025-09-17 05:14:04
3842,CAD,Cádiz,esp.cadiz,13564,748577,0,42.4,15.0,2.0,0.0,0.0,5.0,4.0,12.0,4.0,0.3,0.0,0.0,182.5,216.0,0.8500000000000001,0.0,0.0,0.0,26.0,13.5,0.55,4.0,3.0,0.0,0.65,5.0,5.5,5.5,2025-09-14 05:25:12
6832,ALM,Almería,esp.almeria,13564,748580,0,68.2,15.0,3.0,0.0,0.0,6.0,4.0,24.0,9.0,0.4,0.0,0.0,225.4,270.0,0.8800000000000001,0.0,0.0,0.0,33.5,17.5,0.55,7.0,8.0,0.0,0.6666666666666666,8.0,15.5,15.5,2025-09-22 05:10:02
3747,GRA,Granada,esp.granada_cf,13564,748581,1,45.5,13.0,3.0,0.0,0.0,1.0,2.0,7.0,2.0,0.3,0.0,0.0,327.6666666666667,411.3333333333333,0.8333333333333334,0.0,0.0,0.0,97.0,39.5,0.4,1.0,14.5,0.0,0.6,6.0,27.0,27.0,2025-09-24 05:11:23
3842,CAD,Cádiz,esp.cadiz,13564,748587,1,39.4,11.0,2.0,0.0,0.0,2.0,5.0,7.0,3.0,0.4,0.0,0.0,182.5,216.0,0.8500000000000001,0.0,0.0,0.0,26.0,13.5,0.55,1.0,3.0,0.0,0.65,5.0,5.5,5.5,2025-09-23 05:11:02
6832,ALM,Almería,esp.almeria,13564,748596,1,37.4,17.0,2.0,1.0,0.0,1.0,3.0,13.0,2.0,0.2,0.0,0.0,225.4,270.0,0.8800000000000001,0.0,0.0,0.0,33.5,17.5,0.55,1.0,8.0,0.0,0.6666666666666666,8.0,15.5,15.5,2025-09-29 05:21:02
3747,GRA,Granada,esp.granada_cf,13564,748597,1,38.9,12.0,1.0,0.0,0.0,2.0,2.0,9.0,3.0,0.3,0.0,0.0,327.6666666666667,411.3333333333333,0.8333333333333334,0.0,0.0,0.0,97.0,39.5,0.4,3.0,14.5,0.0,0.6,6.0,27.0,27.0,2025-09-30 05:13:10
3842,CAD,Cádiz,esp.cadiz,13564,748600,0,41.7,10.0,2.0,0.0,0.0,1.0,3.0,8.0,3.0,0.4,0.0,0.0,182.5,216.0,0.8500000000000001,0.0,0.0,0.0,26.0,13.5,0.55,0.0,3.0,0.0,0.65,5.0,5.5,5.5,2025-09-30 05:13:10
3842,CAD,Cádiz,esp.cadiz,13564,748602,1,39.1,18.0,4.0,0.0,0.0,5.0,0.0,8.0,3.0,0.4,0.0,0.0,182.5,216.0,0.8500000000000001,0.0,0.0,0.0,26.0,13.5,0.55,2.0,3.0,0.0,0.65,5.0,5.5,5.5,2025-10-08 05:23:16
3747,GRA,Granada,esp.granada_cf,13564,748605,0,44.2,18.0,2.0,0.0,0.0,2.0,6.0,13.0,5.0,0.4,0.0,0.0,327.6666666666667,411.3333333333333,0.8333333333333334,0.0,0.0,0.0,97.0,39.5,0.4,3.0,14.5,0.0,0.6,6.0,27.0,27.0,2025-10-05 05:19:58
6832,ALM,Almería,esp.almeria,13564,748609,1,53.1,13.0,3.0,0.0,0.0,2.0,3.0,10.0,3.0,0.3,0.0,0.0,225.4,270.0,0.8800000000000001,0.0,0.0,0.0,33.5,17.5,0.55,6.0,8.0,0.0,0.6666666666666666,8.0,15.5,15.5,2025-10-05 05:19:58
3747,GRA,Granada,esp.granada_cf,13564,748612,0,40.2,18.0,1.0,0.0,0.0,7.0,1.0,11.0,1.0,0.1,0.0,0.0,327.6666666666667,411.3333333333333,0.8333333333333334,0.0,0.0,0.0,97.0,39.5,0.4,2.0,14.5,0.0,0.6,6.0,27.0,27.0,2025-10-13 05:17:12
6832,ALM,Almería,esp.almeria,13564,748618,0,57.7,18.0,2.0,0.0,0.0,7.0,3.0,22.0,14.0,0.6,0.0,0.0,225.4,270.0,0.8800000000000001,0.0,0.0,0.0,33.5,17.5,0.55,3.0,8.0,0.0,0.6666666666666666,8.0,15.5,15.5,2025-10-13 05:17:12
3842,CAD,Cádiz,esp.cadiz,13564,748620,0,59.0,12.0,2.0,0.0,0.0,13.0,1.0,11.0,2.0,0.2,0.0,0.0,182.5,216.0,0.8500000000000001,0.0,0.0,0.0,26.0,13.5,0.55,3.0,3.0,0.0,0.65,5.0,5.5,5.5,2025-10-14 05:15:44
3747,GRA,Granada,esp.granada_cf,13564,748631,1,38.6,15.0,2.0,0.0,0.0,3.0,3.0,13.0,4.0,0.3,0.0,0.0,327.6666666666667,411.3333333333333,0.8333333333333334,0.0,0.0,0.0,97.0,39.5,0.4,3.0,14.5,0.0,0.6,6.0,27.0,27.0,2025-10-18 05:20:05
6832,ALM,Almería,esp.almeria,13564,748632,1,53.2,11.0,2.0,0.0,0.0,2.0,4.0,13.0,4.0,0.3,0.0,0.0,225.4,270.0,0.8800000000000001,0.0,0.0,0.0,33.5,17.5,0.55,1.0,8.0,0.0,0.6666666666666666,8.0,15.5,15.5,2025-10-21 05:14:31
3842,CAD,Cádiz,esp.cadiz,13564,748633,0,59.5,14.0,3.0,0.0,0.0,1.0,1.0,9.0,3.0,0.3,0.0,0.0,182.5,216.0,0.8500000000000001,0.0,0.0,0.0,26.0,13.5,0.55,1.0,3.0,0.0,0.65,5.0,5.5,5.5,2025-10-22 05:13:45
3747,GRA,Granada,esp.granada_cf,13564,748638,0,58.4,7.0,1.0,0.0,0.0,8.0,1.0,18.0,1.0,0.1,0.0,0.0,327.6666666666667,411.3333333333333,0.8333333333333334,0.0,0.0,0.0,97.0,39.5,0.4,5.0,14.5,0.0,0.6,6.0,27.0,27.0,2025-10-27 05:16:32
3842,CAD,Cádiz,esp.cadiz,13564,748638,1,41.6,17.0,2.0,0.0,0.0,4.0,1.0,11.0,1.0,0.1,0.0,0.0,182.5,216.0,0.8500000000000001,0.0,0.0,0.0,26.0,13.5,0.55,5.0,3.0,0.0,0.65,5.0,5.5,5.5,2025-10-27 05:16:32
6832,ALM,Almería,esp.almeria,13564,748643,0,48.3,11.0,1.0,0.0,0.0,6.0,4.0,15.0,4.0,0.3,0.0,0.0,225.4,270.0,0.8800000000000001,0.0,0.0,0.0,33.5,17.5,0.55,3.0,8.0,0.0,0.6666666666666666,8.0,15.5,15.5,2025-10-28 05:13:22
6832,ALM,Almería,esp.almeria,13564,748648,0,42.4,15.0,2.0,0.0,0.0,3.0,4.0,11.0,5.0,0.5,1.0,1.0,225.4,270.0,0.8800000000000001,0.0,0.0,0.0,33.5,17.5,0.55,2.0,8.0,0.0,0.6666666666666666,8.0,15.5,15.5,2025-11-02 05:15:08
3842,CAD,Cádiz,esp.cadiz,13564,748652,1,44.0,14.0,2.0,0.0,0.0,3.0,3.0,5.0,1.0,0.2,0.0,0.0,182.5,216.0,0.8500000000000001,0.0,0.0,0.0,26.0,13.5,0.55,0.0,3.0,0.0,0.65,5.0,5.5,5.5,2025-11-03 06:14:20
3747,GRA,Granada,esp.granada_cf,13564,748653,1,49.0,13.0,4.0,1.0,0.0,2.0,4.0,8.0,3.0,0.4,0.0,0.0,327.6666666666667,411.3333333333333,0.8333333333333334,0.0,0.0,0.0,97.0,39.5,0.4,2.0,14.5,0.0,0.6,6.0,27.0,27.0,2025-11-05 06:13:31
3747,GRA,Granada,esp.granada_cf,13564,748657,0,59.2,10.0,0.0,0.0,0.0,6.0,3.0,16.0,7.0,0.4,0.0,0.0,327.6666666666667,411.3333333333333,0.8333333333333334,0.0,0.0,0.0,97.0,39.5,0.4,3.0,14.5,0.0,0.6,6.0,27.0,27.0,2025-11-11 06:10:14
3842,CAD,Cádiz,esp.cadiz,13564,748660,0,48.9,16.0,6.0,0.0,0.0,2.0,1.0,6.0,2.0,0.3,0.0,0.0,182.5,216.0,0.8500000000000001,0.0,0.0,0.0,26.0,13.5,0.55,1.0,3.0,0.0,0.65,5.0,5.5,5.5,2025-11-11 06:10:14
6832,ALM,Almería,esp.almeria,13564,748666,1,56.8,17.0,5.0,0.0,0.0,2.0,5.0,15.0,6.0,0.4,0.0,0.0,225.4,270.0,0.8800000000000001,0.0,0.0,0.0,33.5,17.5,0.55,4.0,8.0,0.0,0.6666666666666666,8.0,15.5,15.5,2025-11-28 06:12:55
3747,GRA,Granada,esp.granada_cf,13564,748667,1,48.7,17.0,5.0,0.0,0.0,4.0,3.0,13.0,5.0,0.4,0.0,0.0,327.6666666666667,411.3333333333333,0.8333333333333334,0.0,0.0,0.0,97.0,39.5,0.4,2.0,14.5,0.0,0.6,6.0,27.0,27.0,2025-11-17 06:09:46
6832,ALM,Almería,esp.almeria,13564,748672,0,58.7,13.0,3.0,0.0,0.0,14.0,2.0,16.0,9.0,0.6,1.0,1.0,225.4,270.0,0.8800000000000001,0.0,0.0,0.0,33.5,17.5,0.55,4.0,8.0,0.0,0.6666666666666666,8.0,15.5,15.5,2025-11-18 06:07:36
3842,CAD,Cádiz,esp.cadiz,13564,748672,1,41.3,11.0,1.0,0.0,0.0,5.0,6.0,7.0,3.0,0.4,0.0,0.0,182.5,216.0,0.8500000000000001,0.0,0.0,0.0,26.0,13.5,0.55,1.0,3.0,0.0,0.65,5.0,5.5,5.5,2025-11-18 06:07:36
6832,ALM,Almería,esp.almeria,13564,748678,1,41.9,17.0,4.0,0.0,0.0,0.0,9.0,7.0,4.0,0.6,0.0,0.0,225.4,270.0,0.8800000000000001,0.0,0.0,0.0,33.5,17.5,0.55,0.0,8.0,0.0,0.6666666666666666,8.0,15.5,15.5,2025-11-25 02:43:42
3747,GRA,Granada,esp.granada_cf,13564,748681,0,48.8,11.0,3.0,0.0,0.0,7.0,4.0,18.0,6.0,0.3,0.0,0.0,327.6666666666667,411.3333333333333,0.8333333333333334,0.0,0.0,0.0,97.0,39.5,0.4,5.0,14.5,0.0,0.6,6.0,27.0,27.0,2025-12-02 06:10:38
3842,CAD,Cádiz,esp.cadiz,13564,748685,0,51.1,11.0,1.0,0.0,0.0,11.0,5.0,16.0,7.0,0.4,0.0,1.0,182.5,216.0,0.8500000000000001,0.0,0.0,0.0,26.0,13.5,0.55,1.0,3.0,0.0,0.65,5.0,5.5,5.5,2025-11-25 02:43:42
6832,ALM,Almería,esp.almeria,13564,748690,0,68.9,11.0,1.0,0.0,0.0,13.0,1.0,24.0,6.0,0.3,0.0,0.0,225.4,270.0,0.8800000000000001,0.0,0.0,0.0,33.5,17.5,0.55,7.0,8.0,0.0,0.6666666666666666,8.0,15.5,15.5,2025-11-30 06:14:16
3747,GRA,Granada,esp.granada_cf,13564,748693,1,45.6,22.0,3.0,0.0,0.0,4.0,4.0,8.0,3.0,0.4,0.0,0.0,327.6666666666667,411.3333333333333,0.8333333333333334,0.0,0.0,0.0,97.0,39.5,0.4,0.0,14.5,0.0,0.6,6.0,27.0,27.0,2025-12-01 06:12:29
3842,CAD,Cádiz,esp.cadiz,13564,748694,1,30.4,22.0,4.0,0.0,0.0,4.0,5.0,7.0,4.0,0.6,0.0,0.0,182.5,216.0,0.8500000000000001,0.0,0.0,0.0,26.0,13.5,0.55,3.0,3.0,0.0,0.65,5.0,5.5,5.5,2025-12-02 06:10:38
6832,ALM,Almería,esp.almeria,13564,748700,1,40.1,13.0,2.0,0.0,0.0,4.0,4.0,17.0,8.0,0.5,0.0,0.0,225.4,270.0,0.8800000000000001,0.0,0.0,0.0,33.5,17.5,0.55,4.0,8.0,0.0,0.6666666666666666,8.0,15.5,15.5,2025-12-11 05:58:25
3842,CAD,Cádiz,esp.cadiz,13564,748703,0,29.9,22.0,6.0,0.0,0.0,5.0,5.0,15.0,5.0,0.3,0.0,0.0,182.5,216.0,0.8500000000000001,0.0,0.0,0.0,26.0,13.5,0.55,4.0,3.0,0.0,0.65,5.0,5.5,5.5,2025-12-09 06:02:24
3747,GRA,Granada,esp.granada_cf,13564,748706,0,56.9,10.0,2.0,0.0,0.0,5.0,2.0,15.0,3.0,0.2,0.0,0.0,327.6666666666667,411.3333333333333,0.8333333333333334,0.0,0.0,0.0,97.0,39.5,0.4,6.0,14.5,0.0,0.6,6.0,27.0,27.0,2025-12-09 06:02:24
6832,ALM,Almería,esp.almeria,12996,754701,0,46.7,16.0,1.0,0.0,7.0,9.0,0.0,17.0,11.0,0.6,0.0,0.0,263.0,328.0,0.8,2.0,15.0,0.1,48.0,30.0,0.6,1.0,6.0,12.0,0.5,6.0,4.0,4.0,2025-08-11 04:41:30
393,NFO,Nottingham Forest,eng.nottm_forest,13688,757805,1,43.8,16.0,2.0,0.0,1.0,3.0,2.0,16.0,6.0,0.4,0.0,0.0,353.0,414.0,0.9,5.0,10.0,0.5,39.0,20.0,0.5,7.0,13.0,18.0,0.7,3.0,15.0,15.0,2025-09-25 05:15:13
393,NFO,Nottingham Forest,eng.nottm_forest,13688,757830,0,61.4,14.0,3.0,0.0,3.0,10.0,1.0,22.0,9.0,0.4,1.0,1.0,402.0,466.0,0.9,8.0,32.0,0.3,37.0,20.0,0.5,6.0,15.0,19.0,0.8,3.0,18.0,18.0,2025-10-03 05:13:17
393,NFO,Nottingham Forest,eng.nottm_forest,13688,757846,0,50.8,13.0,2.0,0.0,0.0,3.0,1.0,8.0,3.0,0.4,2.0,2.0,390.0,457.0,0.9,3.0,17.0,0.2,57.0,31.0,0.5,3.0,13.0,17.0,0.8,11.0,29.0,29.0,2025-10-24 05:12:01
393,NFO,Nottingham Forest,eng.nottm_forest,13688,757859,1,57.8,13.0,1.0,0.0,2.0,4.0,2.0,9.0,2.0,0.2,0.0,1.0,455.0,534.0,0.9,4.0,23.0,0.2,59.0,39.0,0.7,2.0,16.0,21.0,0.8,8.0,11.0,11.0,2025-11-07 06:11:40
393,NFO,Nottingham Forest,eng.nottm_forest,13688,757885,0,65.4,14.0,4.0,0.0,0.0,7.0,1.0,22.0,10.0,0.5,0.0,0.0,612.0,675.0,0.9,5.0,30.0,0.2,37.0,18.0,0.5,6.0,14.0,18.0,0.8,11.0,24.5,24.5,2025-11-28 06:12:55
