teamId,abbreviation,displayName,slug,seasonType,eventId,teamOrder,possessionPct,foulsCommitted,yellowCards,redCards,offsides,wonCorners,saves,totalShots,shotsOnTarget,shotPct,penaltyKickGoals,penaltyKickShots,accuratePasses,totalPasses,passPct,accurateCrosses,totalCrosses,crossPct,totalLongBalls,accurateLongBalls,longballPct,blockedShots,effectiveTackles,totalTackles,tacklePct,interceptions,effectiveClearance,totalClearance,updateTime,precision_tiro,aprovechamiento_posesion,aprovechamiento_posesion_peligroso,peligrosidad_centros,precision_centros,limpieza_defensiva,limpieza_defensiva_completa,efectividad_despeje,indice_verticalidad,verticalidad_efectiva,precision_verticalidad,intensidad_circulacion,intensidad_circulacion_precisa
122,KOE,FC Cologne,ger.1_fc_kln,12612,703041,1,47.7,21.0,5.0,0.0,2.0,12.0,5.0,23.0,13.0,0.6,0.0,0.0,366.0,493.0,0.7,9.0,28.0,0.3,72.0,34.0,0.5,5.0,14.0,26.0,0.5,12.0,17.0,17.0,2024-08-19 04:19:09,56.52173913043478,0.4821802935010482,0.27253668763102723,0.0019285714285714286,32.142857142857146,36.36363636363637,55.319148936170215,100.0,14.60446247464503,6.896551724137931,47.22222222222222,10.335429769392032,7.6729559748427665
121,BOC,VfL Bochum,ger.vfl_bochum,12612,703044,1,65.4,18.0,7.0,0.0,4.0,5.0,5.0,18.0,7.0,0.4,0.0,0.0,365.0,491.0,0.7,3.0,16.0,0.2,79.0,36.0,0.5,3.0,12.0,19.0,0.6,8.0,5.0,5.0,2024-08-19 04:19:08,38.88888888888889,0.2752293577981651,0.10703363914373087,0.0007500000000000001,18.75,30.76923076923077,52.63157894736842,100.0,16.08961303462322,7.3319755600814664,45.56962025316456,7.507645259938838,5.581039755351681
393,NFO,Nottingham Forest,eng.nottm_forest,12654,704284,0,52.9,17.0,1.0,0.0,1.0,2.0,3.0,14.0,8.0,0.6,0.0,0.0,402.0,503.0,0.8,3.0,13.0,0.2,51.0,22.0,0.4,3.0,12.0,24.0,0.5,7.0,25.0,25.0,2024-08-18 04:18:21,57.14285714285714,0.26465028355387527,0.15122873345935728,0.0013846153846153847,23.076923076923077,29.166666666666668,52.77777777777778,100.0,10.139165009940358,4.3737574552683895,43.13725490196079,9.508506616257089,7.599243856332704
393,NFO,Nottingham Forest,eng.nottm_forest,12654,704296,1,35.4,14.0,3.0,0.0,1.0,10.0,1.0,23.0,8.0,0.3,0.0,0.0,294.0,352.0,0.8,5.0,19.0,0.3,48.0,25.0,0.5,7.0,15.0,24.0,0.6,11.0,23.0,23.0,2024-08-25 04:19:45,34.78260869565217,0.6497175141242938,0.22598870056497175,0.0007894736842105263,26.31578947368421,44.0,65.0,100.0,13.636363636363635,7.1022727272727275,52.083333333333336,9.943502824858758,8.305084745762713
393,NFO,Nottingham Forest,eng.nottm_forest,12654,704303,0,51.7,15.0,3.0,0.0,4.0,7.0,1.0,16.0,5.0,0.3,0.0,0.0,293.0,367.0,0.8,5.0,23.0,0.2,55.0,26.0,0.5,6.0,12.0,17.0,0.7,10.0,13.0,13.0,2024-09-01 04:22:00,31.25,0.3094777562862669,0.09671179883945841,0.0006521739130434782,21.73913043478261,40.0,59.45945945945946,100.0,14.986376021798364,7.084468664850137,47.27272727272727,7.098646034816247,5.667311411992263
393,NFO,Nottingham Forest,eng.nottm_forest,12654,704314,1,45.41587301587301,11.26984126984127,0.0,0.0,0.0,0.0,0.0,0.0,0.0,0.0,0.0,0.0,319.3809523809524,393.968253968254,0.7984126984126984,0.0,0.0,0.0,50.22222222222222,21.158730158730158,0.419047619047619,0.0,11.079365079365079,0.0,0.6047619047619048,7.936507936507937,27.85483870967742,27.85483870967742,2025-07-13 17:50:09,0.0,0.0,0.0,0.0,0.0,41.32231404958677,62.78825995807128,100.0,12.747784045124899,5.370668815471394,42.13021491782554,8.674681951628688,7.032364043058858
393,NFO,Nottingham Forest,eng.nottm_forest,12654,704320,1,29.6,11.0,4.0,1.0,4.0,1.0,1.0,4.0,3.0,0.8,1.0,1.0,169.0,245.0,0.7,0.0,4.0,0.0,59.0,14.0,0.2,1.0,8.0,18.0,0.4,8.0,48.0,48.0,2024-10-14 06:59:34,75.0,0.13513513513513511,0.10135135135135134,0.0,0.0,42.10526315789473,59.25925925925925,100.0,24.081632653061224,5.714285714285714,23.728813559322035,8.277027027027026,5.709459459459459
393,NFO,Nottingham Forest,eng.nottm_forest,12654,704333,0,40.6,11.0,2.0,0.0,7.0,6.0,1.0,11.0,1.0,0.1,0.0,0.0,278.0,351.0,0.8,5.0,26.0,0.2,35.0,11.0,0.3,5.0,3.0,8.0,0.4,9.0,22.0,22.0,2024-10-14 06:59:34,9.090909090909092,0.270935960591133,0.02463054187192118,0.0001923076923076923,19.230769230769234,45.0,52.17391304347826,100.0,9.971509971509972,3.133903133903134,31.428571428571427,8.645320197044335,6.847290640394088
393,NFO,Nottingham Forest,eng.nottm_forest,12654,704342,1,33.9,11.0,2.0,1.0,3.0,3.0,7.0,16.0,9.0,0.6,0.0,0.0,233.0,306.0,0.8,3.0,11.0,0.3,46.0,15.0,0.3,6.0,6.0,12.0,0.5,6.0,32.0,32.0,2024-10-14 06:59:34,56.25,0.471976401179941,0.26548672566371684,0.001636363636363636,27.27272727272727,35.294117647058826,52.17391304347826,100.0,15.032679738562091,4.901960784313726,32.608695652173914,9.026548672566372,6.873156342182891
393,NFO,Nottingham Forest,eng.nottm_forest,12654,704350,0,50.3,9.0,2.0,0.0,2.0,6.0,7.0,20.0,6.0,0.3,0.0,0.0,362.0,441.0,0.8,9.0,23.0,0.4,46.0,25.0,0.5,9.0,5.0,9.0,0.6,14.0,17.0,17.0,2024-10-22 23:19:35,30.0,0.3976143141153082,0.11928429423459246,0.0011739130434782609,39.130434782608695,60.86956521739131,67.85714285714286,100.0,10.430839002267573,5.6689342403628125,54.347826086956516,8.767395626242545,7.196819085487078
393,NFO,Nottingham Forest,eng.nottm_forest,12654,704362,1,35.6,9.0,3.0,0.0,1.0,7.0,0.0,20.0,5.0,0.3,0.0,0.0,231.0,305.0,0.8,1.0,21.0,0.0,60.0,28.0,0.5,6.0,11.0,19.0,0.6,10.0,30.0,30.0,2024-10-26 13:50:23,25.0,0.5617977528089887,0.14044943820224717,0.00014285714285714284,4.761904761904762,52.63157894736842,70.0,100.0,19.672131147540984,9.180327868852459,46.666666666666664,8.567415730337078,6.48876404494382
393,NFO,Nottingham Forest,eng.nottm_forest,12654,704371,0,53.4,7.0,1.0,0.0,1.0,11.0,1.0,19.0,6.0,0.3,0.0,0.0,378.0,446.0,0.8,3.0,20.0,0.2,46.0,24.0,0.5,3.0,12.0,18.0,0.7,6.0,21.0,21.0,2024-11-03 13:39:59,31.57894736842105,0.3558052434456929,0.11235955056179775,0.00045,15.0,46.15384615384615,72.0,100.0,10.31390134529148,5.381165919282512,52.17391304347826,8.352059925093632,7.078651685393258
393,NFO,Nottingham Forest,eng.nottm_forest,12654,704387,0,43.7,13.0,1.0,0.0,3.0,4.0,3.0,9.0,3.0,0.3,0.0,0.0,299.0,383.0,0.8,5.0,23.0,0.2,53.0,23.0,0.4,3.0,19.0,29.0,0.7,7.0,28.0,28.0,2024-11-11 06:17:44,33.33333333333333,0.20594965675057206,0.06864988558352403,0.0006521739130434782,21.73913043478261,35.0,66.66666666666666,100.0,13.838120104438643,6.005221932114883,43.39622641509434,8.764302059496567,6.842105263157895
393,NFO,Nottingham Forest,eng.nottm_forest,12654,704393,1,33.9,11.0,2.0,0.0,2.0,1.0,3.0,7.0,0.0,0.0,0.0,0.0,240.0,295.0,0.8,7.0,18.0,0.4,43.0,20.0,0.5,2.0,10.0,16.0,0.6,10.0,24.0,24.0,2024-11-24 15:57:29,0.0,0.20648967551622419,0.0,0.0,38.88888888888889,47.61904761904761,64.51612903225806,100.0,14.576271186440678,6.779661016949152,46.51162790697674,8.702064896755163,7.079646017699115
393,NFO,Nottingham Forest,eng.nottm_forest,12654,704399,0,44.7,5.0,1.0,0.0,3.0,8.0,2.0,12.0,5.0,0.4,1.0,1.0,238.0,310.0,0.8,7.0,20.0,0.4,40.0,16.0,0.4,2.0,12.0,20.0,0.6,8.0,22.0,22.0,2024-12-01 06:00:01,41.66666666666667,0.2684563758389262,0.11185682326621924,0.0013999999999999998,35.0,61.53846153846154,80.0,100.0,12.903225806451612,5.161290322580645,40.0,6.935123042505593,5.324384787472035
393,NFO,Nottingham Forest,eng.nottm_forest,12654,704416,1,33.4,15.0,4.0,0.0,2.0,2.0,3.0,12.0,3.0,0.3,0.0,0.0,230.0,288.0,0.8,3.0,13.0,0.2,34.0,13.0,0.4,2.0,16.0,24.0,0.7,14.0,18.0,18.0,2024-12-06 05:57:16,25.0,0.3592814371257485,0.08982035928143713,0.0006923076923076924,23.076923076923077,48.275862068965516,66.66666666666666,100.0,11.805555555555555,4.513888888888888,38.23529411764706,8.622754491017965,6.88622754491018
393,NFO,Nottingham Forest,eng.nottm_forest,12654,704419,1,28.7,13.0,2.0,0.0,1.0,3.0,5.0,11.0,3.0,0.3,0.0,0.0,158.0,242.0,0.7,4.0,7.0,0.6,46.0,12.0,0.3,4.0,8.0,16.0,0.5,8.0,31.0,31.0,2024-12-10 05:55:59,27.27272727272727,0.3832752613240418,0.10452961672473868,0.001714285714285714,57.14285714285714,38.095238095238095,55.172413793103445,100.0,19.00826446280992,4.958677685950414,26.08695652173913,8.43205574912892,5.505226480836237
393,NFO,Nottingham Forest,eng.nottm_forest,12654,704436,0,50.3,12.0,0.0,0.0,2.0,4.0,1.0,17.0,6.0,0.4,0.0,0.0,431.0,472.0,0.9,5.0,21.0,0.2,33.0,21.0,0.6,5.0,14.0,19.0,0.7,8.0,24.0,24.0,2024-12-15 05:56:47,35.294117647058826,0.33797216699801197,0.11928429423459246,0.0009523809523809524,23.809523809523807,40.0,64.70588235294117,100.0,6.991525423728813,4.4491525423728815,63.63636363636363,9.383697813121273,8.568588469184892
393,NFO,Nottingham Forest,eng.nottm_forest,12654,704445,1,35.6,14.0,4.0,0.0,3.0,5.0,3.0,10.0,6.0,0.6,0.0,0.0,236.0,303.0,0.8,1.0,14.0,0.1,51.0,22.0,0.4,1.0,9.0,20.0,0.5,18.0,49.0,49.0,2024-12-22 05:54:10,60.0,0.28089887640449435,0.16853932584269662,0.0004285714285714285,7.142857142857142,56.25,65.85365853658537,100.0,16.831683168316832,7.2607260726072615,43.13725490196079,8.51123595505618,6.629213483146067
393,NFO,Nottingham Forest,eng.nottm_forest,12654,704453,0,29.6,12.0,3.0,0.0,4.0,2.0,4.0,10.0,3.0,0.3,0.0,0.0,191.0,261.0,0.7,1.0,6.0,0.2,50.0,19.0,0.4,2.0,13.0,21.0,0.6,10.0,32.0,32.0,2024-12-27 05:48:38,30.0,0.33783783783783783,0.10135135135135134,0.0005,16.666666666666664,45.45454545454545,65.71428571428571,100.0,19.157088122605366,7.2796934865900385,38.0,8.817567567567567,6.452702702702703
393,NFO,Nottingham Forest,eng.nottm_forest,12654,704465,1,36.3,10.0,1.0,0.0,2.0,4.0,2.0,11.0,7.0,0.6,0.0,0.0,196.0,288.0,0.7,1.0,8.0,0.1,70.0,22.0,0.3,0.0,13.0,18.0,0.7,10.0,39.0,39.0,2024-12-30 05:52:42,63.63636363636363,0.30303030303030304,0.1928374655647383,0.00075,12.5,50.0,69.6969696969697,100.0,24.305555555555554,7.638888888888889,31.428571428571427,7.933884297520661,5.3994490358126725
393,NFO,Nottingham Forest,eng.nottm_forest,12654,704476,1,39.2,8.0,2.0,0.0,4.0,3.0,5.0,11.0,3.0,0.3,0.0,0.0,286.0,361.0,0.8,2.0,10.0,0.2,50.0,21.0,0.4,2.0,12.0,18.0,0.7,10.0,35.0,35.0,2025-01-08 05:41:48,27.27272727272727,0.28061224489795916,0.07653061224489795,0.0006,20.0,55.55555555555556,73.33333333333333,100.0,13.850415512465375,5.8171745152354575,42.0,9.209183673469386,7.295918367346938
393,NFO,Nottingham Forest,eng.nottm_forest,12654,704484,0,29.0,7.0,2.0,0.0,2.0,0.0,5.0,6.0,3.0,0.5,0.0,0.0,159.0,235.0,0.7,0.0,9.0,0.0,62.0,23.0,0.4,2.0,15.0,20.0,0.8,9.0,58.0,58.0,2025-01-15 05:36:16,50.0,0.20689655172413793,0.10344827586206896,0.0,0.0,56.25,77.41935483870968,100.0,26.382978723404253,9.787234042553191,37.096774193548384,8.10344827586207,5.482758620689655
393,NFO,Nottingham Forest,eng.nottm_forest,12654,704492,0,44.5,4.0,0.0,0.0,3.0,2.0,1.0,14.0,5.0,0.4,0.0,0.0,318.0,386.0,0.8,5.0,18.0,0.3,50.0,25.0,0.5,2.0,11.0,19.0,0.6,8.0,21.0,21.0,2025-01-20 14:35:18,35.714285714285715,0.3146067415730337,0.11235955056179775,0.0011111111111111111,27.77777777777778,66.66666666666666,82.6086956521739,100.0,12.953367875647666,6.476683937823833,50.0,8.674157303370787,7.146067415730337
393,NFO,Nottingham Forest,eng.nottm_forest,12654,704507,1,49.0,12.0,3.0,0.0,2.0,9.0,5.0,18.0,4.0,0.2,0.0,0.0,253.0,338.0,0.7,6.0,23.0,0.3,44.0,19.0,0.4,5.0,6.0,11.0,0.5,5.0,24.0,24.0,2025-01-26 05:40:34,22.22222222222222,0.3673469387755102,0.08163265306122448,0.0005217391304347827,26.08695652173913,29.411764705882355,47.82608695652174,100.0,13.017751479289942,5.621301775147929,43.18181818181818,6.8979591836734695,5.163265306122449
393,NFO,Nottingham Forest,eng.nottm_forest,12654,704518,0,37.4,8.0,1.0,0.0,1.0,4.0,6.0,14.0,9.0,0.6,1.0,1.0,256.0,326.0,0.8,4.0,10.0,0.4,50.0,26.0,0.5,1.0,15.0,21.0,0.7,7.0,38.0,38.0,2025-02-02 14:50:29,64.28571428571429,0.37433155080213903,0.24064171122994654,0.0024,40.0,46.666666666666664,73.33333333333333,100.0,15.337423312883436,7.975460122699387,52.0,8.716577540106952,6.8449197860962565
393,NFO,Nottingham Forest,eng.nottm_forest,12654,704519,1,44.5,8.0,0.0,0.0,1.0,4.0,8.0,8.0,2.0,0.3,0.0,0.0,343.0,404.0,0.8,4.0,18.0,0.2,49.0,25.0,0.5,3.0,7.0,10.0,0.7,8.0,30.0,30.0,2025-02-16 05:49:53,25.0,0.1797752808988764,0.0449438202247191,0.0006666666666666666,22.22222222222222,50.0,65.21739130434783,100.0,12.128712871287128,6.188118811881188,51.02040816326531,9.07865168539326,7.707865168539326
393,NFO,Nottingham Forest,eng.nottm_forest,12654,704533,1,42.9,13.0,4.0,0.0,0.0,6.0,1.0,17.0,5.0,0.3,0.0,0.0,253.0,345.0,0.7,8.0,20.0,0.4,50.0,12.0,0.2,7.0,20.0,28.0,0.7,3.0,25.0,25.0,2025-02-24 05:52:05,29.411764705882355,0.3962703962703963,0.11655011655011656,0.0012,40.0,18.75,63.888888888888886,100.0,14.492753623188406,3.4782608695652173,24.0,8.041958041958042,5.897435897435898
393,NFO,Nottingham Forest,eng.nottm_forest,12654,704541,0,34.9,10.0,1.0,0.0,1.0,3.0,1.0,6.0,2.0,0.3,0.0,0.0,199.0,268.0,0.7,4.0,18.0,0.2,47.0,19.0,0.4,3.0,10.0,18.0,0.6,8.0,31.0,31.0,2025-02-28 05:53:14,33.33333333333333,0.17191977077363899,0.05730659025787966,0.0006666666666666666,22.22222222222222,44.44444444444444,64.28571428571429,100.0,17.537313432835823,7.08955223880597,40.42553191489361,7.679083094555875,5.702005730659026
393,NFO,Nottingham Forest,eng.nottm_forest,12654,704554,0,30.9,9.0,3.0,0.0,1.0,3.0,3.0,9.0,4.0,0.4,0.0,0.0,208.0,261.0,0.8,7.0,18.0,0.4,46.0,17.0,0.4,2.0,8.0,17.0,0.5,5.0,25.0,25.0,2025-03-09 05:48:56,44.44444444444444,0.29126213592233013,0.12944983818770228,0.0015555555555555557,38.88888888888889,35.714285714285715,59.09090909090909,100.0,17.624521072796934,6.513409961685824,36.95652173913043,8.446601941747574,6.731391585760518
393,NFO,Nottingham Forest,eng.nottm_forest,12654,704568,1,44.3,13.0,1.0,0.0,1.0,3.0,1.0,11.0,6.0,0.5,0.0,0.0,280.0,356.0,0.8,1.0,11.0,0.1,58.0,21.0,0.4,1.0,11.0,15.0,0.7,3.0,33.0,33.0,2025-03-16 04:51:22,54.54545454545454,0.24830699774266368,0.13544018058690746,0.00045454545454545455,9.090909090909092,18.75,51.85185185185185,100.0,16.292134831460675,5.8988764044943816,36.206896551724135,8.036117381489843,6.320541760722348
393,NFO,Nottingham Forest,eng.nottm_forest,12654,704569,0,31.8,5.0,1.0,0.0,1.0,3.0,5.0,8.0,2.0,0.3,0.0,0.0,227.0,310.0,0.7,3.0,11.0,0.3,52.0,17.0,0.3,2.0,7.0,16.0,0.4,6.0,42.0,42.0,2025-04-02 04:55:51,25.0,0.25157232704402516,0.06289308176100629,0.000818181818181818,27.27272727272727,54.54545454545454,72.22222222222221,100.0,16.7741935483871,5.483870967741936,32.69230769230769,9.748427672955975,7.138364779874213
393,NFO,Nottingham Forest,eng.nottm_forest,12654,704580,1,47.9,15.0,2.0,0.0,5.0,4.0,6.0,19.0,3.0,0.2,0.0,0.0,327.0,389.0,0.8,3.0,17.0,0.2,43.0,19.0,0.4,2.0,12.0,21.0,0.6,9.0,20.0,20.0,2025-04-06 04:54:38,15.789473684210526,0.3966597077244259,0.06263048016701461,0.0003529411764705883,17.647058823529413,37.5,58.333333333333336,100.0,11.053984575835475,4.884318766066838,44.18604651162791,8.121085594989562,6.826722338204593
393,NFO,Nottingham Forest,eng.nottm_forest,12654,704589,0,42.4,9.0,0.0,0.0,2.0,1.0,4.0,10.0,5.0,0.5,0.0,0.0,249.0,333.0,0.7,4.0,12.0,0.3,47.0,10.0,0.2,3.0,9.0,15.0,0.6,5.0,43.0,43.0,2025-04-14 05:15:01,50.0,0.2358490566037736,0.1179245283018868,0.0016666666666666666,33.33333333333333,35.714285714285715,60.86956521739131,100.0,14.114114114114114,3.003003003003003,21.27659574468085,7.85377358490566,5.872641509433962
393,NFO,Nottingham Forest,eng.nottm_forest,12654,704599,1,30.0,12.0,4.0,0.0,3.0,1.0,4.0,4.0,3.0,0.8,0.0,0.0,165.0,243.0,0.7,1.0,5.0,0.2,66.0,24.0,0.4,0.0,17.0,30.0,0.6,9.0,54.0,54.0,2025-04-23 05:00:03,75.0,0.13333333333333333,0.1,0.0016000000000000003,20.0,42.857142857142854,68.42105263157895,100.0,27.160493827160494,9.876543209876543,36.36363636363637,8.1,5.5
393,NFO,Nottingham Forest,eng.nottm_forest,12654,704616,0,54.6,10.0,3.0,0.0,4.0,4.0,1.0,14.0,5.0,0.4,0.0,0.0,306.0,381.0,0.8,5.0,28.0,0.2,50.0,26.0,0.5,5.0,4.0,8.0,0.5,8.0,32.0,32.0,2025-05-03 04:52:20,35.714285714285715,0.2564102564102564,0.09157509157509157,0.0007142857142857144,17.857142857142858,44.44444444444444,54.54545454545454,100.0,13.123359580052494,6.824146981627297,52.0,6.978021978021978,5.604395604395604
393,NFO,Nottingham Forest,eng.nottm_forest,12654,704624,1,50.7,15.0,8.0,0.0,1.0,4.0,2.0,12.0,4.0,0.3,0.0,0.0,337.0,410.0,0.8,4.0,16.0,0.3,49.0,24.0,0.5,6.0,6.0,13.0,0.5,10.0,54.0,54.0,2025-05-07 04:53:55,33.33333333333333,0.23668639053254437,0.07889546351084813,0.00075,25.0,40.0,51.61290322580645,100.0,11.951219512195122,5.853658536585367,48.97959183673469,8.086785009861932,6.646942800788954
393,NFO,Nottingham Forest,eng.nottm_forest,12654,704635,0,55.7,11.0,3.0,0.0,1.0,4.0,4.0,15.0,4.0,0.3,0.0,0.0,368.0,433.0,0.9,8.0,27.0,0.3,32.0,16.0,0.5,5.0,8.0,17.0,0.5,4.0,25.0,25.0,2025-05-12 04:49:54,26.666666666666668,0.26929982046678635,0.0718132854578097,0.0008888888888888888,29.629629629629626,26.666666666666668,52.17391304347826,100.0,7.390300230946882,3.695150115473441,50.0,7.773788150807899,6.6068222621184916
393,NFO,Nottingham Forest,eng.nottm_forest,12654,704648,1,39.3,7.0,3.0,0.0,2.0,7.0,4.0,10.0,5.0,0.5,0.0,0.0,256.0,326.0,0.8,6.0,21.0,0.3,47.0,19.0,0.4,3.0,19.0,33.0,0.6,17.0,43.0,43.0,2025-05-19 04:54:17,50.0,0.2544529262086514,0.1272264631043257,0.0014285714285714286,28.57142857142857,70.83333333333334,83.72093023255815,100.0,14.417177914110429,5.828220858895705,40.42553191489361,8.295165394402035,6.513994910941476
393,NFO,Nottingham Forest,eng.nottm_forest,12654,704655,0,51.8,10.0,2.0,0.0,5.0,7.0,1.0,10.0,2.0,0.2,0.0,0.0,352.0,420.0,0.8,7.0,33.0,0.2,49.0,21.0,0.4,4.0,9.0,14.0,0.6,3.0,22.0,22.0,2025-05-26 04:52:38,20.0,0.19305019305019305,0.03861003861003861,0.00042424242424242425,21.21212121212121,23.076923076923077,54.54545454545454,100.0,11.666666666666666,5.0,42.857142857142854,8.108108108108109,6.795366795366796
3171,CLE,Clermont Foot,fra.clermont_foot,12695,706787,0,57.9,12.0,1.0,0.0,0.0,4.0,2.0,13.0,5.0,0.4,0.0,0.0,346.0,412.0,0.8,0.0,0.0,0.0,47.0,22.0,0.5,2.0,11.0,0.0,0.8,18.0,32.0,32.0,2024-10-14 06:59:34,38.46153846153847,0.22452504317789293,0.08635578583765112,0.0,0.0,60.0,70.73170731707317,100.0,11.407766990291263,5.339805825242718,46.808510638297875,7.115716753022452,5.975820379965458
3171,CLE,Clermont Foot,fra.clermont_foot,12695,706795,1,54.0,11.0,1.0,0.0,0.0,3.0,5.0,5.0,1.0,0.2,1.0,1.0,346.0,412.0,0.8,0.0,0.0,0.0,47.0,22.0,0.5,1.0,11.0,0.0,0.8,18.0,32.0,32.0,2024-09-03 04:09:58,20.0,0.09259259259259259,0.018518518518518517,0.0,0.0,62.06896551724138,72.5,100.0,11.407766990291263,5.339805825242718,46.808510638297875,7.62962962962963,6.407407407407407
3171,CLE,Clermont Foot,fra.clermont_foot,12695,706805,0,38.6,11.0,0.0,1.0,0.0,4.0,3.0,6.0,2.0,0.3,0.0,0.0,346.0,412.0,0.8,0.0,0.0,0.0,47.0,22.0,0.5,1.0,11.0,0.0,0.8,18.0,32.0,32.0,2024-09-02 04:19:44,33.33333333333333,0.15544041450777202,0.05181347150259067,0.0,0.0,62.06896551724138,72.5,100.0,11.407766990291263,5.339805825242718,46.808510638297875,10.673575129533678,8.963730569948186
3171,CLE,Clermont Foot,fra.clermont_foot,12695,706813,0,53.6,12.0,2.0,0.0,0.0,3.0,2.0,8.0,2.0,0.3,0.0,0.0,346.0,412.0,0.8,0.0,0.0,0.0,47.0,22.0,0.5,3.0,11.0,0.0,0.8,18.0,32.0,32.0,2024-09-18 04:14:55,25.0,0.14925373134328357,0.03731343283582089,0.0,0.0,60.0,70.73170731707317,100.0,11.407766990291263,5.339805825242718,46.808510638297875,7.686567164179104,6.455223880597015
3171,CLE,Clermont Foot,fra.clermont_foot,12695,706820,1,64.0,15.0,1.0,0.0,0.0,8.0,3.0,15.0,3.0,0.2,0.0,1.0,346.0,412.0,0.8,0.0,0.0,0.0,47.0,22.0,0.5,3.0,11.0,0.0,0.8,18.0,32.0,32.0,2024-10-14 06:59:34,20.0,0.234375,0.046875,0.0,0.0,54.54545454545454,65.9090909090909,100.0,11.407766990291263,5.339805825242718,46.808510638297875,6.4375,5.40625
3171,CLE,Clermont Foot,fra.clermont_foot,12695,706832,0,50.8,15.0,2.0,0.0,0.0,6.0,3.0,11.0,4.0,0.4,0.0,0.0,346.0,412.0,0.8,0.0,0.0,0.0,47.0,22.0,0.5,4.0,11.0,0.0,0.8,18.0,32.0,32.0,2024-10-14 06:59:34,36.36363636363637,0.21653543307086615,0.07874015748031496,0.0,0.0,54.54545454545454,65.9090909090909,100.0,11.407766990291263,5.339805825242718,46.808510638297875,8.11023622047244,6.811023622047244
3171,CLE,Clermont Foot,fra.clermont_foot,12695,706841,1,57.2,11.0,1.0,1.0,0.0,8.0,2.0,7.0,3.0,0.4,0.0,0.0,346.0,412.0,0.8,0.0,0.0,0.0,47.0,22.0,0.5,0.0,11.0,0.0,0.8,18.0,32.0,32.0,2024-10-14 06:59:34,42.857142857142854,0.12237762237762237,0.05244755244755245,0.0,0.0,62.06896551724138,72.5,100.0,11.407766990291263,5.339805825242718,46.808510638297875,7.2027972027972025,6.048951048951048
3171,CLE,Clermont Foot,fra.clermont_foot,12695,706850,0,34.9,7.0,4.0,0.0,0.0,3.0,6.0,9.0,6.0,0.7,0.0,0.0,346.0,412.0,0.8,0.0,0.0,0.0,47.0,22.0,0.5,0.0,11.0,0.0,0.8,18.0,32.0,32.0,2024-10-14 06:59:34,66.66666666666666,0.25787965616045844,0.17191977077363899,0.0,0.0,72.0,80.55555555555556,100.0,11.407766990291263,5.339805825242718,46.808510638297875,11.80515759312321,9.914040114613181
3171,CLE,Clermont Foot,fra.clermont_foot,12695,706857,1,40.4,12.0,2.0,1.0,0.0,5.0,4.0,6.0,2.0,0.3,0.0,0.0,346.0,412.0,0.8,0.0,0.0,0.0,47.0,22.0,0.5,3.0,11.0,0.0,0.8,18.0,32.0,32.0,2024-10-20 11:04:39,33.33333333333333,0.1485148514851485,0.04950495049504951,0.0,0.0,60.0,70.73170731707317,100.0,11.407766990291263,5.339805825242718,46.808510638297875,10.198019801980198,8.564356435643564
3171,CLE,Clermont Foot,fra.clermont_foot,12695,706868,0,58.4,14.0,2.0,0.0,0.0,4.0,2.0,10.0,2.0,0.2,0.0,0.0,346.0,412.0,0.8,0.0,0.0,0.0,47.0,22.0,0.5,4.0,11.0,0.0,0.8,18.0,32.0,32.0,2024-10-27 05:16:31,20.0,0.17123287671232876,0.03424657534246575,0.0,0.0,56.25,67.44186046511628,100.0,11.407766990291263,5.339805825242718,46.808510638297875,7.054794520547945,5.924657534246576
3171,CLE,Clermont Foot,fra.clermont_foot,12695,706879,1,54.7,9.0,2.0,0.0,0.0,4.0,3.0,9.0,4.0,0.4,0.0,0.0,346.0,412.0,0.8,0.0,0.0,0.0,47.0,22.0,0.5,2.0,11.0,0.0,0.8,18.0,32.0,32.0,2024-10-31 05:20:32,44.44444444444444,0.16453382084095064,0.07312614259597806,0.0,0.0,66.66666666666666,76.31578947368422,100.0,11.407766990291263,5.339805825242718,46.808510638297875,7.53199268738574,6.325411334552102
3171,CLE,Clermont Foot,fra.clermont_foot,12695,706891,0,43.7,9.0,3.0,0.0,0.0,2.0,1.0,12.0,4.0,0.3,0.0,0.0,346.0,412.0,0.8,0.0,0.0,0.0,47.0,22.0,0.5,4.0,11.0,0.0,0.8,18.0,32.0,32.0,2025-04-05 08:30:15,33.33333333333333,0.2745995423340961,0.09153318077803203,0.0,0.0,66.66666666666666,76.31578947368422,100.0,11.407766990291263,5.339805825242718,46.808510638297875,9.427917620137299,7.917620137299771
3171,CLE,Clermont Foot,fra.clermont_foot,12695,706898,1,53.8,13.0,2.0,0.0,0.0,4.0,5.0,12.0,4.0,0.3,0.0,0.0,346.0,412.0,0.8,0.0,0.0,0.0,47.0,22.0,0.5,4.0,11.0,0.0,0.8,18.0,32.0,32.0,2024-11-11 06:17:44,33.33333333333333,0.2230483271375465,0.07434944237918216,0.0,0.0,58.06451612903226,69.04761904761905,100.0,11.407766990291263,5.339805825242718,46.808510638297875,7.657992565055762,6.431226765799257
3171,CLE,Clermont Foot,fra.clermont_foot,12695,706908,0,48.0,11.0,2.0,0.0,0.0,7.0,3.0,14.0,4.0,0.3,0.0,0.0,346.0,412.0,0.8,0.0,0.0,0.0,47.0,22.0,0.5,3.0,11.0,0.0,0.8,18.0,32.0,32.0,2024-11-25 16:08:11,28.57142857142857,0.2916666666666667,0.08333333333333333,0.0,0.0,62.06896551724138,72.5,100.0,11.407766990291263,5.339805825242718,46.808510638297875,8.583333333333334,7.208333333333333
3171,CLE,Clermont Foot,fra.clermont_foot,12695,706913,1,71.9,12.0,4.0,0.0,0.0,5.0,7.0,15.0,3.0,0.2,0.0,1.0,346.0,412.0,0.8,0.0,0.0,0.0,47.0,22.0,0.5,4.0,11.0,0.0,0.8,18.0,32.0,32.0,2024-12-10 05:55:59,20.0,0.2086230876216968,0.041724617524339355,0.0,0.0,60.0,70.73170731707317,100.0,11.407766990291263,5.339805825242718,46.808510638297875,5.730180806675938,4.812239221140472
3171,CLE,Clermont Foot,fra.clermont_foot,12695,706927,0,61.6,8.0,0.0,0.0,0.0,4.0,5.0,17.0,7.0,0.4,0.0,0.0,346.0,412.0,0.8,0.0,0.0,0.0,47.0,22.0,0.5,4.0,11.0,0.0,0.8,18.0,32.0,32.0,2024-12-16 05:54:42,41.17647058823529,0.275974025974026,0.11363636363636363,0.0,0.0,69.23076923076923,78.37837837837837,100.0,11.407766990291263,5.339805825242718,46.808510638297875,6.688311688311688,5.616883116883117
3171,CLE,Clermont Foot,fra.clermont_foot,12695,706930,1,42.3,16.0,2.0,0.0,0.0,4.0,5.0,12.0,6.0,0.5,0.0,0.0,346.0,412.0,0.8,0.0,0.0,0.0,47.0,22.0,0.5,2.0,11.0,0.0,0.8,18.0,32.0,32.0,2025-01-05 05:43:24,50.0,0.28368794326241137,0.14184397163120568,0.0,0.0,52.94117647058824,64.44444444444444,100.0,11.407766990291263,5.339805825242718,46.808510638297875,9.739952718676124,8.17966903073286
3171,CLE,Clermont Foot,fra.clermont_foot,12695,706942,1,64.2,8.0,2.0,0.0,0.0,6.0,0.0,15.0,8.0,0.5,0.0,0.0,346.0,412.0,0.8,0.0,0.0,0.0,47.0,22.0,0.5,3.0,11.0,0.0,0.8,18.0,32.0,32.0,2025-01-12 05:35:25,53.333333333333336,0.2336448598130841,0.12461059190031153,0.0,0.0,69.23076923076923,78.37837837837837,100.0,11.407766990291263,5.339805825242718,46.808510638297875,6.417445482866043,5.389408099688473
3171,CLE,Clermont Foot,fra.clermont_foot,12695,706952,0,61.8,9.0,2.0,0.0,0.0,4.0,1.0,10.0,5.0,0.5,0.0,0.0,346.0,412.0,0.8,0.0,0.0,0.0,47.0,22.0,0.5,1.0,11.0,0.0,0.8,18.0,32.0,32.0,2025-01-20 14:35:18,50.0,0.16181229773462785,0.08090614886731393,0.0,0.0,66.66666666666666,76.31578947368422,100.0,11.407766990291263,5.339805825242718,46.808510638297875,6.666666666666667,5.598705501618123
3171,CLE,Clermont Foot,fra.clermont_foot,12695,706959,1,49.4,12.0,3.0,0.0,0.0,2.0,2.0,11.0,4.0,0.4,0.0,0.0,346.0,412.0,0.8,0.0,0.0,0.0,47.0,22.0,0.5,5.0,11.0,0.0,0.8,18.0,32.0,32.0,2025-01-29 14:50:35,36.36363636363637,0.22267206477732795,0.08097165991902834,0.0,0.0,60.0,70.73170731707317,100.0,11.407766990291263,5.339805825242718,46.808510638297875,8.34008097165992,7.004048582995952
3171,CLE,Clermont Foot,fra.clermont_foot,12695,706966,0,67.9,17.0,1.0,1.0,0.0,7.0,4.0,17.0,3.0,0.2,0.0,0.0,346.0,412.0,0.8,0.0,0.0,0.0,47.0,22.0,0.5,10.0,11.0,0.0,0.8,18.0,32.0,32.0,2025-02-04 05:35:07,17.647058823529413,0.2503681885125184,0.04418262150220913,0.0,0.0,51.42857142857142,63.04347826086957,100.0,11.407766990291263,5.339805825242718,46.808510638297875,6.067746686303387,5.095729013254786
3171,CLE,Clermont Foot,fra.clermont_foot,12695,706980,1,44.0,12.0,1.0,0.0,0.0,3.0,4.0,11.0,4.0,0.4,0.0,0.0,346.0,412.0,0.8,0.0,0.0,0.0,47.0,22.0,0.5,4.0,11.0,0.0,0.8,18.0,32.0,32.0,2025-02-11 05:48:04,36.36363636363637,0.25,0.09090909090909091,0.0,0.0,60.0,70.73170731707317,100.0,11.407766990291263,5.339805825242718,46.808510638297875,9.363636363636363,7.863636363636363
3171,CLE,Clermont Foot,fra.clermont_foot,12695,706985,0,65.4,16.0,4.0,0.0,0.0,7.0,3.0,15.0,2.0,0.1,0.0,0.0,346.0,412.0,0.8,0.0,0.0,0.0,47.0,22.0,0.5,8.0,11.0,0.0,0.8,18.0,32.0,32.0,2025-02-17 05:53:03,13.333333333333334,0.2293577981651376,0.030581039755351678,0.0,0.0,52.94117647058824,64.44444444444444,100.0,11.407766990291263,5.339805825242718,46.808510638297875,6.299694189602446,5.29051987767584
3171,CLE,Clermont Foot,fra.clermont_foot,12695,706996,1,33.0,10.0,1.0,0.0,0.0,4.0,6.0,7.0,4.0,0.6,0.0,0.0,346.0,412.0,0.8,0.0,0.0,0.0,47.0,22.0,0.5,3.0,11.0,0.0,0.8,18.0,32.0,32.0,2025-02-23 05:50:57,57.14285714285714,0.21212121212121213,0.12121212121212122,0.0,0.0,64.28571428571429,74.35897435897436,100.0,11.407766990291263,5.339805825242718,46.808510638297875,12.484848484848484,10.484848484848484
3171,CLE,Clermont Foot,fra.clermont_foot,12695,707008,0,33.5,9.0,1.0,0.0,0.0,4.0,4.0,5.0,2.0,0.4,0.0,0.0,346.0,412.0,0.8,0.0,0.0,0.0,47.0,22.0,0.5,2.0,11.0,0.0,0.8,18.0,32.0,32.0,2025-03-02 05:50:45,40.0,0.14925373134328357,0.05970149253731343,0.0,0.0,66.66666666666666,76.31578947368422,100.0,11.407766990291263,5.339805825242718,46.808510638297875,12.298507462686567,10.328358208955224
3171,CLE,Clermont Foot,fra.clermont_foot,12695,707012,1,35.0,19.0,4.0,0.0,0.0,0.0,9.0,4.0,2.0,0.5,0.0,0.0,346.0,412.0,0.8,0.0,0.0,0.0,47.0,22.0,0.5,1.0,11.0,0.0,0.8,18.0,32.0,32.0,2025-03-09 05:48:56,50.0,0.11428571428571428,0.05714285714285714,0.0,0.0,48.64864864864865,60.416666666666664,100.0,11.407766990291263,5.339805825242718,46.808510638297875,11.771428571428572,9.885714285714286
3171,CLE,Clermont Foot,fra.clermont_foot,12695,707022,0,59.2,8.0,2.0,0.0,0.0,1.0,5.0,18.0,5.0,0.3,0.0,0.0,346.0,412.0,0.8,0.0,0.0,0.0,47.0,22.0,0.5,6.0,11.0,0.0,0.8,18.0,32.0,32.0,2025-03-16 04:51:22,27.77777777777778,0.30405405405405406,0.08445945945945946,0.0,0.0,69.23076923076923,78.37837837837837,100.0,11.407766990291263,5.339805825242718,46.808510638297875,6.959459459459459,5.844594594594595
3171,CLE,Clermont Foot,fra.clermont_foot,12695,707028,0,53.9,14.0,1.0,1.0,0.0,5.0,5.0,11.0,3.0,0.3,0.0,0.0,346.0,412.0,0.8,0.0,0.0,0.0,47.0,22.0,0.5,3.0,11.0,0.0,0.8,18.0,32.0,32.0,2025-04-05 08:30:15,27.27272727272727,0.20408163265306123,0.055658627087198514,0.0,0.0,56.25,67.44186046511628,100.0,11.407766990291263,5.339805825242718,46.808510638297875,7.6437847866419295,6.419294990723563
3171,CLE,Clermont Foot,fra.clermont_foot,12695,707043,1,33.1,12.0,1.0,1.0,0.0,4.0,3.0,4.0,0.0,0.0,0.0,0.0,346.0,412.0,0.8,0.0,0.0,0.0,47.0,22.0,0.5,2.0,11.0,0.0,0.8,18.0,32.0,32.0,2025-04-08 05:16:22,0.0,0.12084592145015105,0.0,0.0,0.0,60.0,70.73170731707317,100.0,11.407766990291263,5.339805825242718,46.808510638297875,12.44712990936556,10.453172205438065
3171,CLE,Clermont Foot,fra.clermont_foot,12695,707051,1,48.4,13.0,3.0,0.0,0.0,5.0,9.0,6.0,3.0,0.5,0.0,0.0,346.0,412.0,0.8,0.0,0.0,0.0,47.0,22.0,0.5,3.0,11.0,0.0,0.8,18.0,32.0,32.0,2025-04-13 05:20:15,50.0,0.12396694214876033,0.06198347107438017,0.0,0.0,58.06451612903226,69.04761904761905,100.0,11.407766990291263,5.339805825242718,46.808510638297875,8.512396694214877,7.148760330578512
3171,CLE,Clermont Foot,fra.clermont_foot,12695,707058,0,69.3,11.0,1.0,0.0,0.0,6.0,2.0,16.0,5.0,0.3,0.0,0.0,346.0,412.0,0.8,0.0,0.0,0.0,47.0,22.0,0.5,7.0,11.0,0.0,0.8,18.0,32.0,32.0,2025-04-20 15:46:12,31.25,0.23088023088023088,0.07215007215007216,0.0,0.0,62.06896551724138,72.5,100.0,11.407766990291263,5.339805825242718,46.808510638297875,5.945165945165946,4.992784992784993
3171,CLE,Clermont Foot,fra.clermont_foot,12695,707070,1,48.0,16.0,1.0,0.0,0.0,1.0,0.0,9.0,2.0,0.2,1.0,1.0,346.0,412.0,0.8,0.0,0.0,0.0,47.0,22.0,0.5,2.0,11.0,0.0,0.8,18.0,32.0,32.0,2025-04-30 04:53:58,22.22222222222222,0.1875,0.041666666666666664,0.0,0.0,52.94117647058824,64.44444444444444,100.0,11.407766990291263,5.339805825242718,46.808510638297875,8.583333333333334,7.208333333333333
3171,CLE,Clermont Foot,fra.clermont_foot,12695,707075,0,40.6,15.0,3.0,0.0,0.0,0.0,0.0,5.0,3.0,0.6,0.0,0.0,346.0,412.0,0.8,0.0,0.0,0.0,47.0,22.0,0.5,0.0,11.0,0.0,0.8,18.0,32.0,32.0,2025-05-05 05:00:05,60.0,0.12315270935960591,0.07389162561576354,0.0,0.0,54.54545454545454,65.9090909090909,100.0,11.407766990291263,5.339805825242718,46.808510638297875,10.147783251231527,8.52216748768473
3171,CLE,Clermont Foot,fra.clermont_foot,12695,707089,1,52.9,7.0,2.0,0.0,0.0,12.0,2.0,8.0,2.0,0.3,0.0,0.0,346.0,412.0,0.8,0.0,0.0,0.0,47.0,22.0,0.5,3.0,11.0,0.0,0.8,18.0,32.0,32.0,2025-05-13 04:52:45,25.0,0.15122873345935728,0.03780718336483932,0.0,0.0,72.0,80.55555555555556,100.0,11.407766990291263,5.339805825242718,46.808510638297875,7.7882797731569005,6.5406427221172025
398,SHU,Sheffield United,eng.sheff_utd,12713,707624,1,54.4,14.0,0.0,0.0,3.0,6.0,2.0,11.0,3.0,0.3,0.0,0.0,345.0,424.0,0.8,4.0,15.0,0.3,59.0,25.0,0.4,1.0,12.0,19.0,0.6,9.0,19.0,19.0,2024-08-11 08:14:33,27.27272727272727,0.20220588235294118,0.05514705882352941,0.0008,26.666666666666668,39.130434782608695,60.0,100.0,13.915094339622641,5.89622641509434,42.3728813559322,7.794117647058823,6.341911764705882
301,LTN,Luton Town,eng.luton,12713,707634,0,58.0,11.0,2.0,0.0,2.0,5.0,2.0,10.0,3.0,0.3,0.0,0.0,340.0,402.0,0.8,4.0,23.0,0.2,57.0,27.0,0.5,5.0,14.0,19.0,0.7,8.0,17.0,17.0,2024-08-14 08:15:53,30.0,0.1724137931034483,0.05172413793103448,0.0005217391304347826,17.391304347826086,42.10526315789473,66.66666666666666,100.0,14.17910447761194,6.7164179104477615,47.368421052631575,6.931034482758621,5.862068965517241
379,BUR,Burnley,eng.burnley,12713,707634,1,42.0,17.0,3.0,0.0,3.0,4.0,2.0,11.0,6.0,0.5,0.0,0.0,232.0,293.0,0.8,1.0,13.0,0.1,52.0,21.0,0.4,2.0,14.0,18.0,0.8,5.0,34.0,34.0,2024-08-14 08:15:53,54.54545454545454,0.2619047619047619,0.14285714285714285,0.0003846153846153846,7.6923076923076925,22.727272727272727,52.77777777777778,100.0,17.747440273037544,7.167235494880546,40.38461538461539,6.976190476190476,5.523809523809524
379,BUR,Burnley,eng.burnley,12713,707636,0,48.4,19.0,2.0,0.0,0.0,2.0,4.0,9.0,4.0,0.4,0.0,0.0,431.0,489.0,0.9,2.0,5.0,0.4,35.0,18.0,0.5,1.0,11.0,15.0,0.7,10.0,18.0,18.0,2024-08-18 04:18:38,44.44444444444444,0.18595041322314051,0.08264462809917356,0.0016000000000000003,40.0,34.48275862068966,52.5,100.0,7.157464212678937,3.6809815950920246,51.42857142857142,10.103305785123966,8.90495867768595
301,LTN,Luton Town,eng.luton,12713,707641,1,33.6,12.0,2.0,1.0,3.0,4.0,6.0,9.0,4.0,0.4,0.0,0.0,186.0,273.0,0.7,3.0,12.0,0.3,74.0,20.0,0.3,2.0,8.0,13.0,0.6,9.0,10.0,10.0,2024-08-18 04:18:36,44.44444444444444,0.26785714285714285,0.11904761904761904,0.001,25.0,42.857142857142854,58.620689655172406,100.0,27.106227106227106,7.326007326007327,27.027027027027028,8.125,5.535714285714286
398,SHU,Sheffield United,eng.sheff_utd,12713,707642,0,50.7,15.0,2.0,0.0,1.0,4.0,1.0,14.0,3.0,0.2,0.0,0.0,358.0,434.0,0.8,5.0,15.0,0.3,57.0,28.0,0.5,7.0,7.0,14.0,0.5,3.0,24.0,24.0,2024-08-19 04:17:26,21.428571428571427,0.2761341222879684,0.05917159763313609,0.0006666666666666666,33.33333333333333,16.666666666666664,40.0,100.0,13.13364055299539,6.451612903225806,49.122807017543856,8.560157790927022,7.061143984220907
398,SHU,Sheffield United,eng.sheff_utd,12713,707651,1,44.8,7.0,2.0,0.0,1.0,5.0,4.0,12.0,4.0,0.3,0.0,0.0,385.0,456.0,0.8,4.0,17.0,0.2,45.0,19.0,0.4,4.0,13.0,17.0,0.8,13.0,7.0,7.0,2024-08-25 04:20:06,33.33333333333333,0.26785714285714285,0.08928571428571429,0.0007058823529411764,23.52941176470588,65.0,78.78787878787878,100.0,9.868421052631579,4.166666666666666,42.22222222222222,10.178571428571429,8.59375
301,LTN,Luton Town,eng.luton,12713,707652,1,57.6,10.0,1.0,0.0,1.0,13.0,1.0,17.0,4.0,0.2,0.0,0.0,327.0,415.0,0.8,10.0,31.0,0.3,53.0,20.0,0.4,6.0,2.0,4.0,0.5,10.0,6.0,6.0,2024-08-25 04:20:06,23.52941176470588,0.2951388888888889,0.06944444444444445,0.0006451612903225806,32.25806451612903,50.0,54.54545454545454,100.0,12.771084337349398,4.819277108433735,37.735849056603776,7.204861111111111,5.677083333333333
379,BUR,Burnley,eng.burnley,12713,707656,1,58.8,19.0,3.0,0.0,2.0,1.0,2.0,4.0,1.0,0.3,0.0,0.0,474.0,546.0,0.9,1.0,9.0,0.1,46.0,16.0,0.3,1.0,6.0,10.0,0.6,9.0,21.0,21.0,2024-08-25 04:20:07,25.0,0.06802721088435375,0.017006802721088437,0.0003333333333333333,11.11111111111111,32.142857142857146,44.11764705882353,100.0,8.424908424908425,2.93040293040293,34.78260869565217,9.285714285714286,8.061224489795919
379,BUR,Burnley,eng.burnley,12713,707659,0,73.5,15.0,4.0,0.0,0.0,9.0,2.0,15.0,3.0,0.2,0.0,0.0,473.0,565.0,0.8,5.0,31.0,0.2,50.0,23.0,0.5,3.0,6.0,12.0,0.5,2.0,10.0,10.0,2024-09-01 04:22:23,20.0,0.20408163265306123,0.04081632653061224,0.0003225806451612903,16.129032258064516,11.76470588235294,34.78260869565217,100.0,8.849557522123893,4.070796460176991,46.0,7.687074829931973,6.4353741496598635
398,SHU,Sheffield United,eng.sheff_utd,12713,707669,0,51.7,15.0,5.0,0.0,1.0,8.0,1.0,18.0,7.0,0.4,0.0,1.0,382.0,452.0,0.8,3.0,19.0,0.2,52.0,23.0,0.4,5.0,13.0,16.0,0.8,9.0,31.0,31.0,2024-09-02 04:22:20,38.88888888888889,0.3481624758220503,0.13539651837524178,0.0006315789473684211,15.789473684210526,37.5,59.45945945945946,100.0,11.504424778761061,5.0884955752212395,44.230769230769226,8.74274661508704,7.388781431334622
301,LTN,Luton Town,eng.luton,12713,707670,0,55.8,13.0,3.0,0.0,2.0,4.0,2.0,11.0,5.0,0.5,0.0,0.0,358.0,444.0,0.8,5.0,33.0,0.2,62.0,26.0,0.4,4.0,4.0,21.0,0.2,6.0,20.0,20.0,2024-09-01 04:21:30,45.45454545454545,0.1971326164874552,0.08960573476702509,0.0007575757575757576,15.151515151515152,31.57894736842105,43.47826086956522,100.0,13.963963963963963,5.8558558558558556,41.935483870967744,7.956989247311828,6.415770609318996
398,SHU,Sheffield United,eng.sheff_utd,12713,707673,1,31.7,10.0,4.0,0.0,1.0,3.0,2.0,9.0,4.0,0.4,0.0,0.0,225.0,299.0,0.8,1.0,8.0,0.1,50.0,24.0,0.5,2.0,17.0,23.0,0.7,8.0,50.0,50.0,2024-09-15 04:17:01,44.44444444444444,0.28391167192429023,0.12618296529968454,0.0005,12.5,44.44444444444444,71.42857142857143,100.0,16.722408026755854,8.02675585284281,48.0,9.43217665615142,7.097791798107256
379,BUR,Burnley,eng.burnley,12713,707674,1,28.7,13.0,4.0,1.0,0.0,3.0,4.0,7.0,3.0,0.4,0.0,0.0,178.0,258.0,0.7,3.0,5.0,0.6,58.0,14.0,0.2,1.0,7.0,21.0,0.3,11.0,20.0,20.0,2024-09-16 04:16:02,42.857142857142854,0.24390243902439024,0.10452961672473868,0.0024,60.0,45.83333333333333,58.06451612903226,100.0,22.48062015503876,5.426356589147287,24.137931034482758,8.989547038327526,6.202090592334495
301,LTN,Luton Town,eng.luton,12713,707676,1,48.5,20.0,3.0,0.0,0.0,4.0,3.0,10.0,6.0,0.6,0.0,0.0,220.0,320.0,0.7,2.0,10.0,0.2,67.0,13.0,0.2,1.0,13.0,18.0,0.7,14.0,31.0,31.0,2024-09-16 04:16:02,60.0,0.20618556701030927,0.12371134020618557,0.0012,20.0,41.17647058823529,57.446808510638306,100.0,20.9375,4.0625,19.402985074626866,6.597938144329897,4.536082474226804
379,BUR,Burnley,eng.burnley,12713,707684,0,69.8,15.0,2.0,0.0,2.0,4.0,1.0,18.0,4.0,0.2,0.0,0.0,483.0,561.0,0.9,8.0,25.0,0.3,47.0,17.0,0.4,7.0,13.0,21.0,0.6,5.0,15.0,15.0,2024-10-14 06:59:34,22.22222222222222,0.25787965616045844,0.05730659025787966,0.00064,32.0,25.0,54.54545454545454,100.0,8.377896613190732,3.0303030303030303,36.17021276595745,8.037249283667622,6.919770773638969
301,LTN,Luton Town,eng.luton,12713,707687,0,59.2,9.0,1.0,0.0,4.0,8.0,5.0,15.0,3.0,0.2,1.0,1.0,344.0,427.0,0.8,7.0,19.0,0.4,63.0,33.0,0.5,7.0,6.0,12.0,0.5,7.0,20.0,20.0,2024-10-14 06:59:34,20.0,0.25337837837837834,0.05067567567567567,0.0007368421052631578,36.84210526315789,43.75,59.09090909090909,100.0,14.754098360655737,7.728337236533958,52.38095238095239,7.212837837837838,5.8108108108108105
398,SHU,Sheffield United,eng.sheff_utd,12713,707691,0,61.0,11.0,3.0,0.0,3.0,11.0,0.0,18.0,5.0,0.3,0.0,0.0,328.0,404.0,0.8,8.0,16.0,0.5,66.0,36.0,0.5,8.0,14.0,18.0,0.8,10.0,16.0,16.0,2024-10-14 06:59:34,27.77777777777778,0.29508196721311475,0.08196721311475409,0.0015,50.0,47.61904761904761,68.57142857142857,100.0,16.33663366336634,8.91089108910891,54.54545454545454,6.622950819672131,5.377049180327869
379,BUR,Burnley,eng.burnley,12713,707701,1,69.9,13.0,2.0,0.0,1.0,6.0,1.0,14.0,1.0,0.1,0.0,0.0,573.0,648.0,0.9,3.0,24.0,0.1,49.0,26.0,0.5,5.0,7.0,12.0,0.6,9.0,11.0,11.0,2024-10-14 06:59:34,7.142857142857142,0.20028612303290413,0.014306151645207437,0.000125,12.5,40.909090909090914,55.172413793103445,100.0,7.561728395061729,4.012345679012346,53.06122448979592,9.27038626609442,8.197424892703863
301,LTN,Luton Town,eng.luton,12713,707702,1,44.3,13.0,4.0,0.0,2.0,15.0,3.0,16.0,2.0,0.1,0.0,0.0,250.0,331.0,0.8,13.0,32.0,0.4,59.0,22.0,0.4,7.0,13.0,23.0,0.6,10.0,17.0,17.0,2024-10-14 06:59:34,12.5,0.3611738148984199,0.045146726862302484,0.00040625000000000004,40.625,43.47826086956522,63.888888888888886,100.0,17.82477341389728,6.646525679758309,37.28813559322034,7.471783295711061,5.643340857787811
398,SHU,Sheffield United,eng.sheff_utd,12713,707703,1,54.1,19.0,3.0,0.0,2.0,9.0,2.0,12.0,4.0,0.3,0.0,0.0,294.0,372.0,0.8,4.0,16.0,0.3,63.0,28.0,0.4,5.0,7.0,15.0,0.5,5.0,35.0,35.0,2024-10-14 06:59:34,33.33333333333333,0.22181146025878004,0.07393715341959334,0.00075,25.0,20.833333333333336,38.70967741935484,100.0,16.93548387096774,7.526881720430108,44.44444444444444,6.876155268022181,5.43438077634011
379,BUR,Burnley,eng.burnley,12713,707709,0,48.8,14.0,1.0,0.0,2.0,7.0,0.0,11.0,3.0,0.3,1.0,1.0,394.0,476.0,0.8,7.0,21.0,0.3,57.0,28.0,0.5,3.0,9.0,15.0,0.6,9.0,15.0,15.0,2024-10-14 06:59:34,27.27272727272727,0.22540983606557377,0.06147540983606558,0.001,33.33333333333333,39.130434782608695,56.25,100.0,11.974789915966387,5.88235294117647,49.122807017543856,9.754098360655739,8.073770491803279
301,LTN,Luton Town,eng.luton,12713,707710,0,39.8,13.0,3.0,1.0,1.0,5.0,6.0,12.0,4.0,0.3,0.0,0.0,217.0,310.0,0.7,4.0,20.0,0.2,69.0,16.0,0.2,4.0,15.0,19.0,0.8,7.0,21.0,21.0,2024-10-14 06:59:34,33.33333333333333,0.30150753768844224,0.10050251256281408,0.0006,20.0,35.0,62.857142857142854,100.0,22.258064516129032,5.161290322580645,23.18840579710145,7.788944723618091,5.452261306532663
398,SHU,Sheffield United,eng.sheff_utd,12713,707712,0,33.9,13.0,3.0,0.0,2.0,5.0,1.0,15.0,3.0,0.2,0.0,0.0,216.0,283.0,0.8,3.0,12.0,0.3,42.0,18.0,0.4,6.0,15.0,21.0,0.7,5.0,28.0,28.0,2024-10-14 06:59:34,20.0,0.4424778761061947,0.08849557522123894,0.0005,25.0,27.77777777777778,60.60606060606061,100.0,14.840989399293287,6.36042402826855,42.857142857142854,8.348082595870206,6.371681415929204
379,BUR,Burnley,eng.burnley,12713,707720,0,60.2,10.0,3.0,0.0,1.0,2.0,2.0,9.0,1.0,0.1,0.0,0.0,434.0,523.0,0.8,2.0,14.0,0.1,52.0,16.0,0.3,4.0,14.0,17.0,0.8,3.0,14.0,14.0,2024-10-14 06:59:34,11.11111111111111,0.1495016611295681,0.01661129568106312,0.00014285714285714284,14.285714285714285,23.076923076923077,62.96296296296296,100.0,9.94263862332696,3.0592734225621414,30.76923076923077,8.687707641196013,7.209302325581395
398,SHU,Sheffield United,eng.sheff_utd,12713,707726,0,63.4,10.0,2.0,0.0,1.0,5.0,2.0,15.0,7.0,0.5,0.0,0.0,478.0,555.0,0.9,2.0,9.0,0.2,46.0,19.0,0.4,3.0,13.0,18.0,0.7,13.0,18.0,18.0,2024-10-14 06:59:34,46.666666666666664,0.23659305993690852,0.11041009463722398,0.0011111111111111111,22.22222222222222,56.52173913043478,72.22222222222221,100.0,8.288288288288289,3.423423423423423,41.30434782608695,8.753943217665615,7.539432176656152
301,LTN,Luton Town,eng.luton,12713,707726,1,36.6,8.0,1.0,0.0,2.0,6.0,5.0,8.0,2.0,0.3,0.0,0.0,224.0,301.0,0.7,4.0,19.0,0.2,58.0,24.0,0.4,2.0,21.0,26.0,0.8,9.0,20.0,20.0,2024-10-14 06:59:34,25.0,0.2185792349726776,0.0546448087431694,0.000631578947368421,21.052631578947366,52.94117647058824,78.94736842105263,100.0,19.269102990033225,7.973421926910299,41.37931034482759,8.224043715846994,6.120218579234972
398,SHU,Sheffield United,eng.sheff_utd,12713,707734,1,44.9,10.0,2.0,0.0,3.0,3.0,2.0,5.0,0.0,0.0,0.0,0.0,348.0,434.0,0.8,1.0,9.0,0.1,57.0,23.0,0.4,5.0,12.0,26.0,0.5,7.0,19.0,19.0,2024-10-20 11:04:39,0.0,0.111358574610245,0.0,0.0,11.11111111111111,41.17647058823529,65.51724137931035,100.0,13.13364055299539,5.299539170506913,40.35087719298245,9.665924276169266,7.750556792873051
301,LTN,Luton Town,eng.luton,12713,707735,0,41.4,22.0,3.0,0.0,4.0,11.0,1.0,13.0,5.0,0.4,0.0,0.0,181.0,259.0,0.7,10.0,27.0,0.4,64.0,30.0,0.5,6.0,17.0,23.0,0.7,4.0,17.0,17.0,2024-10-20 11:04:39,38.46153846153847,0.3140096618357488,0.12077294685990339,0.0014814814814814814,37.03703703703704,15.384615384615385,48.837209302325576,100.0,24.71042471042471,11.583011583011583,46.875,6.256038647342995,4.371980676328502
379,BUR,Burnley,eng.burnley,12713,707741,1,62.0,11.0,2.0,0.0,2.0,3.0,3.0,14.0,6.0,0.4,0.0,0.0,381.0,479.0,0.8,4.0,7.0,0.6,62.0,20.0,0.3,1.0,14.0,20.0,0.7,8.0,17.0,17.0,2024-10-20 11:04:39,42.857142857142854,0.22580645161290322,0.0967741935483871,0.0022857142857142855,57.14285714285714,42.10526315789473,66.66666666666666,100.0,12.943632567849686,4.175365344467641,32.25806451612903,7.725806451612903,6.145161290322581
379,BUR,Burnley,eng.burnley,12713,707744,1,57.7,15.0,1.0,0.0,0.0,8.0,1.0,11.0,5.0,0.5,0.0,0.0,470.0,551.0,0.9,6.0,25.0,0.2,51.0,22.0,0.4,2.0,9.0,13.0,0.7,8.0,13.0,13.0,2024-10-25 05:15:37,45.45454545454545,0.19064124783362218,0.08665511265164644,0.0012,24.0,34.78260869565217,53.125,100.0,9.25589836660617,3.9927404718693285,43.13725490196079,9.549393414211439,8.145580589254765
301,LTN,Luton Town,eng.luton,12713,707752,0,56.3,14.0,2.0,0.0,4.0,10.0,3.0,19.0,4.0,0.2,0.0,0.0,302.0,408.0,0.7,10.0,43.0,0.2,77.0,26.0,0.3,8.0,9.0,15.0,0.6,5.0,6.0,6.0,2024-10-25 05:15:37,21.052631578947366,0.3374777975133215,0.07104795737122559,0.0004651162790697674,23.25581395348837,26.31578947368421,50.0,100.0,18.872549019607842,6.372549019607843,33.76623376623377,7.246891651865009,5.364120781527531
398,SHU,Sheffield United,eng.sheff_utd,12713,707753,1,45.6,4.0,1.0,0.0,0.0,6.0,5.0,9.0,5.0,0.6,0.0,0.0,437.0,490.0,0.9,1.0,16.0,0.1,38.0,21.0,0.6,2.0,4.0,13.0,0.3,8.0,28.0,28.0,2024-10-25 05:15:37,55.55555555555556,0.19736842105263158,0.10964912280701754,0.000375,6.25,66.66666666666666,75.0,100.0,7.755102040816326,4.285714285714286,55.26315789473685,10.74561403508772,9.583333333333332
379,BUR,Burnley,eng.burnley,12713,707756,0,74.9,7.0,0.0,0.0,2.0,16.0,0.0,22.0,4.0,0.2,0.0,0.0,623.0,698.0,0.9,11.0,47.0,0.2,53.0,37.0,0.7,10.0,9.0,15.0,0.6,7.0,4.0,4.0,2024-10-27 05:16:31,18.181818181818183,0.29372496662216285,0.05340453938584779,0.0004680851063829788,23.404255319148938,50.0,69.56521739130434,100.0,7.593123209169055,5.300859598853868,69.81132075471697,9.31909212283044,8.317757009345794
301,LTN,Luton Town,eng.luton,12713,707757,1,33.4,16.0,3.0,1.0,2.0,5.0,7.0,9.0,5.0,0.6,1.0,1.0,154.0,249.0,0.6,3.0,9.0,0.3,62.0,21.0,0.3,0.0,9.0,12.0,0.8,9.0,32.0,32.0,2024-10-27 05:16:31,55.55555555555556,0.2694610778443114,0.14970059880239522,0.002,33.33333333333333,36.0,52.94117647058824,100.0,24.899598393574294,8.433734939759036,33.87096774193548,7.455089820359282,4.610778443113773
398,SHU,Sheffield United,eng.sheff_utd,12713,707762,0,58.4,12.0,4.0,0.0,0.0,5.0,3.0,19.0,6.0,0.3,0.0,0.0,483.0,545.0,0.9,8.0,17.0,0.5,54.0,28.0,0.5,8.0,10.0,13.0,0.8,9.0,18.0,18.0,2024-10-27 05:16:31,31.57894736842105,0.3253424657534247,0.10273972602739727,0.0014117647058823528,47.05882352941176,42.857142857142854,61.29032258064516,100.0,9.908256880733946,5.137614678899083,51.85185185185185,9.332191780821917,8.270547945205479
301,LTN,Luton Town,eng.luton,12713,707771,0,54.4,10.0,1.0,0.0,0.0,6.0,2.0,13.0,5.0,0.4,0.0,0.0,275.0,396.0,0.7,4.0,28.0,0.1,101.0,33.0,0.3,3.0,10.0,14.0,0.7,9.0,28.0,28.0,2024-11-02 14:38:40,38.46153846153847,0.23897058823529413,0.09191176470588236,0.0005714285714285714,14.285714285714285,47.368421052631575,65.51724137931035,100.0,25.5050505050505,8.333333333333332,32.67326732673268,7.279411764705882,5.05514705882353
379,BUR,Burnley,eng.burnley,12713,707774,1,65.2,12.0,2.0,0.0,0.0,3.0,2.0,8.0,0.0,0.0,0.0,0.0,442.0,527.0,0.8,3.0,18.0,0.2,56.0,27.0,0.5,0.0,9.0,11.0,0.8,9.0,19.0,19.0,2024-11-04 22:44:58,0.0,0.12269938650306748,0.0,0.0,16.666666666666664,42.857142857142854,60.0,100.0,10.62618595825427,5.1233396584440225,48.214285714285715,8.08282208588957,6.779141104294478
398,SHU,Sheffield United,eng.sheff_utd,12713,707776,1,42.5,14.0,2.0,0.0,0.0,8.0,0.0,20.0,9.0,0.5,0.0,0.0,285.0,353.0,0.8,7.0,16.0,0.4,54.0,32.0,0.6,7.0,13.0,16.0,0.8,8.0,24.0,24.0,2024-11-03 13:39:59,45.0,0.47058823529411764,0.21176470588235294,0.0021875,43.75,36.36363636363637,60.0,100.0,15.29745042492918,9.06515580736544,59.25925925925925,8.305882352941177,6.705882352941177
398,SHU,Sheffield United,eng.sheff_utd,12713,707783,1,55.0,12.0,2.0,0.0,1.0,5.0,1.0,11.0,4.0,0.4,0.0,0.0,448.0,528.0,0.8,4.0,24.0,0.2,46.0,19.0,0.4,2.0,10.0,18.0,0.6,13.0,21.0,21.0,2024-11-07 06:19:29,36.36363636363637,0.2,0.07272727272727272,0.0006666666666666666,16.666666666666664,52.0,65.71428571428571,100.0,8.712121212121213,3.5984848484848486,41.30434782608695,9.6,8.145454545454545
379,BUR,Burnley,eng.burnley,12713,707784,1,44.7,20.0,3.0,0.0,4.0,8.0,1.0,11.0,4.0,0.4,0.0,0.0,292.0,366.0,0.8,3.0,24.0,0.1,52.0,21.0,0.4,4.0,13.0,24.0,0.5,7.0,25.0,25.0,2024-11-09 06:15:35,36.36363636363637,0.24608501118568232,0.08948545861297538,0.0005,12.5,25.925925925925924,50.0,100.0,14.207650273224044,5.737704918032787,40.38461538461539,8.187919463087248,6.532438478747203
301,LTN,Luton Town,eng.luton,12713,707790,0,43.6,12.0,2.0,0.0,5.0,6.0,3.0,8.0,3.0,0.4,0.0,0.0,230.0,321.0,0.7,8.0,21.0,0.4,54.0,24.0,0.4,1.0,9.0,18.0,0.5,7.0,23.0,23.0,2024-11-08 06:16:00,37.5,0.18348623853211007,0.06880733944954129,0.0015238095238095239,38.095238095238095,36.84210526315789,57.14285714285714,100.0,16.822429906542055,7.476635514018691,44.44444444444444,7.362385321100917,5.275229357798165
379,BUR,Burnley,eng.burnley,12713,707791,0,51.9,13.0,1.0,0.0,3.0,5.0,3.0,20.0,7.0,0.4,1.0,1.0,389.0,471.0,0.8,6.0,21.0,0.3,58.0,27.0,0.5,5.0,14.0,23.0,0.6,10.0,19.0,19.0,2024-11-11 06:17:44,35.0,0.3853564547206166,0.1348747591522158,0.0011428571428571427,28.57142857142857,43.47826086956522,64.86486486486487,100.0,12.314225053078557,5.7324840764331215,46.55172413793103,9.07514450867052,7.495183044315993
301,LTN,Luton Town,eng.luton,12713,707792,1,47.7,15.0,4.0,0.0,5.0,1.0,1.0,5.0,3.0,0.6,0.0,0.0,382.0,472.0,0.8,3.0,12.0,0.3,47.0,13.0,0.3,1.0,11.0,16.0,0.7,14.0,5.0,5.0,2024-11-10 06:19:29,60.0,0.10482180293501048,0.06289308176100629,0.0015,25.0,48.275862068965516,62.5,100.0,9.957627118644067,2.754237288135593,27.659574468085108,9.89517819706499,8.0083857442348
398,SHU,Sheffield United,eng.sheff_utd,12713,707797,0,58.6,15.0,1.0,0.0,0.0,5.0,0.0,8.0,1.0,0.1,0.0,0.0,322.0,419.0,0.8,3.0,18.0,0.2,55.0,17.0,0.3,5.0,9.0,12.0,0.8,5.0,17.0,17.0,2024-11-11 06:17:44,12.5,0.13651877133105803,0.017064846416382253,0.00016666666666666666,16.666666666666664,25.0,48.275862068965516,100.0,13.126491646778044,4.05727923627685,30.909090909090907,7.150170648464163,5.494880546075085
301,LTN,Luton Town,eng.luton,12713,707805,0,35.7,10.0,2.0,0.0,1.0,10.0,2.0,7.0,2.0,0.3,0.0,0.0,190.0,269.0,0.7,5.0,31.0,0.2,66.0,29.0,0.4,3.0,9.0,15.0,0.6,20.0,34.0,34.0,2024-11-24 15:57:29,28.57142857142857,0.19607843137254902,0.05602240896358543,0.0004838709677419355,16.129032258064516,66.66666666666666,74.35897435897436,100.0,24.53531598513011,10.780669144981413,43.93939393939394,7.53501400560224,5.322128851540616
398,SHU,Sheffield United,eng.sheff_utd,12713,707806,1,32.5,6.0,2.0,1.0,0.0,2.0,4.0,7.0,2.0,0.3,0.0,0.0,213.0,288.0,0.7,2.0,4.0,0.5,51.0,12.0,0.2,3.0,13.0,23.0,0.6,7.0,39.0,39.0,2024-11-24 15:57:29,28.57142857142857,0.2153846153846154,0.06153846153846154,0.0015,50.0,53.84615384615385,76.92307692307693,100.0,17.708333333333336,4.166666666666666,23.52941176470588,8.861538461538462,6.553846153846154
379,BUR,Burnley,eng.burnley,12713,707808,1,47.5,15.0,4.0,0.0,1.0,3.0,2.0,14.0,5.0,0.4,0.0,0.0,366.0,450.0,0.8,4.0,8.0,0.5,43.0,12.0,0.3,5.0,10.0,18.0,0.6,9.0,37.0,37.0,2024-11-24 15:57:29,35.714285714285715,0.29473684210526313,0.10526315789473684,0.002,50.0,37.5,55.88235294117647,100.0,9.555555555555555,2.666666666666667,27.906976744186046,9.473684210526315,7.705263157894737
301,LTN,Luton Town,eng.luton,12713,707816,1,23.9,12.0,2.0,0.0,4.0,1.0,7.0,7.0,4.0,0.6,0.0,0.0,182.0,245.0,0.7,1.0,5.0,0.2,45.0,13.0,0.3,1.0,11.0,17.0,0.6,13.0,35.0,35.0,2024-11-30 06:02:45,57.14285714285714,0.29288702928870297,0.1673640167364017,0.0012,20.0,52.0,66.66666666666666,100.0,18.367346938775512,5.3061224489795915,28.888888888888886,10.251046025104603,7.615062761506277
379,BUR,Burnley,eng.burnley,12713,707819,0,52.6,10.0,1.0,0.0,0.0,6.0,1.0,12.0,3.0,0.3,0.0,0.0,458.0,550.0,0.8,3.0,16.0,0.2,51.0,20.0,0.4,6.0,10.0,15.0,0.7,4.0,14.0,14.0,2024-11-30 06:02:45,25.0,0.22813688212927757,0.057034220532319393,0.0005625,18.75,28.57142857142857,58.333333333333336,100.0,9.272727272727273,3.6363636363636362,39.21568627450981,10.456273764258555,8.70722433460076
398,SHU,Sheffield United,eng.sheff_utd,12713,707822,0,67.2,8.0,1.0,0.0,1.0,7.0,3.0,14.0,8.0,0.6,0.0,0.0,715.0,792.0,0.9,3.0,14.0,0.2,37.0,22.0,0.6,2.0,7.0,11.0,0.6,6.0,15.0,15.0,2024-11-27 06:03:29,57.14285714285714,0.20833333333333331,0.11904761904761904,0.0012857142857142856,21.428571428571427,42.857142857142854,61.904761904761905,100.0,4.671717171717172,2.7777777777777777,59.45945945945946,11.785714285714285,10.639880952380953
301,LTN,Luton Town,eng.luton,12713,707828,1,31.0,12.0,2.0,0.0,2.0,5.0,2.0,12.0,3.0,0.3,0.0,0.0,201.0,263.0,0.8,6.0,20.0,0.3,47.0,22.0,0.5,4.0,14.0,19.0,0.7,11.0,30.0,30.0,2024-12-01 06:00:01,25.0,0.3870967741935484,0.0967741935483871,0.0009,30.0,47.82608695652174,67.56756756756756,100.0,17.870722433460077,8.365019011406844,46.808510638297875,8.483870967741936,6.483870967741935
398,SHU,Sheffield United,eng.sheff_utd,12713,707831,0,49.9,12.0,4.0,1.0,2.0,8.0,2.0,14.0,4.0,0.3,0.0,0.0,379.0,440.0,0.9,1.0,11.0,0.1,40.0,15.0,0.4,6.0,11.0,22.0,0.5,5.0,19.0,19.0,2024-12-01 06:00:01,28.57142857142857,0.280561122244489,0.08016032064128256,0.00027272727272727274,9.090909090909092,29.411764705882355,57.14285714285714,100.0,9.090909090909092,3.4090909090909087,37.5,8.817635270541082,7.595190380761523
379,BUR,Burnley,eng.burnley,12713,707838,1,55.6,5.0,0.0,0.0,2.0,4.0,4.0,16.0,4.0,0.3,1.0,1.0,389.0,472.0,0.8,4.0,17.0,0.2,64.0,25.0,0.4,1.0,6.0,12.0,0.5,5.0,29.0,29.0,2024-12-01 06:00:01,25.0,0.28776978417266186,0.07194244604316546,0.0007058823529411764,23.52941176470588,50.0,68.75,100.0,13.559322033898304,5.296610169491525,39.0625,8.489208633093526,6.996402877697841
301,LTN,Luton Town,eng.luton,12713,707841,0,35.1,16.0,0.0,0.0,2.0,5.0,9.0,8.0,2.0,0.3,0.0,0.0,175.0,270.0,0.6,4.0,19.0,0.2,66.0,21.0,0.3,3.0,10.0,21.0,0.5,9.0,31.0,31.0,2024-12-10 05:55:59,25.0,0.22792022792022792,0.05698005698005698,0.000631578947368421,21.052631578947366,36.0,54.285714285714285,100.0,24.444444444444443,7.777777777777778,31.818181818181817,7.692307692307692,4.985754985754985
379,BUR,Burnley,eng.burnley,12713,707843,0,55.4,12.0,1.0,0.0,2.0,11.0,4.0,15.0,4.0,0.3,0.0,0.0,398.0,458.0,0.9,4.0,27.0,0.1,43.0,22.0,0.5,8.0,7.0,11.0,0.6,14.0,7.0,7.0,2024-12-14 05:55:08,26.666666666666668,0.27075812274368233,0.07220216606498195,0.0004444444444444444,14.814814814814813,53.84615384615385,63.63636363636363,100.0,9.388646288209607,4.8034934497816595,51.162790697674424,8.267148014440433,7.184115523465704
398,SHU,Sheffield United,eng.sheff_utd,12713,707850,1,41.3,13.0,4.0,0.0,2.0,5.0,2.0,12.0,5.0,0.4,0.0,0.0,233.0,307.0,0.8,1.0,9.0,0.1,62.0,20.0,0.3,5.0,8.0,14.0,0.6,7.0,30.0,30.0,2024-12-09 12:52:48,41.66666666666667,0.2905569007263923,0.12106537530266345,0.00044444444444444447,11.11111111111111,35.0,53.57142857142857,100.0,20.195439739413683,6.514657980456026,32.25806451612903,7.433414043583536,5.641646489104117
398,SHU,Sheffield United,eng.sheff_utd,12713,707851,1,55.9,9.0,2.0,0.0,1.0,3.0,3.0,9.0,1.0,0.1,0.0,0.0,401.0,515.0,0.8,1.0,6.0,0.2,64.0,22.0,0.3,3.0,15.0,26.0,0.6,12.0,17.0,17.0,2024-12-12 05:52:33,11.11111111111111,0.16100178890876565,0.017889087656529516,0.00016666666666666666,16.666666666666664,57.14285714285714,75.0,100.0,12.427184466019417,4.271844660194175,34.375,9.212880143112702,7.173524150268337
301,LTN,Luton Town,eng.luton,12713,707853,0,49.9,7.0,1.0,0.0,3.0,10.0,3.0,18.0,8.0,0.4,0.0,0.0,233.0,341.0,0.7,5.0,39.0,0.1,69.0,28.0,0.4,6.0,8.0,16.0,0.5,8.0,30.0,30.0,2024-12-12 05:52:33,44.44444444444444,0.36072144288577157,0.16032064128256512,0.0005128205128205128,12.82051282051282,53.333333333333336,69.56521739130434,100.0,20.234604105571847,8.211143695014663,40.57971014492754,6.833667334669339,4.66933867735471
379,BUR,Burnley,eng.burnley,12713,707855,0,67.4,8.0,1.0,0.0,1.0,6.0,1.0,14.0,4.0,0.3,0.0,0.0,494.0,586.0,0.8,7.0,29.0,0.2,62.0,32.0,0.5,5.0,10.0,16.0,0.6,14.0,11.0,11.0,2024-12-12 05:52:33,28.57142857142857,0.20771513353115725,0.05934718100890207,0.0007241379310344828,24.137931034482758,63.63636363636363,75.0,100.0,10.580204778156997,5.460750853242321,51.61290322580645,8.694362017804153,7.329376854599406
301,LTN,Luton Town,eng.luton,12713,707863,1,49.6,11.0,2.0,1.0,2.0,4.0,4.0,10.0,4.0,0.4,0.0,0.0,296.0,376.0,0.8,5.0,20.0,0.3,57.0,23.0,0.4,3.0,8.0,15.0,0.5,7.0,16.0,16.0,2024-12-15 05:56:47,40.0,0.20161290322580644,0.08064516129032258,0.001,25.0,38.88888888888889,57.692307692307686,100.0,15.159574468085108,6.117021276595745,40.35087719298245,7.580645161290322,5.967741935483871
398,SHU,Sheffield United,eng.sheff_utd,12713,707868,0,36.8,10.0,0.0,0.0,2.0,2.0,4.0,10.0,3.0,0.3,1.0,1.0,234.0,325.0,0.7,3.0,11.0,0.3,48.0,14.0,0.3,3.0,7.0,14.0,0.5,7.0,18.0,18.0,2024-12-15 05:56:47,30.0,0.27173913043478265,0.08152173913043478,0.000818181818181818,27.27272727272727,41.17647058823529,58.333333333333336,100.0,14.76923076923077,4.3076923076923075,29.166666666666668,8.831521739130435,6.358695652173914
379,BUR,Burnley,eng.burnley,12713,707871,1,43.3,13.0,1.0,0.0,0.0,5.0,5.0,10.0,5.0,0.5,0.0,0.0,296.0,377.0,0.8,2.0,16.0,0.1,50.0,23.0,0.5,2.0,11.0,17.0,0.6,11.0,31.0,31.0,2024-12-16 05:54:42,50.0,0.2309468822170901,0.11547344110854504,0.000625,12.5,45.83333333333333,62.857142857142854,100.0,13.262599469496022,6.10079575596817,46.0,8.706697459584296,6.8360277136258665
379,BUR,Burnley,eng.burnley,12713,707879,0,55.1,12.0,3.0,0.0,1.0,7.0,1.0,15.0,5.0,0.3,0.0,0.0,373.0,456.0,0.8,5.0,19.0,0.3,40.0,10.0,0.3,5.0,8.0,13.0,0.6,11.0,24.0,24.0,2024-12-22 05:54:10,33.33333333333333,0.27223230490018147,0.09074410163339383,0.0007894736842105263,26.31578947368421,47.82608695652174,61.29032258064516,100.0,8.771929824561402,2.1929824561403506,25.0,8.275862068965518,6.769509981851179
301,LTN,Luton Town,eng.luton,12713,707882,0,53.4,12.0,1.0,0.0,1.0,7.0,2.0,18.0,5.0,0.3,0.0,0.0,244.0,358.0,0.7,7.0,20.0,0.4,67.0,20.0,0.3,9.0,11.0,18.0,0.6,10.0,39.0,39.0,2024-12-22 05:54:10,27.77777777777778,0.33707865168539325,0.09363295880149813,0.00105,35.0,45.45454545454545,63.63636363636363,100.0,18.71508379888268,5.58659217877095,29.850746268656714,6.704119850187266,4.569288389513109
398,SHU,Sheffield United,eng.sheff_utd,12713,707885,1,61.4,11.0,1.0,0.0,2.0,6.0,2.0,12.0,5.0,0.4,0.0,0.0,545.0,608.0,0.9,4.0,12.0,0.3,37.0,23.0,0.6,3.0,9.0,13.0,0.7,8.0,12.0,12.0,2024-12-22 05:54:10,41.66666666666667,0.19543973941368079,0.08143322475570033,0.0013333333333333333,33.33333333333333,42.10526315789473,60.71428571428571,100.0,6.0855263157894735,3.7828947368421053,62.16216216216216,9.90228013029316,8.876221498371336
301,LTN,Luton Town,eng.luton,12713,707890,1,51.7,9.0,1.0,0.0,2.0,4.0,2.0,7.0,2.0,0.3,0.0,0.0,340.0,452.0,0.8,8.0,22.0,0.4,84.0,22.0,0.3,2.0,9.0,14.0,0.6,4.0,36.0,36.0,2024-12-27 05:48:38,28.57142857142857,0.13539651837524178,0.03868471953578336,0.001090909090909091,36.36363636363637,30.76923076923077,59.09090909090909,100.0,18.58407079646018,4.867256637168142,26.190476190476193,8.74274661508704,6.5764023210831715
398,SHU,Sheffield United,eng.sheff_utd,12713,707896,0,54.4,10.0,3.0,0.0,2.0,6.0,2.0,9.0,3.0,0.3,0.0,0.0,396.0,483.0,0.8,5.0,17.0,0.3,48.0,20.0,0.4,4.0,6.0,15.0,0.4,10.0,13.0,13.0,2024-12-27 05:48:38,33.33333333333333,0.16544117647058823,0.05514705882352941,0.0008823529411764706,29.411764705882355,50.0,61.53846153846154,100.0,9.937888198757763,4.140786749482402,41.66666666666667,8.878676470588236,7.279411764705882
379,BUR,Burnley,eng.burnley,12713,707896,1,45.6,14.0,1.0,0.0,0.0,5.0,3.0,8.0,4.0,0.5,0.0,0.0,329.0,405.0,0.8,3.0,13.0,0.2,52.0,27.0,0.5,3.0,15.0,21.0,0.7,8.0,27.0,27.0,2024-12-27 05:48:38,50.0,0.17543859649122806,0.08771929824561403,0.001153846153846154,23.076923076923077,36.36363636363637,62.16216216216216,100.0,12.839506172839506,6.666666666666667,51.92307692307693,8.881578947368421,7.214912280701754
379,BUR,Burnley,eng.burnley,12713,707903,1,55.2,12.0,3.0,0.0,3.0,4.0,3.0,7.0,1.0,0.1,0.0,0.0,449.0,518.0,0.9,1.0,12.0,0.1,55.0,29.0,0.5,1.0,6.0,13.0,0.5,5.0,13.0,13.0,2024-12-31 05:43:43,14.285714285714285,0.12681159420289853,0.018115942028985508,8.333333333333333e-05,8.333333333333332,29.411764705882355,47.82608695652174,100.0,10.617760617760617,5.598455598455598,52.72727272727272,9.384057971014492,8.134057971014492
398,SHU,Sheffield United,eng.sheff_utd,12713,707906,0,52.3,12.0,3.0,0.0,0.0,2.0,5.0,14.0,2.0,0.1,0.0,0.0,353.0,418.0,0.8,4.0,16.0,0.3,49.0,24.0,0.5,4.0,13.0,22.0,0.6,14.0,25.0,25.0,2024-12-30 05:52:42,14.285714285714285,0.2676864244741874,0.03824091778202677,0.00025,25.0,53.84615384615385,69.23076923076923,100.0,11.722488038277511,5.741626794258373,48.97959183673469,7.992351816443595,6.749521988527725
301,LTN,Luton Town,eng.luton,12713,707910,1,27.8,17.0,2.0,1.0,0.0,1.0,7.0,4.0,1.0,0.3,0.0,0.0,164.0,246.0,0.7,3.0,11.0,0.3,54.0,22.0,0.4,2.0,8.0,19.0,0.4,9.0,30.0,30.0,2025-01-10 05:36:39,25.0,0.14388489208633093,0.03597122302158273,0.000818181818181818,27.27272727272727,34.61538461538461,50.0,100.0,21.951219512195124,8.94308943089431,40.74074074074074,8.848920863309353,5.899280575539568
398,SHU,Sheffield United,eng.sheff_utd,12713,707912,1,65.7,7.0,1.0,0.0,1.0,10.0,4.0,16.0,3.0,0.2,0.0,1.0,472.0,558.0,0.8,4.0,29.0,0.1,55.0,31.0,0.6,10.0,9.0,12.0,0.8,7.0,20.0,20.0,2025-01-03 05:45:41,18.75,0.243531202435312,0.045662100456621,0.00027586206896551725,13.793103448275861,50.0,69.56521739130434,100.0,9.85663082437276,5.555555555555555,56.36363636363636,8.493150684931507,7.184170471841704
379,BUR,Burnley,eng.burnley,12713,707915,0,67.5,8.0,1.0,1.0,0.0,6.0,3.0,18.0,2.0,0.1,0.0,0.0,438.0,526.0,0.8,8.0,26.0,0.3,58.0,27.0,0.5,5.0,13.0,23.0,0.6,5.0,28.0,28.0,2025-01-02 05:44:24,11.11111111111111,0.26666666666666666,0.02962962962962963,0.0003076923076923077,30.76923076923077,38.46153846153847,69.23076923076923,100.0,11.02661596958175,5.133079847908745,46.55172413793103,7.792592592592593,6.488888888888889
301,LTN,Luton Town,eng.luton,12713,707920,0,48.7,11.0,1.0,0.0,1.0,9.0,1.0,14.0,3.0,0.2,0.0,0.0,262.0,356.0,0.7,7.0,21.0,0.3,67.0,30.0,0.4,4.0,13.0,21.0,0.6,4.0,19.0,19.0,2025-01-02 05:44:24,21.428571428571427,0.2874743326488706,0.061601642710472276,0.0006666666666666666,33.33333333333333,26.666666666666668,60.71428571428571,100.0,18.820224719101123,8.426966292134832,44.776119402985074,7.31006160164271,5.379876796714579
379,BUR,Burnley,eng.burnley,12713,707923,1,51.3,18.0,2.0,0.0,0.0,0.0,0.0,4.0,2.0,0.5,0.0,0.0,337.0,420.0,0.8,2.0,10.0,0.2,64.0,29.0,0.5,2.0,12.0,17.0,0.7,7.0,36.0,36.0,2025-01-05 05:43:24,50.0,0.07797270955165693,0.038986354775828465,0.001,20.0,28.000000000000004,51.35135135135135,100.0,15.238095238095239,6.904761904761905,45.3125,8.187134502923977,6.569200779727096
301,LTN,Luton Town,eng.luton,12713,707928,1,47.2,9.0,1.0,0.0,2.0,4.0,4.0,18.0,4.0,0.2,0.0,0.0,294.0,372.0,0.8,8.0,13.0,0.6,46.0,13.0,0.3,6.0,11.0,19.0,0.6,5.0,26.0,26.0,2025-01-08 05:41:48,22.22222222222222,0.3813559322033898,0.0847457627118644,0.0012307692307692308,61.53846153846154,35.714285714285715,64.0,100.0,12.365591397849462,3.494623655913978,28.26086956521739,7.881355932203389,6.228813559322034
398,SHU,Sheffield United,eng.sheff_utd,12713,707929,1,46.2,8.0,1.0,0.0,1.0,0.0,3.0,7.0,6.0,0.9,0.0,0.0,357.0,433.0,0.8,1.0,4.0,0.3,39.0,12.0,0.3,0.0,17.0,29.0,0.6,6.0,49.0,49.0,2025-01-05 05:43:24,85.71428571428571,0.15151515151515152,0.12987012987012986,0.0022500000000000003,25.0,42.857142857142854,74.19354838709677,100.0,9.006928406466514,2.771362586605081,30.76923076923077,9.372294372294371,7.727272727272727
379,BUR,Burnley,eng.burnley,12713,707935,0,58.1,9.0,2.0,0.0,0.0,5.0,3.0,9.0,4.0,0.4,0.0,0.0,478.0,561.0,0.9,6.0,20.0,0.3,55.0,22.0,0.4,1.0,9.0,16.0,0.6,7.0,21.0,21.0,2025-01-22 05:37:47,44.44444444444444,0.1549053356282272,0.06884681583476764,0.0012,30.0,43.75,64.0,100.0,9.803921568627452,3.9215686274509802,40.0,9.65576592082616,8.227194492254734
301,LTN,Luton Town,eng.luton,12713,707940,0,61.6,13.0,3.0,0.0,2.0,3.0,0.0,9.0,4.0,0.4,0.0,0.0,353.0,441.0,0.8,1.0,20.0,0.1,68.0,27.0,0.4,4.0,14.0,17.0,0.8,8.0,44.0,44.0,2025-01-19 05:36:40,44.44444444444444,0.1461038961038961,0.06493506493506493,0.00020000000000000004,5.0,38.095238095238095,62.857142857142854,100.0,15.419501133786847,6.122448979591836,39.705882352941174,7.159090909090909,5.73051948051948
398,SHU,Sheffield United,eng.sheff_utd,12713,707945,0,39.4,9.0,1.0,0.0,0.0,7.0,0.0,22.0,6.0,0.3,1.0,1.0,254.0,332.0,0.8,6.0,22.0,0.3,58.0,28.0,0.5,13.0,7.0,14.0,0.5,8.0,22.0,22.0,2025-01-19 05:36:40,27.27272727272727,0.5583756345177665,0.15228426395939088,0.000818181818181818,27.27272727272727,47.05882352941176,62.5,100.0,17.46987951807229,8.433734939759036,48.275862068965516,8.426395939086294,6.446700507614214
301,LTN,Luton Town,eng.luton,12713,707952,1,51.1,17.0,3.0,0.0,3.0,5.0,3.0,8.0,3.0,0.4,0.0,0.0,321.0,406.0,0.8,7.0,20.0,0.4,59.0,26.0,0.4,4.0,12.0,17.0,0.7,7.0,45.0,45.0,2025-01-23 05:37:12,37.5,0.15655577299412915,0.05870841487279843,0.0013999999999999998,35.0,29.166666666666668,52.77777777777778,100.0,14.532019704433496,6.403940886699508,44.06779661016949,7.945205479452055,6.2818003913894325
398,SHU,Sheffield United,eng.sheff_utd,12713,707953,1,44.5,20.0,4.0,0.0,2.0,2.0,4.0,14.0,3.0,0.2,1.0,1.0,261.0,342.0,0.8,2.0,10.0,0.2,69.0,32.0,0.5,4.0,12.0,18.0,0.7,6.0,31.0,31.0,2025-01-23 05:37:12,21.428571428571427,0.3146067415730337,0.06741573033707865,0.0004000000000000001,20.0,23.076923076923077,47.368421052631575,100.0,20.175438596491226,9.35672514619883,46.3768115942029,7.685393258426966,5.865168539325842
379,BUR,Burnley,eng.burnley,12713,707956,1,61.1,9.0,0.0,0.0,1.0,5.0,1.0,17.0,9.0,0.5,0.0,0.0,422.0,511.0,0.8,8.0,20.0,0.4,86.0,45.0,0.5,4.0,4.0,9.0,0.4,7.0,21.0,21.0,2025-01-24 05:41:43,52.94117647058824,0.27823240589198034,0.14729950900163666,0.002,40.0,43.75,55.00000000000001,100.0,16.829745596868882,8.806262230919765,52.32558139534884,8.363338788870703,6.90671031096563
379,BUR,Burnley,eng.burnley,12713,707960,0,44.6,9.0,0.0,0.0,1.0,1.0,1.0,4.0,0.0,0.0,0.0,0.0,324.0,410.0,0.8,2.0,8.0,0.3,65.0,19.0,0.3,1.0,9.0,13.0,0.7,3.0,26.0,26.0,2025-01-28 15:08:56,0.0,0.08968609865470852,0.0,0.0,25.0,25.0,57.14285714285714,100.0,15.853658536585366,4.634146341463414,29.230769230769234,9.192825112107624,7.26457399103139
301,LTN,Luton Town,eng.luton,12713,707963,0,55.1,11.0,2.0,0.0,3.0,7.0,5.0,12.0,2.0,0.2,0.0,0.0,193.0,314.0,0.6,7.0,19.0,0.4,69.0,14.0,0.2,4.0,17.0,30.0,0.6,6.0,29.0,29.0,2025-01-26 05:40:34,16.666666666666664,0.2177858439201452,0.036297640653357534,0.0007368421052631578,36.84210526315789,35.294117647058826,67.64705882352942,100.0,21.97452229299363,4.45859872611465,20.28985507246377,5.6987295825771325,3.5027223230490017
398,SHU,Sheffield United,eng.sheff_utd,12713,707967,0,61.0,8.0,0.0,0.0,6.0,11.0,3.0,17.0,3.0,0.2,0.0,0.0,416.0,492.0,0.8,7.0,32.0,0.2,68.0,40.0,0.6,7.0,12.0,22.0,0.5,6.0,13.0,13.0,2025-01-28 15:08:56,17.647058823529413,0.2786885245901639,0.04918032786885246,0.00043750000000000006,21.875,42.857142857142854,69.23076923076923,100.0,13.821138211382115,8.130081300813007,58.82352941176471,8.065573770491802,6.819672131147541
379,BUR,Burnley,eng.burnley,12713,707971,1,58.8,9.0,1.0,0.0,3.0,3.0,3.0,14.0,6.0,0.4,0.0,0.0,347.0,443.0,0.8,3.0,10.0,0.3,68.0,23.0,0.3,3.0,7.0,12.0,0.6,6.0,40.0,40.0,2025-02-06 05:44:20,42.857142857142854,0.2380952380952381,0.10204081632653061,0.0012,30.0,40.0,59.09090909090909,100.0,15.349887133182843,5.191873589164786,33.82352941176471,7.534013605442177,5.901360544217687
398,SHU,Sheffield United,eng.sheff_utd,12713,707977,1,49.3,12.0,1.0,0.0,4.0,2.0,2.0,6.0,3.0,0.5,0.0,0.0,268.0,372.0,0.7,1.0,5.0,0.2,67.0,23.0,0.3,0.0,9.0,14.0,0.6,10.0,33.0,33.0,2025-02-02 14:50:29,50.0,0.12170385395537527,0.06085192697768763,0.001,20.0,45.45454545454545,61.29032258064516,100.0,18.010752688172044,6.182795698924731,34.32835820895522,7.545638945233266,5.436105476673428
301,LTN,Luton Town,eng.luton,12713,707979,1,32.1,12.0,1.0,0.0,1.0,5.0,3.0,8.0,1.0,0.1,0.0,0.0,160.0,243.0,0.7,3.0,16.0,0.2,71.0,27.0,0.4,4.0,3.0,5.0,0.6,6.0,32.0,32.0,2025-02-02 14:50:29,12.5,0.24922118380062305,0.03115264797507788,0.00018750000000000003,18.75,33.33333333333333,42.857142857142854,100.0,29.218106995884774,11.11111111111111,38.028169014084504,7.5700934579439245,4.984423676012461
398,SHU,Sheffield United,eng.sheff_utd,12713,707983,0,61.4,17.0,4.0,0.0,3.0,5.0,4.0,11.0,3.0,0.3,0.0,0.0,331.0,408.0,0.8,4.0,22.0,0.2,49.0,16.0,0.3,2.0,8.0,16.0,0.5,6.0,53.0,53.0,2025-02-09 05:50:16,27.27272727272727,0.1791530944625407,0.048859934853420196,0.0005454545454545455,18.181818181818183,26.08695652173913,45.16129032258064,100.0,12.009803921568627,3.9215686274509802,32.6530612244898,6.644951140065147,5.390879478827362
301,LTN,Luton Town,eng.luton,12713,707984,0,60.1,7.0,0.0,0.0,1.0,10.0,0.0,17.0,2.0,0.1,0.0,0.0,208.0,322.0,0.6,11.0,30.0,0.4,73.0,17.0,0.2,9.0,8.0,12.0,0.7,5.0,38.0,38.0,2025-02-21 05:54:27,11.76470588235294,0.2828618968386023,0.033277870216306155,0.00036666666666666667,36.666666666666664,41.66666666666667,65.0,100.0,22.67080745341615,5.279503105590062,23.28767123287671,5.357737104825291,3.4608985024958403
379,BUR,Burnley,eng.burnley,12713,707988,0,61.1,10.0,2.0,0.0,1.0,12.0,0.0,15.0,7.0,0.5,0.0,0.0,507.0,589.0,0.9,5.0,18.0,0.3,53.0,27.0,0.5,3.0,10.0,17.0,0.6,4.0,15.0,15.0,2025-02-06 05:44:20,46.666666666666664,0.24549918166939444,0.11456628477905073,0.001388888888888889,27.77777777777778,28.57142857142857,58.333333333333336,100.0,8.998302207130731,4.584040747028863,50.943396226415096,9.639934533551555,8.297872340425531
379,BUR,Burnley,eng.burnley,12713,708003,0,67.0,5.0,0.0,0.0,0.0,9.0,3.0,16.0,5.0,0.3,0.0,0.0,635.0,692.0,0.9,4.0,23.0,0.2,52.0,32.0,0.6,5.0,10.0,16.0,0.6,5.0,19.0,19.0,2025-02-14 05:51:56,31.25,0.23880597014925373,0.07462686567164178,0.0005217391304347826,17.391304347826086,50.0,75.0,100.0,7.514450867052023,4.624277456647398,61.53846153846154,10.328358208955224,9.477611940298507
398,SHU,Sheffield United,eng.sheff_utd,12713,708004,0,51.8,11.0,2.0,0.0,2.0,10.0,3.0,18.0,9.0,0.5,0.0,0.0,320.0,406.0,0.8,3.0,24.0,0.1,50.0,19.0,0.4,5.0,10.0,11.0,0.9,7.0,24.0,24.0,2025-02-14 05:51:56,50.0,0.3474903474903475,0.17374517374517376,0.000625,12.5,38.88888888888889,60.71428571428571,100.0,12.31527093596059,4.679802955665025,38.0,7.837837837837839,6.177606177606178
301,LTN,Luton Town,eng.luton,12713,708005,1,34.2,9.0,2.0,0.0,2.0,1.0,1.0,4.0,1.0,0.3,0.0,0.0,206.0,300.0,0.7,1.0,9.0,0.1,66.0,21.0,0.3,2.0,12.0,20.0,0.6,5.0,18.0,18.0,2025-02-14 05:51:56,25.0,0.11695906432748537,0.029239766081871343,0.0003333333333333333,11.11111111111111,35.714285714285715,65.38461538461539,100.0,22.0,7.000000000000001,31.818181818181817,8.771929824561402,6.023391812865497
301,LTN,Luton Town,eng.luton,12713,708009,0,48.3,12.0,1.0,0.0,2.0,5.0,3.0,14.0,5.0,0.4,0.0,0.0,238.0,318.0,0.7,4.0,21.0,0.2,77.0,37.0,0.5,3.0,5.0,12.0,0.4,5.0,22.0,22.0,2025-02-16 05:49:53,35.714285714285715,0.2898550724637681,0.10351966873706005,0.0007619047619047619,19.047619047619047,29.411764705882355,45.45454545454545,100.0,24.21383647798742,11.635220125786164,48.05194805194805,6.583850931677019,4.9275362318840585
398,SHU,Sheffield United,eng.sheff_utd,12713,708009,1,51.7,10.0,3.0,0.0,1.0,3.0,5.0,12.0,4.0,0.3,0.0,0.0,249.0,349.0,0.7,4.0,9.0,0.4,79.0,28.0,0.4,5.0,16.0,25.0,0.6,3.0,27.0,27.0,2025-02-16 05:49:53,33.33333333333333,0.23210831721470018,0.07736943907156672,0.0013333333333333333,44.44444444444444,23.076923076923077,65.51724137931035,100.0,22.636103151862464,8.022922636103152,35.44303797468354,6.750483558994197,4.816247582205029
379,BUR,Burnley,eng.burnley,12713,708015,1,57.2,13.0,3.0,0.0,1.0,6.0,1.0,11.0,2.0,0.2,0.0,0.0,380.0,454.0,0.8,3.0,13.0,0.2,59.0,30.0,0.5,2.0,7.0,13.0,0.5,5.0,27.0,27.0,2025-02-16 05:49:53,18.181818181818183,0.1923076923076923,0.03496503496503496,0.0004615384615384616,23.076923076923077,27.77777777777778,48.0,100.0,12.995594713656388,6.607929515418502,50.847457627118644,7.937062937062937,6.643356643356643
301,LTN,Luton Town,eng.luton,12713,708021,1,46.3,17.0,2.0,0.0,1.0,6.0,3.0,10.0,2.0,0.2,0.0,0.0,254.0,313.0,0.8,3.0,27.0,0.1,58.0,34.0,0.6,4.0,9.0,21.0,0.4,6.0,8.0,8.0,2025-02-24 05:52:05,20.0,0.21598272138228944,0.04319654427645789,0.00022222222222222223,11.11111111111111,26.08695652173913,46.875,100.0,18.53035143769968,10.86261980830671,58.620689655172406,6.760259179265659,5.485961123110152
398,SHU,Sheffield United,eng.sheff_utd,12713,708024,0,42.1,9.0,1.0,0.0,0.0,3.0,5.0,10.0,4.0,0.4,0.0,0.0,242.0,325.0,0.7,2.0,13.0,0.2,60.0,25.0,0.4,3.0,12.0,13.0,0.9,15.0,28.0,28.0,2025-02-26 05:48:02,40.0,0.2375296912114014,0.09501187648456057,0.0006153846153846154,15.384615384615385,62.5,75.0,100.0,18.461538461538463,7.6923076923076925,41.66666666666667,7.719714964370546,5.748218527315914
379,BUR,Burnley,eng.burnley,12713,708030,0,64.2,10.0,3.0,0.0,0.0,4.0,3.0,7.0,4.0,0.6,0.0,0.0,539.0,595.0,0.9,0.0,8.0,0.0,41.0,16.0,0.4,0.0,8.0,13.0,0.6,5.0,28.0,28.0,2025-02-23 05:50:57,57.14285714285714,0.10903426791277258,0.06230529595015576,0.0,0.0,33.33333333333333,56.52173913043478,100.0,6.890756302521009,2.689075630252101,39.02439024390244,9.26791277258567,8.39563862928349
301,LTN,Luton Town,eng.luton,12713,708032,0,44.0,10.0,2.0,0.0,2.0,2.0,1.0,10.0,2.0,0.2,0.0,0.0,188.0,315.0,0.6,1.0,10.0,0.1,84.0,27.0,0.3,5.0,8.0,11.0,0.7,7.0,43.0,43.0,2025-03-02 05:50:45,20.0,0.22727272727272727,0.045454545454545456,0.00020000000000000004,10.0,41.17647058823529,60.0,100.0,26.666666666666668,8.571428571428571,32.142857142857146,7.159090909090909,4.2727272727272725
379,BUR,Burnley,eng.burnley,12713,708033,1,48.4,7.0,3.0,0.0,1.0,6.0,1.0,12.0,5.0,0.4,0.0,0.0,371.0,462.0,0.8,4.0,14.0,0.3,50.0,20.0,0.4,5.0,6.0,12.0,0.5,8.0,27.0,27.0,2025-03-06 12:55:37,41.66666666666667,0.24793388429752067,0.10330578512396695,0.0011428571428571427,28.57142857142857,53.333333333333336,66.66666666666666,100.0,10.822510822510822,4.329004329004329,40.0,9.545454545454545,7.6652892561983474
398,SHU,Sheffield United,eng.sheff_utd,12713,708038,1,44.4,14.0,3.0,0.0,1.0,2.0,3.0,8.0,2.0,0.3,0.0,0.0,285.0,378.0,0.8,3.0,6.0,0.5,66.0,27.0,0.4,3.0,12.0,16.0,0.8,7.0,42.0,42.0,2025-03-02 05:50:45,25.0,0.1801801801801802,0.04504504504504505,0.0015,50.0,33.33333333333333,57.57575757575758,100.0,17.46031746031746,7.142857142857142,40.909090909090914,8.513513513513514,6.418918918918919
379,BUR,Burnley,eng.burnley,12713,708045,0,71.7,5.0,3.0,0.0,1.0,6.0,2.0,16.0,3.0,0.2,0.0,0.0,542.0,608.0,0.9,4.0,16.0,0.3,44.0,26.0,0.6,6.0,6.0,13.0,0.5,3.0,26.0,26.0,2025-03-09 05:48:56,18.75,0.22315202231520223,0.04184100418410042,0.0005,25.0,37.5,64.28571428571429,100.0,7.236842105263158,4.276315789473684,59.09090909090909,8.479776847977684,7.5592747559274756
301,LTN,Luton Town,eng.luton,12713,708045,1,28.3,18.0,2.0,1.0,1.0,4.0,0.0,3.0,2.0,0.7,0.0,0.0,179.0,231.0,0.8,2.0,17.0,0.1,40.0,14.0,0.4,0.0,8.0,12.0,0.7,7.0,23.0,23.0,2025-03-09 05:48:56,66.66666666666666,0.10600706713780919,0.0706713780918728,0.0008235294117647059,11.76470588235294,28.000000000000004,45.45454545454545,100.0,17.316017316017316,6.0606060606060606,35.0,8.162544169611307,6.3250883392226145
398,SHU,Sheffield United,eng.sheff_utd,12713,708050,0,59.8,13.0,1.0,0.0,4.0,8.0,3.0,11.0,5.0,0.5,0.0,0.0,381.0,477.0,0.8,3.0,19.0,0.2,56.0,23.0,0.4,2.0,10.0,16.0,0.6,15.0,19.0,19.0,2025-03-09 05:48:56,45.45454545454545,0.1839464882943144,0.08361204013377926,0.0007894736842105263,15.789473684210526,53.57142857142857,65.78947368421053,100.0,11.740041928721174,4.821802935010482,41.07142857142857,7.976588628762542,6.37123745819398
379,BUR,Burnley,eng.burnley,12713,708055,0,60.1,10.0,0.0,1.0,1.0,6.0,2.0,8.0,2.0,0.3,0.0,0.0,420.0,499.0,0.8,3.0,22.0,0.1,57.0,25.0,0.4,2.0,3.0,13.0,0.2,7.0,19.0,19.0,2025-03-13 04:48:46,25.0,0.13311148086522462,0.033277870216306155,0.000409090909090909,13.636363636363635,41.17647058823529,50.0,100.0,11.422845691382765,5.01002004008016,43.859649122807014,8.302828618968386,6.988352745424293
301,LTN,Luton Town,eng.luton,12713,708056,1,42.5,9.0,1.0,0.0,0.0,3.0,3.0,9.0,4.0,0.4,0.0,0.0,212.0,320.0,0.7,2.0,12.0,0.2,70.0,23.0,0.3,3.0,10.0,19.0,0.5,6.0,30.0,30.0,2025-03-13 04:48:46,44.44444444444444,0.21176470588235294,0.09411764705882353,0.0006666666666666666,16.666666666666664,40.0,64.0,100.0,21.875,7.187499999999999,32.857142857142854,7.529411764705882,4.988235294117647
398,SHU,Sheffield United,eng.sheff_utd,12713,708065,0,40.3,8.0,1.0,0.0,2.0,5.0,3.0,13.0,5.0,0.4,0.0,0.0,270.0,342.0,0.8,1.0,10.0,0.1,52.0,28.0,0.5,6.0,6.0,11.0,0.5,12.0,38.0,38.0,2025-03-13 04:48:46,38.46153846153847,0.32258064516129037,0.12406947890818859,0.0004000000000000001,10.0,60.0,69.23076923076923,100.0,15.204678362573098,8.187134502923977,53.84615384615385,8.4863523573201,6.699751861042184
301,LTN,Luton Town,eng.luton,12713,708067,0,45.4,18.0,2.0,0.0,2.0,9.0,0.0,19.0,5.0,0.3,0.0,0.0,199.0,302.0,0.7,9.0,26.0,0.3,66.0,31.0,0.5,4.0,13.0,18.0,0.7,7.0,28.0,28.0,2025-03-16 04:51:22,26.31578947368421,0.41850220264317184,0.11013215859030838,0.0010384615384615384,34.61538461538461,28.000000000000004,52.63157894736842,100.0,21.85430463576159,10.264900662251655,46.96969696969697,6.651982378854626,4.383259911894274
398,SHU,Sheffield United,eng.sheff_utd,12713,708076,1,47.8,8.0,3.0,0.0,2.0,2.0,3.0,10.0,2.0,0.2,0.0,0.0,244.0,322.0,0.8,2.0,7.0,0.3,53.0,14.0,0.3,4.0,14.0,14.0,1.0,4.0,34.0,34.0,2025-03-17 04:47:52,20.0,0.2092050209205021,0.041841004184100423,0.0005714285714285714,28.57142857142857,33.33333333333333,69.23076923076923,100.0,16.459627329192546,4.3478260869565215,26.41509433962264,6.7364016736401675,5.104602510460252
379,BUR,Burnley,eng.burnley,12713,708077,1,44.2,12.0,0.0,0.0,3.0,4.0,1.0,12.0,5.0,0.4,0.0,0.0,300.0,392.0,0.8,5.0,14.0,0.4,54.0,23.0,0.4,4.0,10.0,14.0,0.7,11.0,45.0,45.0,2025-03-16 04:51:22,41.66666666666667,0.27149321266968324,0.11312217194570134,0.0014285714285714288,35.714285714285715,47.82608695652174,63.63636363636363,100.0,13.77551020408163,5.86734693877551,42.592592592592595,8.868778280542985,6.787330316742081
379,BUR,Burnley,eng.burnley,12713,708079,0,53.9,11.0,0.0,0.0,2.0,7.0,1.0,14.0,3.0,0.2,0.0,0.0,402.0,482.0,0.8,6.0,21.0,0.3,58.0,20.0,0.3,6.0,13.0,23.0,0.6,10.0,17.0,17.0,2025-03-30 04:53:40,21.428571428571427,0.25974025974025977,0.055658627087198514,0.0005714285714285714,28.57142857142857,47.61904761904761,67.64705882352942,100.0,12.033195020746888,4.149377593360995,34.48275862068966,8.942486085343228,7.458256029684601
301,LTN,Luton Town,eng.luton,12713,708082,1,35.0,10.0,0.0,0.0,1.0,4.0,3.0,8.0,2.0,0.3,0.0,0.0,189.0,277.0,0.7,5.0,17.0,0.3,67.0,29.0,0.4,3.0,10.0,19.0,0.5,10.0,49.0,49.0,2025-03-30 17:16:54,25.0,0.22857142857142856,0.05714285714285714,0.0008823529411764706,29.411764705882355,50.0,66.66666666666666,100.0,24.187725631768952,10.469314079422382,43.28358208955223,7.914285714285715,5.4
398,SHU,Sheffield United,eng.sheff_utd,12713,708087,0,41.0,11.0,1.0,0.0,4.0,8.0,3.0,16.0,6.0,0.4,0.0,0.0,285.0,365.0,0.8,3.0,9.0,0.3,56.0,23.0,0.4,7.0,9.0,11.0,0.8,8.0,22.0,22.0,2025-03-30 04:53:40,37.5,0.3902439024390244,0.14634146341463414,0.0013333333333333333,33.33333333333333,42.10526315789473,60.71428571428571,100.0,15.342465753424658,6.301369863013699,41.07142857142857,8.902439024390244,6.951219512195122
379,BUR,Burnley,eng.burnley,12713,708097,1,49.8,18.0,4.0,0.0,5.0,5.0,1.0,13.0,6.0,0.5,0.0,0.0,256.0,340.0,0.8,1.0,8.0,0.1,54.0,10.0,0.2,2.0,11.0,18.0,0.6,10.0,38.0,38.0,2025-04-07 04:56:24,46.15384615384615,0.26104417670682734,0.12048192771084339,0.000625,12.5,35.714285714285715,53.84615384615385,100.0,15.88235294117647,2.941176470588235,18.51851851851852,6.827309236947792,5.140562248995984
301,LTN,Luton Town,eng.luton,12713,708098,0,34.0,15.0,1.0,0.0,2.0,0.0,4.0,7.0,3.0,0.4,0.0,0.0,133.0,228.0,0.6,5.0,19.0,0.3,53.0,19.0,0.4,3.0,10.0,25.0,0.4,3.0,52.0,52.0,2025-04-06 04:54:38,42.857142857142854,0.20588235294117646,0.08823529411764706,0.0010526315789473684,26.31578947368421,16.666666666666664,46.42857142857143,100.0,23.24561403508772,8.333333333333332,35.84905660377358,6.705882352941177,3.911764705882353
398,SHU,Sheffield United,eng.sheff_utd,12713,708100,1,73.5,8.0,3.0,0.0,0.0,10.0,2.0,15.0,4.0,0.3,0.0,0.0,380.0,484.0,0.8,5.0,31.0,0.2,59.0,18.0,0.3,8.0,11.0,15.0,0.7,3.0,31.0,31.0,2025-04-07 04:56:24,26.666666666666668,0.20408163265306123,0.05442176870748299,0.0004838709677419355,16.129032258064516,27.27272727272727,63.63636363636363,100.0,12.190082644628099,3.71900826446281,30.508474576271187,6.585034013605442,5.170068027210885
398,SHU,Sheffield United,eng.sheff_utd,12713,708108,0,65.6,5.0,0.0,0.0,0.0,11.0,1.0,25.0,5.0,0.2,0.0,0.0,421.0,519.0,0.8,6.0,32.0,0.2,64.0,31.0,0.5,12.0,9.0,14.0,0.6,4.0,18.0,18.0,2025-04-10 05:11:39,20.0,0.38109756097560976,0.07621951219512196,0.00037500000000000006,18.75,44.44444444444444,72.22222222222221,100.0,12.33140655105973,5.973025048169557,48.4375,7.911585365853659,6.4176829268292686
301,LTN,Luton Town,eng.luton,12713,708109,1,53.2,13.0,2.0,0.0,3.0,6.0,3.0,15.0,3.0,0.2,0.0,0.0,225.0,307.0,0.7,8.0,25.0,0.3,50.0,20.0,0.4,5.0,7.0,9.0,0.8,11.0,32.0,32.0,2025-04-10 05:11:39,20.0,0.2819548872180451,0.05639097744360902,0.00064,32.0,45.83333333333333,58.06451612903226,100.0,16.286644951140065,6.514657980456026,40.0,5.770676691729323,4.2293233082706765
379,BUR,Burnley,eng.burnley,12713,708112,1,70.0,8.0,0.0,0.0,0.0,4.0,1.0,7.0,2.0,0.3,0.0,0.0,464.0,555.0,0.8,2.0,13.0,0.2,53.0,11.0,0.2,0.0,9.0,14.0,0.6,9.0,47.0,47.0,2025-04-10 05:11:39,28.57142857142857,0.1,0.02857142857142857,0.0004615384615384616,15.384615384615385,52.94117647058824,69.23076923076923,100.0,9.54954954954955,1.981981981981982,20.754716981132077,7.928571428571429,6.628571428571429
379,BUR,Burnley,eng.burnley,12713,708115,0,45.4,14.0,2.0,0.0,0.0,5.0,1.0,8.0,2.0,0.3,0.0,0.0,352.0,418.0,0.8,3.0,10.0,0.3,58.0,25.0,0.4,2.0,8.0,15.0,0.5,6.0,18.0,18.0,2025-04-13 05:20:15,25.0,0.1762114537444934,0.04405286343612335,0.0009,30.0,30.0,50.0,100.0,13.875598086124402,5.980861244019139,43.103448275862064,9.20704845814978,7.753303964757709
301,LTN,Luton Town,eng.luton,12713,708119,0,59.4,7.0,1.0,0.0,1.0,9.0,1.0,18.0,3.0,0.2,0.0,0.0,288.0,390.0,0.7,4.0,30.0,0.1,58.0,23.0,0.4,4.0,6.0,11.0,0.5,4.0,16.0,16.0,2025-04-14 05:15:01,16.666666666666664,0.30303030303030304,0.050505050505050504,0.0002666666666666667,13.333333333333334,36.36363636363637,58.82352941176471,100.0,14.871794871794872,5.897435897435897,39.6551724137931,6.565656565656566,4.848484848484849
398,SHU,Sheffield United,eng.sheff_utd,12713,708121,1,70.0,12.0,1.0,0.0,0.0,9.0,1.0,8.0,3.0,0.4,0.0,0.0,397.0,482.0,0.8,4.0,20.0,0.2,63.0,20.0,0.3,0.0,7.0,11.0,0.6,3.0,32.0,32.0,2025-04-13 05:20:15,37.5,0.11428571428571428,0.04285714285714286,0.0008000000000000001,20.0,20.0,45.45454545454545,100.0,13.070539419087138,4.149377593360995,31.746031746031743,6.885714285714286,5.671428571428572
301,LTN,Luton Town,eng.luton,12713,708130,1,41.2,13.0,2.0,0.0,2.0,4.0,3.0,8.0,1.0,0.1,0.0,0.0,128.0,228.0,0.6,3.0,12.0,0.3,59.0,12.0,0.2,2.0,6.0,9.0,0.7,2.0,78.0,78.0,2025-04-20 15:46:12,12.5,0.1941747572815534,0.024271844660194174,0.00025,25.0,13.333333333333334,38.095238095238095,100.0,25.877192982456144,5.263157894736842,20.33898305084746,5.533980582524271,3.1067961165048543
398,SHU,Sheffield United,eng.sheff_utd,12713,708135,0,54.9,9.0,1.0,0.0,1.0,7.0,3.0,15.0,5.0,0.3,0.0,0.0,377.0,454.0,0.8,4.0,13.0,0.3,63.0,33.0,0.5,7.0,11.0,17.0,0.6,6.0,30.0,30.0,2025-04-20 15:46:12,33.33333333333333,0.273224043715847,0.09107468123861567,0.0009230769230769232,30.76923076923077,40.0,65.38461538461539,100.0,13.876651982378855,7.268722466960352,52.38095238095239,8.269581056466302,6.8670309653916215
379,BUR,Burnley,eng.burnley,12713,708138,1,65.5,4.0,4.0,0.0,4.0,1.0,4.0,16.0,7.0,0.4,0.0,0.0,497.0,568.0,0.9,2.0,12.0,0.2,43.0,21.0,0.5,5.0,7.0,12.0,0.6,11.0,12.0,12.0,2025-04-20 15:46:12,43.75,0.24427480916030533,0.10687022900763359,0.0006666666666666666,16.666666666666664,73.33333333333333,81.81818181818183,100.0,7.570422535211267,3.697183098591549,48.837209302325576,8.67175572519084,7.587786259541985
379,BUR,Burnley,eng.burnley,12713,708139,0,51.5,11.0,1.0,0.0,2.0,3.0,3.0,10.0,4.0,0.4,1.0,1.0,283.0,367.0,0.8,0.0,13.0,0.0,74.0,27.0,0.4,5.0,6.0,11.0,0.5,5.0,40.0,40.0,2025-04-22 04:56:43,40.0,0.1941747572815534,0.07766990291262135,0.0,0.0,31.25,50.0,100.0,20.16348773841962,7.3569482288828345,36.486486486486484,7.12621359223301,5.495145631067961
398,SHU,Sheffield United,eng.sheff_utd,12713,708139,1,48.5,14.0,3.0,0.0,1.0,4.0,2.0,15.0,4.0,0.3,0.0,0.0,262.0,349.0,0.8,3.0,12.0,0.3,62.0,29.0,0.5,7.0,10.0,14.0,0.7,12.0,27.0,27.0,2025-04-22 04:56:43,26.666666666666668,0.30927835051546393,0.08247422680412371,0.00075,25.0,46.15384615384615,61.111111111111114,100.0,17.765042979942695,8.30945558739255,46.774193548387096,7.195876288659794,5.402061855670103
301,LTN,Luton Town,eng.luton,12713,708143,0,35.6,11.0,0.0,0.0,1.0,3.0,3.0,16.0,7.0,0.4,0.0,0.0,178.0,252.0,0.7,4.0,17.0,0.2,66.0,27.0,0.4,4.0,10.0,17.0,0.6,4.0,33.0,33.0,2025-04-22 04:56:43,43.75,0.449438202247191,0.19662921348314605,0.0009411764705882353,23.52941176470588,26.666666666666668,56.00000000000001,100.0,26.190476190476193,10.714285714285714,40.909090909090914,7.078651685393258,5.0
398,SHU,Sheffield United,eng.sheff_utd,12713,708152,1,49.0,11.0,2.0,0.0,1.0,3.0,3.0,13.0,5.0,0.4,0.0,0.0,297.0,369.0,0.8,8.0,13.0,0.6,64.0,31.0,0.5,2.0,12.0,15.0,0.8,9.0,27.0,27.0,2025-04-27 04:56:35,38.46153846153847,0.2653061224489796,0.10204081632653061,0.0024615384615384616,61.53846153846154,45.0,65.625,100.0,17.344173441734416,8.401084010840108,48.4375,7.530612244897959,6.061224489795919
301,LTN,Luton Town,eng.luton,12713,708154,0,67.0,9.0,3.0,1.0,3.0,18.0,0.0,23.0,8.0,0.3,0.0,0.0,343.0,418.0,0.8,7.0,51.0,0.1,51.0,18.0,0.4,6.0,5.0,8.0,0.6,6.0,24.0,24.0,2025-04-27 04:56:35,34.78260869565217,0.34328358208955223,0.11940298507462686,0.00041176470588235296,13.725490196078432,40.0,55.00000000000001,100.0,12.200956937799043,4.30622009569378,35.294117647058826,6.2388059701492535,5.119402985074627
379,BUR,Burnley,eng.burnley,12713,708156,1,62.5,11.0,2.0,0.0,3.0,6.0,2.0,16.0,10.0,0.6,0.0,0.0,535.0,601.0,0.9,4.0,14.0,0.3,44.0,20.0,0.5,4.0,8.0,14.0,0.6,3.0,18.0,18.0,2025-04-27 04:56:35,62.5,0.256,0.16,0.001714285714285714,28.57142857142857,21.428571428571427,50.0,100.0,7.321131447587355,3.3277870216306153,45.45454545454545,9.616,8.56
301,LTN,Luton Town,eng.luton,12713,708166,1,33.0,22.0,2.0,0.0,1.0,4.0,0.0,12.0,4.0,0.3,0.0,0.0,180.0,265.0,0.7,2.0,14.0,0.1,66.0,29.0,0.4,6.0,8.0,14.0,0.6,10.0,23.0,23.0,2025-05-05 05:00:05,33.33333333333333,0.36363636363636365,0.12121212121212122,0.0004285714285714285,14.285714285714285,31.25,45.0,100.0,24.90566037735849,10.943396226415095,43.93939393939394,8.030303030303031,5.454545454545454
398,SHU,Sheffield United,eng.sheff_utd,12713,708168,0,59.0,16.0,2.0,0.0,2.0,8.0,1.0,18.0,5.0,0.3,0.0,0.0,432.0,495.0,0.9,3.0,17.0,0.2,48.0,33.0,0.7,9.0,9.0,17.0,0.5,6.0,28.0,28.0,2025-05-05 05:00:05,27.77777777777778,0.3050847457627119,0.0847457627118644,0.0005294117647058823,17.647058823529413,27.27272727272727,48.38709677419355,100.0,9.696969696969697,6.666666666666667,68.75,8.389830508474576,7.322033898305085
379,BUR,Burnley,eng.burnley,12713,708174,0,71.1,5.0,1.0,0.0,4.0,7.0,3.0,19.0,9.0,0.5,0.0,0.0,446.0,526.0,0.8,2.0,14.0,0.1,47.0,23.0,0.5,6.0,6.0,8.0,0.8,7.0,16.0,16.0,2025-05-05 05:00:05,47.368421052631575,0.26722925457102675,0.12658227848101267,0.0007142857142857143,14.285714285714285,58.333333333333336,72.22222222222221,100.0,8.935361216730039,4.3726235741444865,48.93617021276596,7.39803094233474,6.272855133614628
3842,CAD,Cádiz,esp.cadiz,12722,709280,0,60.8,14.0,3.0,0.0,0.0,6.0,3.0,12.0,3.0,0.3,0.0,0.0,182.5,216.0,0.8500000000000001,0.0,0.0,0.0,26.0,13.5,0.55,3.0,3.0,0.0,0.65,5.0,5.5,5.5,2024-10-14 06:59:34,25.0,0.19736842105263158,0.049342105263157895,0.0,0.0,26.31578947368421,36.36363636363637,100.0,12.037037037037036,6.25,51.92307692307693,3.5526315789473686,3.0016447368421053
3747,GRA,Granada,esp.granada_cf,12722,709285,0,65.9,9.0,6.0,0.0,0.0,9.0,1.0,20.0,9.0,0.5,0.0,0.0,327.6666666666667,411.3333333333333,0.8333333333333334,0.0,0.0,0.0,97.0,39.5,0.4,1.0,14.5,0.0,0.6,6.0,27.0,27.0,2024-10-14 06:59:34,45.0,0.30349013657056145,0.13657056145675264,0.0,0.0,40.0,69.49152542372882,100.0,23.581847649918963,9.60291734197731,40.72164948453608,6.24178047546788,4.972180070814365
6832,ALM,Almería,esp.almeria,12722,709288,1,62.7,15.0,2.0,0.0,0.0,7.0,3.0,20.0,8.0,0.4,1.0,1.0,225.4,270.0,0.8800000000000001,0.0,0.0,0.0,33.5,17.5,0.55,2.0,8.0,0.0,0.6666666666666666,8.0,15.5,15.5,2024-10-14 06:59:34,40.0,0.31897926634768736,0.12759170653907495,0.0,0.0,34.78260869565217,51.61290322580645,100.0,12.407407407407407,6.481481481481481,52.23880597014925,4.30622009569378,3.594896331738437
3842,CAD,Cádiz,esp.cadiz,12722,709295,1,55.6,15.0,5.0,0.0,0.0,4.0,5.0,14.0,7.0,0.5,1.0,1.0,182.5,216.0,0.8500000000000001,0.0,0.0,0.0,26.0,13.5,0.55,1.0,3.0,0.0,0.65,5.0,5.5,5.5,2024-09-03 04:11:30,50.0,0.2517985611510791,0.12589928057553956,0.0,0.0,25.0,34.78260869565217,100.0,12.037037037037036,6.25,51.92307692307693,3.884892086330935,3.2823741007194243
3747,GRA,Granada,esp.granada_cf,12722,709297,1,54.1,17.0,3.0,0.0,0.0,7.0,2.0,11.0,6.0,0.5,0.0,0.0,327.6666666666667,411.3333333333333,0.8333333333333334,0.0,0.0,0.0,97.0,39.5,0.4,1.0,14.5,0.0,0.6,6.0,27.0,27.0,2025-04-05 08:30:15,54.54545454545454,0.2033271719038817,0.11090573012939002,0.0,0.0,26.08695652173913,54.666666666666664,100.0,23.581847649918963,9.60291734197731,40.72164948453608,7.603203943314848,6.056685150955022
6832,ALM,Almería,esp.almeria,12722,709300,1,59.3,9.0,2.0,0.0,0.0,8.0,5.0,20.0,3.0,0.2,0.0,0.0,225.4,270.0,0.8800000000000001,0.0,0.0,0.0,33.5,17.5,0.55,10.0,8.0,0.0,0.6666666666666666,8.0,15.5,15.5,2024-09-03 04:11:31,15.0,0.3372681281618887,0.050590219224283306,0.0,0.0,47.05882352941176,64.0,100.0,12.407407407407407,6.481481481481481,52.23880597014925,4.5531197301854975,3.801011804384486
3842,CAD,Cádiz,esp.cadiz,12722,709303,0,67.9,13.0,5.0,0.0,0.0,3.0,2.0,7.0,3.0,0.4,1.0,1.0,182.5,216.0,0.8500000000000001,0.0,0.0,0.0,26.0,13.5,0.55,2.0,3.0,0.0,0.65,5.0,5.5,5.5,2024-09-03 04:20:17,42.857142857142854,0.10309278350515463,0.04418262150220913,0.0,0.0,27.77777777777778,38.095238095238095,100.0,12.037037037037036,6.25,51.92307692307693,3.1811487481590572,2.6877761413843886
6832,ALM,Almería,esp.almeria,12722,709305,0,58.8,13.0,0.0,0.0,0.0,10.0,3.0,26.0,6.0,0.2,0.0,0.0,225.4,270.0,0.8800000000000001,0.0,0.0,0.0,33.5,17.5,0.55,12.0,8.0,0.0,0.6666666666666666,8.0,15.5,15.5,2024-09-02 04:20:51,23.076923076923077,0.44217687074829937,0.10204081632653061,0.0,0.0,38.095238095238095,55.172413793103445,100.0,12.407407407407407,6.481481481481481,52.23880597014925,4.591836734693878,3.8333333333333335
3747,GRA,Granada,esp.granada_cf,12722,709308,0,65.1,8.0,1.0,0.0,0.0,5.0,2.0,14.0,5.0,0.4,0.0,0.0,327.6666666666667,411.3333333333333,0.8333333333333334,0.0,0.0,0.0,97.0,39.5,0.4,3.0,14.5,0.0,0.6,6.0,27.0,27.0,2024-09-01 04:21:34,35.714285714285715,0.21505376344086025,0.07680491551459294,0.0,0.0,42.857142857142854,71.9298245614035,100.0,23.581847649918963,9.60291734197731,40.72164948453608,6.318484383000512,5.033282130056325
3842,CAD,Cádiz,esp.cadiz,12722,709313,1,30.5,14.0,2.0,0.0,0.0,7.0,3.0,9.0,5.0,0.6,1.0,1.0,182.5,216.0,0.8500000000000001,0.0,0.0,0.0,26.0,13.5,0.55,1.0,3.0,0.0,0.65,5.0,5.5,5.5,2024-09-11 04:19:57,55.55555555555556,0.29508196721311475,0.16393442622950818,0.0,0.0,26.31578947368421,36.36363636363637,100.0,12.037037037037036,6.25,51.92307692307693,7.081967213114754,5.983606557377049
6832,ALM,Almería,esp.almeria,12722,709315,1,55.3,11.0,3.0,0.0,0.0,4.0,2.0,10.0,2.0,0.2,0.0,0.0,225.4,270.0,0.8800000000000001,0.0,0.0,0.0,33.5,17.5,0.55,3.0,8.0,0.0,0.6666666666666666,8.0,15.5,15.5,2024-09-09 04:20:50,20.0,0.18083182640144665,0.03616636528028933,0.0,0.0,42.10526315789473,59.25925925925925,100.0,12.407407407407407,6.481481481481481,52.23880597014925,4.88245931283906,4.075949367088608
3747,GRA,Granada,esp.granada_cf,12722,709317,0,50.3,13.0,3.0,0.0,0.0,4.0,3.0,12.0,2.0,0.2,0.0,0.0,327.6666666666667,411.3333333333333,0.8333333333333334,0.0,0.0,0.0,97.0,39.5,0.4,4.0,14.5,0.0,0.6,6.0,27.0,27.0,2024-09-08 04:22:05,16.666666666666664,0.2385685884691849,0.039761431411530816,0.0,0.0,31.57894736842105,61.19402985074627,100.0,23.581847649918963,9.60291734197731,40.72164948453608,8.177601060304838,6.514247846255799
6832,ALM,Almería,esp.almeria,12722,709323,0,48.4,9.0,0.0,0.0,0.0,5.0,2.0,20.0,7.0,0.4,1.0,1.0,225.4,270.0,0.8800000000000001,0.0,0.0,0.0,33.5,17.5,0.55,4.0,8.0,0.0,0.6666666666666666,8.0,15.5,15.5,2024-09-18 04:20:54,35.0,0.4132231404958678,0.14462809917355374,0.0,0.0,47.05882352941176,64.0,100.0,12.407407407407407,6.481481481481481,52.23880597014925,5.578512396694215,4.65702479338843
3842,CAD,Cádiz,esp.cadiz,12722,709325,0,47.8,21.0,2.0,0.0,0.0,5.0,1.0,13.0,3.0,0.2,0.0,0.0,182.5,216.0,0.8500000000000001,0.0,0.0,0.0,26.0,13.5,0.55,4.0,3.0,0.0,0.65,5.0,5.5,5.5,2024-09-17 04:18:50,23.076923076923077,0.27196652719665276,0.06276150627615062,0.0,0.0,19.230769230769234,27.586206896551722,100.0,12.037037037037036,6.25,51.92307692307693,4.518828451882846,3.8179916317991633
3747,GRA,Granada,esp.granada_cf,12722,709328,1,41.1,12.0,4.0,0.0,0.0,6.0,1.0,10.0,3.0,0.3,0.0,0.0,327.6666666666667,411.3333333333333,0.8333333333333334,0.0,0.0,0.0,97.0,39.5,0.4,2.0,14.5,0.0,0.6,6.0,27.0,27.0,2024-09-17 04:18:51,30.0,0.24330900243309,0.072992700729927,0.0,0.0,33.33333333333333,63.07692307692307,100.0,23.581847649918963,9.60291734197731,40.72164948453608,10.008110300081102,7.97242497972425
6832,ALM,Almería,esp.almeria,12722,709334,0,67.0,14.0,4.0,0.0,0.0,9.0,1.0,13.0,5.0,0.4,0.0,0.0,225.4,270.0,0.8800000000000001,0.0,0.0,0.0,33.5,17.5,0.55,3.0,8.0,0.0,0.6666666666666666,8.0,15.5,15.5,2024-10-14 06:59:34,38.46153846153847,0.19402985074626866,0.07462686567164178,0.0,0.0,36.36363636363637,53.333333333333336,100.0,12.407407407407407,6.481481481481481,52.23880597014925,4.029850746268656,3.364179104477612
3842,CAD,Cádiz,esp.cadiz,12722,709339,1,52.9,11.0,4.0,0.0,0.0,9.0,3.0,13.0,6.0,0.5,0.0,0.0,182.5,216.0,0.8500000000000001,0.0,0.0,0.0,26.0,13.5,0.55,2.0,3.0,0.0,0.65,5.0,5.5,5.5,2024-10-14 06:59:34,46.15384615384615,0.2457466918714556,0.11342155009451796,0.0,0.0,31.25,42.10526315789473,100.0,12.037037037037036,6.25,51.92307692307693,4.083175803402646,3.449905482041588
3747,GRA,Granada,esp.granada_cf,12722,709340,0,49.7,17.0,3.0,0.0,0.0,5.0,3.0,12.0,6.0,0.5,0.0,1.0,327.6666666666667,411.3333333333333,0.8333333333333334,0.0,0.0,0.0,97.0,39.5,0.4,2.0,14.5,0.0,0.6,6.0,27.0,27.0,2024-10-14 06:59:34,50.0,0.2414486921529175,0.12072434607645875,0.0,0.0,26.08695652173913,54.666666666666664,100.0,23.581847649918963,9.60291734197731,40.72164948453608,8.276324614352783,6.59289067739772
3842,CAD,Cádiz,esp.cadiz,12722,709348,0,54.8,23.0,1.0,0.0,0.0,2.0,4.0,21.0,6.0,0.3,0.0,0.0,182.5,216.0,0.8500000000000001,0.0,0.0,0.0,26.0,13.5,0.55,7.0,3.0,0.0,0.65,5.0,5.5,5.5,2024-10-14 06:59:34,28.57142857142857,0.3832116788321168,0.10948905109489052,0.0,0.0,17.857142857142858,25.806451612903224,100.0,12.037037037037036,6.25,51.92307692307693,3.9416058394160585,3.3302919708029197
6832,ALM,Almería,esp.almeria,12722,709354,1,55.7,8.0,1.0,0.0,0.0,3.0,4.0,16.0,4.0,0.3,0.0,0.0,225.4,270.0,0.8800000000000001,0.0,0.0,0.0,33.5,17.5,0.55,4.0,8.0,0.0,0.6666666666666666,8.0,15.5,15.5,2024-10-14 06:59:34,25.0,0.2872531418312388,0.0718132854578097,0.0,0.0,50.0,66.66666666666666,100.0,12.407407407407407,6.481481481481481,52.23880597014925,4.847396768402154,4.046678635547576
3747,GRA,Granada,esp.granada_cf,12722,709355,1,56.9,11.0,6.0,0.0,0.0,3.0,0.0,9.0,4.0,0.4,0.0,0.0,327.6666666666667,411.3333333333333,0.8333333333333334,0.0,0.0,0.0,97.0,39.5,0.4,2.0,14.5,0.0,0.6,6.0,27.0,27.0,2024-10-14 06:59:34,44.44444444444444,0.15817223198594024,0.070298769771529,0.0,0.0,35.294117647058826,65.07936507936508,100.0,23.581847649918963,9.60291734197731,40.72164948453608,7.229056824838898,5.758640890451084
6832,ALM,Almería,esp.almeria,12722,709359,0,38.8,9.0,3.0,1.0,0.0,5.0,5.0,17.0,5.0,0.3,0.0,0.0,225.4,270.0,0.8800000000000001,0.0,0.0,0.0,33.5,17.5,0.55,7.0,8.0,0.0,0.6666666666666666,8.0,15.5,15.5,2024-10-14 06:59:34,29.411764705882355,0.43814432989690727,0.1288659793814433,0.0,0.0,47.05882352941176,64.0,100.0,12.407407407407407,6.481481481481481,52.23880597014925,6.958762886597938,5.809278350515465
3842,CAD,Cádiz,esp.cadiz,12722,709361,1,65.4,11.0,5.0,0.0,0.0,4.0,2.0,10.0,4.0,0.4,0.0,1.0,182.5,216.0,0.8500000000000001,0.0,0.0,0.0,26.0,13.5,0.55,0.0,3.0,0.0,0.65,5.0,5.5,5.5,2024-10-14 06:59:34,40.0,0.1529051987767584,0.061162079510703356,0.0,0.0,31.25,42.10526315789473,100.0,12.037037037037036,6.25,51.92307692307693,3.3027522935779814,2.7905198776758406
3747,GRA,Granada,esp.granada_cf,12722,709363,1,45.0,15.0,5.0,0.0,0.0,1.0,4.0,5.0,1.0,0.2,0.0,0.0,327.6666666666667,411.3333333333333,0.8333333333333334,0.0,0.0,0.0,97.0,39.5,0.4,0.0,14.5,0.0,0.6,6.0,27.0,27.0,2024-10-14 06:59:34,20.0,0.1111111111111111,0.022222222222222223,0.0,0.0,28.57142857142857,57.74647887323944,100.0,23.581847649918963,9.60291734197731,40.72164948453608,9.14074074074074,7.281481481481482
3842,CAD,Cádiz,esp.cadiz,12722,709368,0,41.0,18.0,1.0,0.0,0.0,6.0,6.0,15.0,9.0,0.6,0.0,0.0,182.5,216.0,0.8500000000000001,0.0,0.0,0.0,26.0,13.5,0.55,1.0,3.0,0.0,0.65,5.0,5.5,5.5,2024-10-14 06:59:34,60.0,0.36585365853658536,0.21951219512195122,0.0,0.0,21.73913043478261,30.76923076923077,100.0,12.037037037037036,6.25,51.92307692307693,5.2682926829268295,4.451219512195122
3747,GRA,Granada,esp.granada_cf,12722,709372,0,63.9,12.0,0.0,0.0,0.0,5.0,2.0,17.0,5.0,0.3,0.0,0.0,327.6666666666667,411.3333333333333,0.8333333333333334,0.0,0.0,0.0,97.0,39.5,0.4,3.0,14.5,0.0,0.6,6.0,27.0,27.0,2024-10-15 05:13:46,29.411764705882355,0.26604068857589985,0.0782472613458529,0.0,0.0,33.33333333333333,63.07692307692307,100.0,23.581847649918963,9.60291734197731,40.72164948453608,6.437141366718832,5.1278038601982265
6832,ALM,Almería,esp.almeria,12722,709375,1,41.1,18.0,4.0,2.0,0.0,0.0,6.0,8.0,5.0,0.6,0.0,0.0,225.4,270.0,0.8800000000000001,0.0,0.0,0.0,33.5,17.5,0.55,0.0,8.0,0.0,0.6666666666666666,8.0,15.5,15.5,2024-10-15 05:13:46,62.5,0.194647201946472,0.121654501216545,0.0,0.0,30.76923076923077,47.05882352941176,100.0,12.407407407407407,6.481481481481481,52.23880597014925,6.56934306569343,5.484184914841849
3842,CAD,Cádiz,esp.cadiz,12722,709380,0,43.9,28.0,6.0,0.0,0.0,4.0,1.0,15.0,4.0,0.3,0.0,0.0,182.5,216.0,0.8500000000000001,0.0,0.0,0.0,26.0,13.5,0.55,5.0,3.0,0.0,0.65,5.0,5.5,5.5,2024-10-22 23:19:35,26.666666666666668,0.3416856492027335,0.09111617312072894,0.0,0.0,15.151515151515152,22.22222222222222,100.0,12.037037037037036,6.25,51.92307692307693,4.920273348519363,4.157175398633258
3747,GRA,Granada,esp.granada_cf,12722,709384,0,61.8,10.0,3.0,0.0,0.0,7.0,0.0,16.0,11.0,0.7,0.0,0.0,327.6666666666667,411.3333333333333,0.8333333333333334,0.0,0.0,0.0,97.0,39.5,0.4,2.0,14.5,0.0,0.6,6.0,27.0,27.0,2024-10-21 05:12:06,68.75,0.25889967637540456,0.1779935275080906,0.0,0.0,37.5,67.21311475409836,100.0,23.581847649918963,9.60291734197731,40.72164948453608,6.655879180151024,5.3020496224379725
6832,ALM,Almería,esp.almeria,12722,709388,1,41.5,13.0,6.0,0.0,0.0,1.0,2.0,11.0,4.0,0.4,1.0,1.0,225.4,270.0,0.8800000000000001,0.0,0.0,0.0,33.5,17.5,0.55,4.0,8.0,0.0,0.6666666666666666,8.0,15.5,15.5,2024-10-22 23:19:35,36.36363636363637,0.26506024096385544,0.0963855421686747,0.0,0.0,38.095238095238095,55.172413793103445,100.0,12.407407407407407,6.481481481481481,52.23880597014925,6.506024096385542,5.4313253012048195
6832,ALM,Almería,esp.almeria,12722,709389,0,51.9,19.0,4.0,0.0,0.0,2.0,6.0,23.0,7.0,0.3,0.0,0.0,225.4,270.0,0.8800000000000001,0.0,0.0,0.0,33.5,17.5,0.55,6.0,8.0,0.0,0.6666666666666666,8.0,15.5,15.5,2024-10-26 13:50:23,30.434782608695656,0.4431599229287091,0.1348747591522158,0.0,0.0,29.629629629629626,45.714285714285715,100.0,12.407407407407407,6.481481481481481,52.23880597014925,5.202312138728324,4.342967244701349
3747,GRA,Granada,esp.granada_cf,12722,709391,1,38.9,11.0,4.0,1.0,0.0,1.0,2.0,11.0,5.0,0.5,1.0,1.0,327.6666666666667,411.3333333333333,0.8333333333333334,0.0,0.0,0.0,97.0,39.5,0.4,3.0,14.5,0.0,0.6,6.0,27.0,27.0,2024-10-25 05:15:37,45.45454545454545,0.2827763496143959,0.12853470437017994,0.0,0.0,35.294117647058826,65.07936507936508,100.0,23.581847649918963,9.60291734197731,40.72164948453608,10.574121679520138,8.423307626392461
3842,CAD,Cádiz,esp.cadiz,12722,709392,1,51.1,15.0,5.0,0.0,0.0,5.0,3.0,11.0,4.0,0.4,0.0,0.0,182.5,216.0,0.8500000000000001,0.0,0.0,0.0,26.0,13.5,0.55,6.0,3.0,0.0,0.65,5.0,5.5,5.5,2024-10-25 05:15:37,36.36363636363637,0.21526418786692758,0.07827788649706457,0.0,0.0,25.0,34.78260869565217,100.0,12.037037037037036,6.25,51.92307692307693,4.227005870841487,3.571428571428571
6832,ALM,Almería,esp.almeria,12722,709408,1,79.3,11.0,2.0,0.0,0.0,7.0,1.0,23.0,5.0,0.2,0.0,1.0,225.4,270.0,0.8800000000000001,0.0,0.0,0.0,33.5,17.5,0.55,6.0,8.0,0.0,0.6666666666666666,8.0,15.5,15.5,2024-10-31 05:20:32,21.73913043478261,0.2900378310214376,0.06305170239596469,0.0,0.0,42.10526315789473,59.25925925925925,100.0,12.407407407407407,6.481481481481481,52.23880597014925,3.4047919293820934,2.8423707440100885
3747,GRA,Granada,esp.granada_cf,12722,709409,0,58.2,13.0,1.0,0.0,0.0,3.0,6.0,17.0,5.0,0.3,0.0,0.0,327.6666666666667,411.3333333333333,0.8333333333333334,0.0,0.0,0.0,97.0,39.5,0.4,8.0,14.5,0.0,0.6,6.0,27.0,27.0,2025-04-05 08:30:15,29.411764705882355,0.29209621993127144,0.0859106529209622,0.0,0.0,31.57894736842105,61.19402985074627,100.0,23.581847649918963,9.60291734197731,40.72164948453608,7.06758304696449,5.630011454753723
3842,CAD,Cádiz,esp.cadiz,12722,709410,0,46.9,14.0,0.0,0.0,0.0,3.0,1.0,10.0,4.0,0.4,0.0,0.0,182.5,216.0,0.8500000000000001,0.0,0.0,0.0,26.0,13.5,0.55,2.0,3.0,0.0,0.65,5.0,5.5,5.5,2024-10-29 05:18:18,40.0,0.21321961620469085,0.08528784648187633,0.0,0.0,26.31578947368421,36.36363636363637,100.0,12.037037037037036,6.25,51.92307692307693,4.605543710021322,3.8912579957356077
6832,ALM,Almería,esp.almeria,12722,709411,0,53.9,13.0,0.0,0.0,0.0,2.0,3.0,9.0,7.0,0.8,0.0,0.0,225.4,270.0,0.8800000000000001,0.0,0.0,0.0,33.5,17.5,0.55,1.0,8.0,0.0,0.6666666666666666,8.0,15.5,15.5,2024-11-28 06:07:09,77.77777777777779,0.16697588126159554,0.12987012987012989,0.0,0.0,38.095238095238095,55.172413793103445,100.0,12.407407407407407,6.481481481481481,52.23880597014925,5.009276437847866,4.181818181818182
3747,GRA,Granada,esp.granada_cf,12722,709419,1,57.1,14.0,1.0,2.0,0.0,4.0,3.0,15.0,3.0,0.2,0.0,0.0,327.6666666666667,411.3333333333333,0.8333333333333334,0.0,0.0,0.0,97.0,39.5,0.4,5.0,14.5,0.0,0.6,6.0,27.0,27.0,2024-11-04 22:44:58,20.0,0.2626970227670753,0.05253940455341506,0.0,0.0,30.0,59.42028985507246,100.0,23.581847649918963,9.60291734197731,40.72164948453608,7.203736135434909,5.738470519556334
3842,CAD,Cádiz,esp.cadiz,12722,709420,1,59.6,10.0,1.0,0.0,0.0,5.0,0.0,8.0,0.0,0.0,0.0,0.0,182.5,216.0,0.8500000000000001,0.0,0.0,0.0,26.0,13.5,0.55,3.0,3.0,0.0,0.65,5.0,5.5,5.5,2024-11-05 22:52:41,0.0,0.1342281879194631,0.0,0.0,0.0,33.33333333333333,44.44444444444444,100.0,12.037037037037036,6.25,51.92307692307693,3.6241610738255035,3.0620805369127515
6832,ALM,Almería,esp.almeria,12722,709426,1,41.7,18.0,7.0,0.0,0.0,1.0,3.0,11.0,6.0,0.5,0.0,0.0,225.4,270.0,0.8800000000000001,0.0,0.0,0.0,33.5,17.5,0.55,0.0,8.0,0.0,0.6666666666666666,8.0,15.5,15.5,2024-11-09 06:15:35,54.54545454545454,0.26378896882494,0.14388489208633093,0.0,0.0,30.76923076923077,47.05882352941176,100.0,12.407407407407407,6.481481481481481,52.23880597014925,6.474820143884892,5.405275779376499
3747,GRA,Granada,esp.granada_cf,12722,709427,0,48.5,14.0,4.0,0.0,0.0,5.0,4.0,13.0,4.0,0.3,1.0,1.0,327.6666666666667,411.3333333333333,0.8333333333333334,0.0,0.0,0.0,97.0,39.5,0.4,4.0,14.5,0.0,0.6,6.0,27.0,27.0,2024-11-12 06:14:04,30.76923076923077,0.26804123711340205,0.08247422680412371,0.0,0.0,30.0,59.42028985507246,100.0,23.581847649918963,9.60291734197731,40.72164948453608,8.481099656357388,6.756013745704467
3842,CAD,Cádiz,esp.cadiz,12722,709429,1,61.2,16.0,3.0,0.0,0.0,2.0,1.0,4.0,2.0,0.5,0.0,0.0,182.5,216.0,0.8500000000000001,0.0,0.0,0.0,26.0,13.5,0.55,0.0,3.0,0.0,0.65,5.0,5.5,5.5,2024-11-12 06:14:04,50.0,0.06535947712418301,0.032679738562091505,0.0,0.0,23.809523809523807,33.33333333333333,100.0,12.037037037037036,6.25,51.92307692307693,3.5294117647058822,2.9820261437908497
6832,ALM,Almería,esp.almeria,12722,709433,0,53.5,10.0,0.0,0.0,0.0,7.0,4.0,16.0,6.0,0.4,0.0,0.0,225.4,270.0,0.8800000000000001,0.0,0.0,0.0,33.5,17.5,0.55,3.0,8.0,0.0,0.6666666666666666,8.0,15.5,15.5,2024-11-18 06:02:28,37.5,0.29906542056074764,0.11214953271028037,0.0,0.0,44.44444444444444,61.53846153846154,100.0,12.407407407407407,6.481481481481481,52.23880597014925,5.046728971962617,4.213084112149533
3842,CAD,Cádiz,esp.cadiz,12722,709435,0,42.7,14.0,4.0,0.0,0.0,5.0,2.0,10.0,5.0,0.5,0.0,1.0,182.5,216.0,0.8500000000000001,0.0,0.0,0.0,26.0,13.5,0.55,1.0,3.0,0.0,0.65,5.0,5.5,5.5,2024-11-18 06:02:28,50.0,0.23419203747072598,0.11709601873536299,0.0,0.0,26.31578947368421,36.36363636363637,100.0,12.037037037037036,6.25,51.92307692307693,5.058548009367681,4.274004683840749
3747,GRA,Granada,esp.granada_cf,12722,709443,1,46.3,7.0,1.0,0.0,0.0,0.0,3.0,9.0,5.0,0.6,0.0,0.0,327.6666666666667,411.3333333333333,0.8333333333333334,0.0,0.0,0.0,97.0,39.5,0.4,1.0,14.5,0.0,0.6,6.0,27.0,27.0,2024-11-18 06:02:28,55.55555555555556,0.19438444924406048,0.10799136069114472,0.0,0.0,46.15384615384615,74.54545454545455,100.0,23.581847649918963,9.60291734197731,40.72164948453608,8.884089272858171,7.077033837293017
6832,ALM,Almería,esp.almeria,12722,709449,1,64.6,12.0,1.0,0.0,0.0,3.0,3.0,17.0,3.0,0.2,0.0,0.0,225.4,270.0,0.8800000000000001,0.0,0.0,0.0,33.5,17.5,0.55,2.0,8.0,0.0,0.6666666666666666,8.0,15.5,15.5,2024-11-24 15:57:29,17.647058823529413,0.26315789473684215,0.04643962848297214,0.0,0.0,40.0,57.14285714285714,100.0,12.407407407407407,6.481481481481481,52.23880597014925,4.179566563467493,3.489164086687307
3747,GRA,Granada,esp.granada_cf,12722,709450,0,55.5,16.0,4.0,0.0,0.0,5.0,2.0,23.0,4.0,0.2,0.0,0.0,327.6666666666667,411.3333333333333,0.8333333333333334,0.0,0.0,0.0,97.0,39.5,0.4,5.0,14.5,0.0,0.6,6.0,27.0,27.0,2024-11-27 06:03:29,17.391304347826086,0.4144144144144144,0.07207207207207207,0.0,0.0,27.27272727272727,56.16438356164384,100.0,23.581847649918963,9.60291734197731,40.72164948453608,7.411411411411411,5.903903903903904
3842,CAD,Cádiz,esp.cadiz,12722,709450,1,44.5,14.0,3.0,0.0,0.0,4.0,4.0,5.0,3.0,0.6,0.0,0.0,182.5,216.0,0.8500000000000001,0.0,0.0,0.0,26.0,13.5,0.55,1.0,3.0,0.0,0.65,5.0,5.5,5.5,2024-11-27 06:03:29,60.0,0.11235955056179775,0.06741573033707865,0.0,0.0,26.31578947368421,36.36363636363637,100.0,12.037037037037036,6.25,51.92307692307693,4.853932584269663,4.101123595505618
6832,ALM,Almería,esp.almeria,12722,709455,0,55.8,16.0,2.0,0.0,0.0,7.0,4.0,18.0,7.0,0.4,0.0,0.0,225.4,270.0,0.8800000000000001,0.0,0.0,0.0,33.5,17.5,0.55,2.0,8.0,0.0,0.6666666666666666,8.0,15.5,15.5,2024-12-02 05:58:43,38.88888888888889,0.3225806451612903,0.12544802867383514,0.0,0.0,33.33333333333333,50.0,100.0,12.407407407407407,6.481481481481481,52.23880597014925,4.838709677419355,4.039426523297491
3747,GRA,Granada,esp.granada_cf,12722,709455,1,44.2,13.0,2.0,0.0,0.0,1.0,4.0,8.0,5.0,0.6,0.0,0.0,327.6666666666667,411.3333333333333,0.8333333333333334,0.0,0.0,0.0,97.0,39.5,0.4,0.0,14.5,0.0,0.6,6.0,27.0,27.0,2024-12-02 05:58:43,62.5,0.18099547511312217,0.11312217194570134,0.0,0.0,31.57894736842105,61.19402985074627,100.0,23.581847649918963,9.60291734197731,40.72164948453608,9.306184012066364,7.413273001508296
3842,CAD,Cádiz,esp.cadiz,12722,709457,0,53.0,19.0,5.0,0.0,0.0,5.0,3.0,11.0,5.0,0.5,1.0,1.0,182.5,216.0,0.8500000000000001,0.0,0.0,0.0,26.0,13.5,0.55,3.0,3.0,0.0,0.65,5.0,5.5,5.5,2024-12-02 05:58:43,45.45454545454545,0.20754716981132076,0.09433962264150944,0.0,0.0,20.833333333333336,29.629629629629626,100.0,12.037037037037036,6.25,51.92307692307693,4.0754716981132075,3.443396226415094
3842,CAD,Cádiz,esp.cadiz,12722,709470,1,20.5,14.0,3.0,1.0,0.0,1.0,7.0,9.0,4.0,0.4,0.0,0.0,182.5,216.0,0.8500000000000001,0.0,0.0,0.0,26.0,13.5,0.55,2.0,3.0,0.0,0.65,5.0,5.5,5.5,2024-12-10 05:55:59,44.44444444444444,0.43902439024390244,0.1951219512195122,0.0,0.0,26.31578947368421,36.36363636363637,100.0,12.037037037037036,6.25,51.92307692307693,10.536585365853659,8.902439024390244
3747,GRA,Granada,esp.granada_cf,12722,709472,0,36.6,22.0,5.0,0.0,0.0,2.0,3.0,16.0,6.0,0.4,0.0,0.0,327.6666666666667,411.3333333333333,0.8333333333333334,0.0,0.0,0.0,97.0,39.5,0.4,1.0,14.5,0.0,0.6,6.0,27.0,27.0,2024-12-10 05:55:59,37.5,0.4371584699453552,0.16393442622950818,0.0,0.0,21.428571428571427,48.23529411764706,100.0,23.581847649918963,9.60291734197731,40.72164948453608,11.238615664845172,8.95264116575592
6832,ALM,Almería,esp.almeria,12722,709475,1,56.9,12.0,5.0,0.0,0.0,10.0,0.0,21.0,7.0,0.3,0.0,0.0,225.4,270.0,0.8800000000000001,0.0,0.0,0.0,33.5,17.5,0.55,5.0,8.0,0.0,0.6666666666666666,8.0,15.5,15.5,2024-12-10 05:55:59,33.33333333333333,0.36906854130052724,0.12302284710017575,0.0,0.0,40.0,57.14285714285714,100.0,12.407407407407407,6.481481481481481,52.23880597014925,4.745166959578207,3.961335676625659
6832,ALM,Almería,esp.almeria,12722,709477,0,41.4,23.0,6.0,0.0,0.0,2.0,3.0,9.0,4.0,0.4,0.0,0.0,225.4,270.0,0.8800000000000001,0.0,0.0,0.0,33.5,17.5,0.55,2.0,8.0,0.0,0.6666666666666666,8.0,15.5,15.5,2024-12-14 05:55:08,44.44444444444444,0.21739130434782608,0.0966183574879227,0.0,0.0,25.806451612903224,41.02564102564102,100.0,12.407407407407407,6.481481481481481,52.23880597014925,6.521739130434783,5.444444444444445
3842,CAD,Cádiz,esp.cadiz,12722,709480,0,50.2,10.0,1.0,0.0,0.0,2.0,1.0,13.0,3.0,0.2,1.0,1.0,182.5,216.0,0.8500000000000001,0.0,0.0,0.0,26.0,13.5,0.55,1.0,3.0,0.0,0.65,5.0,5.5,5.5,2024-12-15 05:56:47,23.076923076923077,0.2589641434262948,0.0597609561752988,0.0,0.0,33.33333333333333,44.44444444444444,100.0,12.037037037037036,6.25,51.92307692307693,4.302788844621514,3.635458167330677
3747,GRA,Granada,esp.granada_cf,12722,709485,1,56.2,14.0,3.0,0.0,0.0,8.0,2.0,9.0,1.0,0.1,0.0,0.0,327.6666666666667,411.3333333333333,0.8333333333333334,0.0,0.0,0.0,97.0,39.5,0.4,7.0,14.5,0.0,0.6,6.0,27.0,27.0,2024-12-18 06:02:10,11.11111111111111,0.16014234875444838,0.01779359430604982,0.0,0.0,30.0,59.42028985507246,100.0,23.581847649918963,9.60291734197731,40.72164948453608,7.319098457888493,5.8303677342823255
3842,CAD,Cádiz,esp.cadiz,12722,709489,0,52.3,23.0,2.0,1.0,0.0,2.0,1.0,11.0,3.0,0.3,0.0,0.0,182.5,216.0,0.8500000000000001,0.0,0.0,0.0,26.0,13.5,0.55,3.0,3.0,0.0,0.65,5.0,5.5,5.5,2024-12-21 05:59:11,27.27272727272727,0.21032504780114725,0.05736137667304016,0.0,0.0,17.857142857142858,25.806451612903224,100.0,12.037037037037036,6.25,51.92307692307693,4.130019120458892,3.4894837476099427
3747,GRA,Granada,esp.granada_cf,12722,709493,0,62.7,7.0,1.0,0.0,0.0,4.0,2.0,17.0,5.0,0.3,0.0,0.0,327.6666666666667,411.3333333333333,0.8333333333333334,0.0,0.0,0.0,97.0,39.5,0.4,5.0,14.5,0.0,0.6,6.0,27.0,27.0,2024-12-19 06:05:16,29.411764705882355,0.2711323763955343,0.07974481658692184,0.0,0.0,46.15384615384615,74.54545454545455,100.0,23.581847649918963,9.60291734197731,40.72164948453608,6.56034024455077,5.225943646996279
6832,ALM,Almería,esp.almeria,12722,709497,1,48.0,11.0,1.0,0.0,0.0,3.0,9.0,8.0,4.0,0.5,1.0,1.0,225.4,270.0,0.8800000000000001,0.0,0.0,0.0,33.5,17.5,0.55,0.0,8.0,0.0,0.6666666666666666,8.0,15.5,15.5,2024-12-20 06:07:06,50.0,0.16666666666666666,0.08333333333333333,0.0,0.0,42.10526315789473,59.25925925925925,100.0,12.407407407407407,6.481481481481481,52.23880597014925,5.625,4.695833333333334
6832,ALM,Almería,esp.almeria,12722,709499,0,64.1,15.0,3.0,0.0,0.0,6.0,3.0,20.0,6.0,0.3,1.0,1.0,225.4,270.0,0.8800000000000001,0.0,0.0,0.0,33.5,17.5,0.55,4.0,8.0,0.0,0.6666666666666666,8.0,15.5,15.5,2024-12-24 05:57:25,30.0,0.31201248049922,0.093603744149766,0.0,0.0,34.78260869565217,51.61290322580645,100.0,12.407407407407407,6.481481481481481,52.23880597014925,4.21216848673947,3.5163806552262096
3842,CAD,Cádiz,esp.cadiz,12722,709499,1,35.9,10.0,2.0,1.0,0.0,0.0,5.0,5.0,4.0,0.8,0.0,0.0,182.5,216.0,0.8500000000000001,0.0,0.0,0.0,26.0,13.5,0.55,0.0,3.0,0.0,0.65,5.0,5.5,5.5,2024-12-24 05:57:25,80.0,0.1392757660167131,0.11142061281337048,0.0,0.0,33.33333333333333,44.44444444444444,100.0,12.037037037037036,6.25,51.92307692307693,6.016713091922006,5.083565459610028
3747,GRA,Granada,esp.granada_cf,12722,709503,1,49.5,14.0,1.0,1.0,0.0,6.0,5.0,9.0,4.0,0.4,0.0,0.0,327.6666666666667,411.3333333333333,0.8333333333333334,0.0,0.0,0.0,97.0,39.5,0.4,1.0,14.5,0.0,0.6,6.0,27.0,27.0,2024-12-24 05:57:25,44.44444444444444,0.18181818181818182,0.08080808080808081,0.0,0.0,30.0,59.42028985507246,100.0,23.581847649918963,9.60291734197731,40.72164948453608,8.30976430976431,6.61952861952862
3842,CAD,Cádiz,esp.cadiz,12722,709511,0,44.1,17.0,3.0,1.0,0.0,2.0,2.0,10.0,3.0,0.3,0.0,0.0,182.5,216.0,0.8500000000000001,0.0,0.0,0.0,26.0,13.5,0.55,2.0,3.0,0.0,0.65,5.0,5.5,5.5,2025-01-14 05:34:01,30.0,0.22675736961451246,0.06802721088435373,0.0,0.0,22.727272727272727,32.0,100.0,12.037037037037036,6.25,51.92307692307693,4.8979591836734695,4.138321995464852
6832,ALM,Almería,esp.almeria,12722,709512,1,50.5,7.0,1.0,0.0,0.0,2.0,3.0,14.0,5.0,0.4,1.0,1.0,225.4,270.0,0.8800000000000001,0.0,0.0,0.0,33.5,17.5,0.55,2.0,8.0,0.0,0.6666666666666666,8.0,15.5,15.5,2025-01-14 05:34:01,35.714285714285715,0.27722772277227725,0.09900990099009901,0.0,0.0,53.333333333333336,69.56521739130434,100.0,12.407407407407407,6.481481481481481,52.23880597014925,5.346534653465347,4.463366336633664
3747,GRA,Granada,esp.granada_cf,12722,709515,0,64.3,9.0,2.0,0.0,0.0,5.0,3.0,13.0,2.0,0.2,0.0,0.0,327.6666666666667,411.3333333333333,0.8333333333333334,0.0,0.0,0.0,97.0,39.5,0.4,3.0,14.5,0.0,0.6,6.0,27.0,27.0,2025-01-13 05:34:22,15.384615384615385,0.2021772939346812,0.03110419906687403,0.0,0.0,40.0,69.49152542372882,100.0,23.581847649918963,9.60291734197731,40.72164948453608,6.3970969414204255,5.0959046137895285
6832,ALM,Almería,esp.almeria,12722,709521,0,68.8,15.0,1.0,0.0,0.0,10.0,1.0,23.0,8.0,0.3,0.0,0.0,225.4,270.0,0.8800000000000001,0.0,0.0,0.0,33.5,17.5,0.55,9.0,8.0,0.0,0.6666666666666666,8.0,15.5,15.5,2025-01-21 05:32:24,34.78260869565217,0.3343023255813954,0.11627906976744186,0.0,0.0,34.78260869565217,51.61290322580645,100.0,12.407407407407407,6.481481481481481,52.23880597014925,3.924418604651163,3.2761627906976747
3842,CAD,Cádiz,esp.cadiz,12722,709525,1,44.5,8.0,2.0,0.0,0.0,3.0,4.0,14.0,5.0,0.4,0.0,0.0,182.5,216.0,0.8500000000000001,0.0,0.0,0.0,26.0,13.5,0.55,4.0,3.0,0.0,0.65,5.0,5.5,5.5,2025-01-20 14:35:18,35.714285714285715,0.3146067415730337,0.11235955056179775,0.0,0.0,38.46153846153847,50.0,100.0,12.037037037037036,6.25,51.92307692307693,4.853932584269663,4.101123595505618
3747,GRA,Granada,esp.granada_cf,12722,709527,1,55.0,22.0,4.0,0.0,0.0,6.0,3.0,9.0,2.0,0.2,0.0,0.0,327.6666666666667,411.3333333333333,0.8333333333333334,0.0,0.0,0.0,97.0,39.5,0.4,2.0,14.5,0.0,0.6,6.0,27.0,27.0,2025-01-20 14:35:18,22.22222222222222,0.16363636363636364,0.03636363636363636,0.0,0.0,21.428571428571427,48.23529411764706,100.0,23.581847649918963,9.60291734197731,40.72164948453608,7.4787878787878785,5.957575757575758
6832,ALM,Almería,esp.almeria,12722,709532,1,69.8,13.0,5.0,0.0,0.0,6.0,2.0,14.0,5.0,0.4,0.0,0.0,225.4,270.0,0.8800000000000001,0.0,0.0,0.0,33.5,17.5,0.55,4.0,8.0,0.0,0.6666666666666666,8.0,15.5,15.5,2025-01-28 15:08:56,35.714285714285715,0.2005730659025788,0.07163323782234958,0.0,0.0,38.095238095238095,55.172413793103445,100.0,12.407407407407407,6.481481481481481,52.23880597014925,3.868194842406877,3.229226361031519
3842,CAD,Cádiz,esp.cadiz,12722,709533,0,35.9,20.0,3.0,1.0,0.0,2.0,4.0,8.0,5.0,0.6,0.0,0.0,182.5,216.0,0.8500000000000001,0.0,0.0,0.0,26.0,13.5,0.55,0.0,3.0,0.0,0.65,5.0,5.5,5.5,2025-01-29 14:50:35,62.5,0.22284122562674097,0.1392757660167131,0.0,0.0,20.0,28.57142857142857,100.0,12.037037037037036,6.25,51.92307692307693,6.016713091922006,5.083565459610028
3747,GRA,Granada,esp.granada_cf,12722,709542,0,36.4,11.0,0.0,0.0,0.0,6.0,0.0,18.0,8.0,0.4,1.0,1.0,327.6666666666667,411.3333333333333,0.8333333333333334,0.0,0.0,0.0,97.0,39.5,0.4,4.0,14.5,0.0,0.6,6.0,27.0,27.0,2025-01-28 15:08:56,44.44444444444444,0.4945054945054945,0.21978021978021978,0.0,0.0,35.294117647058826,65.07936507936508,100.0,23.581847649918963,9.60291734197731,40.72164948453608,11.300366300366301,9.001831501831502
3747,GRA,Granada,esp.granada_cf,12722,709547,1,48.4,10.0,3.0,0.0,0.0,3.0,5.0,12.0,5.0,0.4,0.0,0.0,327.6666666666667,411.3333333333333,0.8333333333333334,0.0,0.0,0.0,97.0,39.5,0.4,3.0,14.5,0.0,0.6,6.0,27.0,27.0,2025-02-01 14:50:29,41.66666666666667,0.24793388429752067,0.10330578512396695,0.0,0.0,37.5,67.21311475409836,100.0,23.581847649918963,9.60291734197731,40.72164948453608,8.49862258953168,6.769972451790634
3842,CAD,Cádiz,esp.cadiz,12722,709552,1,37.4,16.0,3.0,0.0,0.0,2.0,3.0,9.0,1.0,0.1,0.0,0.0,182.5,216.0,0.8500000000000001,0.0,0.0,0.0,26.0,13.5,0.55,5.0,3.0,0.0,0.65,5.0,5.5,5.5,2025-02-05 05:42:13,11.11111111111111,0.24064171122994654,0.026737967914438502,0.0,0.0,23.809523809523807,33.33333333333333,100.0,12.037037037037036,6.25,51.92307692307693,5.775401069518717,4.879679144385027
6832,ALM,Almería,esp.almeria,12722,709553,0,55.3,13.0,3.0,0.0,0.0,1.0,1.0,11.0,4.0,0.4,0.0,0.0,225.4,270.0,0.8800000000000001,0.0,0.0,0.0,33.5,17.5,0.55,1.0,8.0,0.0,0.6666666666666666,8.0,15.5,15.5,2025-02-03 14:51:04,36.36363636363637,0.19891500904159132,0.07233273056057866,0.0,0.0,38.095238095238095,55.172413793103445,100.0,12.407407407407407,6.481481481481481,52.23880597014925,4.88245931283906,4.075949367088608
3842,CAD,Cádiz,esp.cadiz,12722,709554,0,56.0,14.0,0.0,0.0,0.0,3.0,1.0,18.0,7.0,0.4,0.0,0.0,182.5,216.0,0.8500000000000001,0.0,0.0,0.0,26.0,13.5,0.55,2.0,3.0,0.0,0.65,5.0,5.5,5.5,2025-02-11 05:48:04,38.88888888888889,0.32142857142857145,0.125,0.0,0.0,26.31578947368421,36.36363636363637,100.0,12.037037037037036,6.25,51.92307692307693,3.857142857142857,3.2589285714285716
6832,ALM,Almería,esp.almeria,12722,709558,1,52.6,13.0,3.0,0.0,0.0,8.0,2.0,22.0,8.0,0.4,0.0,0.0,225.4,270.0,0.8800000000000001,0.0,0.0,0.0,33.5,17.5,0.55,4.0,8.0,0.0,0.6666666666666666,8.0,15.5,15.5,2025-02-11 05:48:04,36.36363636363637,0.4182509505703422,0.1520912547528517,0.0,0.0,38.095238095238095,55.172413793103445,100.0,12.407407407407407,6.481481481481481,52.23880597014925,5.133079847908745,4.285171102661597
3747,GRA,Granada,esp.granada_cf,12722,709562,0,62.5,17.0,4.0,0.0,0.0,6.0,5.0,12.0,4.0,0.3,0.0,0.0,327.6666666666667,411.3333333333333,0.8333333333333334,0.0,0.0,0.0,97.0,39.5,0.4,5.0,14.5,0.0,0.6,6.0,27.0,27.0,2025-02-09 05:50:16,33.33333333333333,0.192,0.064,0.0,0.0,26.08695652173913,54.666666666666664,100.0,23.581847649918963,9.60291734197731,40.72164948453608,6.581333333333333,5.242666666666667
6832,ALM,Almería,esp.almeria,12722,709565,0,37.0,12.0,2.0,1.0,0.0,4.0,4.0,6.0,3.0,0.5,0.0,0.0,225.4,270.0,0.8800000000000001,0.0,0.0,0.0,33.5,17.5,0.55,1.0,8.0,0.0,0.6666666666666666,8.0,15.5,15.5,2025-02-19 05:49:30,50.0,0.16216216216216217,0.08108108108108109,0.0,0.0,40.0,57.14285714285714,100.0,12.407407407407407,6.481481481481481,52.23880597014925,7.297297297297297,6.091891891891892
3747,GRA,Granada,esp.granada_cf,12722,709569,1,49.6,17.0,2.0,1.0,0.0,7.0,2.0,7.0,1.0,0.1,0.0,0.0,327.6666666666667,411.3333333333333,0.8333333333333334,0.0,0.0,0.0,97.0,39.5,0.4,2.0,14.5,0.0,0.6,6.0,27.0,27.0,2025-02-18 05:50:43,14.285714285714285,0.1411290322580645,0.020161290322580645,0.0,0.0,26.08695652173913,54.666666666666664,100.0,23.581847649918963,9.60291734197731,40.72164948453608,8.293010752688172,6.606182795698925
3842,CAD,Cádiz,esp.cadiz,12722,709572,1,32.5,13.0,5.0,0.0,0.0,3.0,0.0,16.0,9.0,0.6,1.0,1.0,182.5,216.0,0.8500000000000001,0.0,0.0,0.0,26.0,13.5,0.55,3.0,3.0,0.0,0.65,5.0,5.5,5.5,2025-02-17 05:53:03,56.25,0.49230769230769234,0.27692307692307694,0.0,0.0,27.77777777777778,38.095238095238095,100.0,12.037037037037036,6.25,51.92307692307693,6.6461538461538465,5.615384615384615
3842,CAD,Cádiz,esp.cadiz,12722,709578,0,45.5,7.0,1.0,0.0,0.0,6.0,0.0,11.0,4.0,0.4,0.0,0.0,182.5,216.0,0.8500000000000001,0.0,0.0,0.0,26.0,13.5,0.55,2.0,3.0,0.0,0.65,5.0,5.5,5.5,2025-02-25 05:51:14,36.36363636363637,0.24175824175824176,0.08791208791208792,0.0,0.0,41.66666666666667,53.333333333333336,100.0,12.037037037037036,6.25,51.92307692307693,4.747252747252747,4.010989010989011
3747,GRA,Granada,esp.granada_cf,12722,709582,0,37.9,13.0,2.0,2.0,0.0,4.0,2.0,8.0,3.0,0.4,0.0,0.0,327.6666666666667,411.3333333333333,0.8333333333333334,0.0,0.0,0.0,97.0,39.5,0.4,2.0,14.5,0.0,0.6,6.0,27.0,27.0,2025-02-24 05:52:05,37.5,0.21108179419525067,0.079155672823219,0.0,0.0,31.57894736842105,61.19402985074627,100.0,23.581847649918963,9.60291734197731,40.72164948453608,10.853122251539139,8.645558487247142
6832,ALM,Almería,esp.almeria,12722,709586,1,44.0,11.0,2.0,1.0,0.0,4.0,4.0,20.0,8.0,0.4,0.0,0.0,225.4,270.0,0.8800000000000001,0.0,0.0,0.0,33.5,17.5,0.55,2.0,8.0,0.0,0.6666666666666666,8.0,15.5,15.5,2025-02-24 05:52:05,40.0,0.45454545454545453,0.18181818181818182,0.0,0.0,42.10526315789473,59.25925925925925,100.0,12.407407407407407,6.481481481481481,52.23880597014925,6.136363636363637,5.122727272727273
6832,ALM,Almería,esp.almeria,12722,709588,0,52.7,13.0,1.0,0.0,0.0,7.0,1.0,20.0,7.0,0.4,0.0,1.0,225.4,270.0,0.8800000000000001,0.0,0.0,0.0,33.5,17.5,0.55,5.0,8.0,0.0,0.6666666666666666,8.0,15.5,15.5,2025-03-02 19:59:20,35.0,0.37950664136622386,0.13282732447817835,0.0,0.0,38.095238095238095,55.172413793103445,100.0,12.407407407407407,6.481481481481481,52.23880597014925,5.1233396584440225,4.277039848197344
3747,GRA,Granada,esp.granada_cf,12722,709590,1,48.5,11.0,2.0,0.0,0.0,7.0,4.0,15.0,4.0,0.3,0.0,0.0,327.6666666666667,411.3333333333333,0.8333333333333334,0.0,0.0,0.0,97.0,39.5,0.4,8.0,14.5,0.0,0.6,6.0,27.0,27.0,2025-03-06 12:55:37,26.666666666666668,0.30927835051546393,0.08247422680412371,0.0,0.0,35.294117647058826,65.07936507936508,100.0,23.581847649918963,9.60291734197731,40.72164948453608,8.481099656357388,6.756013745704467
3842,CAD,Cádiz,esp.cadiz,12722,709593,1,50.8,17.0,3.0,1.0,0.0,2.0,1.0,5.0,2.0,0.4,0.0,0.0,182.5,216.0,0.8500000000000001,0.0,0.0,0.0,26.0,13.5,0.55,0.0,3.0,0.0,0.65,5.0,5.5,5.5,2025-03-04 05:51:04,40.0,0.0984251968503937,0.03937007874015748,0.0,0.0,22.727272727272727,32.0,100.0,12.037037037037036,6.25,51.92307692307693,4.251968503937008,3.5925196850393704
3747,GRA,Granada,esp.granada_cf,12722,709598,0,49.3,13.0,1.0,0.0,0.0,8.0,3.0,11.0,7.0,0.6,0.0,0.0,327.6666666666667,411.3333333333333,0.8333333333333334,0.0,0.0,0.0,97.0,39.5,0.4,2.0,14.5,0.0,0.6,6.0,27.0,27.0,2025-03-14 04:53:04,63.63636363636363,0.22312373225152132,0.14198782961460446,0.0,0.0,31.57894736842105,61.19402985074627,100.0,23.581847649918963,9.60291734197731,40.72164948453608,8.343475321162948,6.646382691007438
6832,ALM,Almería,esp.almeria,12722,709601,1,55.1,13.0,3.0,0.0,0.0,6.0,2.0,13.0,3.0,0.2,0.0,0.0,225.4,270.0,0.8800000000000001,0.0,0.0,0.0,33.5,17.5,0.55,4.0,8.0,0.0,0.6666666666666666,8.0,15.5,15.5,2025-03-08 05:49:06,23.076923076923077,0.23593466424682394,0.0544464609800363,0.0,0.0,38.095238095238095,55.172413793103445,100.0,12.407407407407407,6.481481481481481,52.23880597014925,4.900181488203267,4.090744101633394
3842,CAD,Cádiz,esp.cadiz,12722,709604,1,47.5,14.0,2.0,0.0,0.0,5.0,1.0,6.0,2.0,0.3,0.0,0.0,182.5,216.0,0.8500000000000001,0.0,0.0,0.0,26.0,13.5,0.55,0.0,3.0,0.0,0.65,5.0,5.5,5.5,2025-03-11 04:49:22,33.33333333333333,0.12631578947368421,0.042105263157894736,0.0,0.0,26.31578947368421,36.36363636363637,100.0,12.037037037037036,6.25,51.92307692307693,4.5473684210526315,3.8421052631578947
6832,ALM,Almería,esp.almeria,12722,709613,0,47.5,9.0,1.0,0.0,0.0,8.0,0.0,17.0,4.0,0.2,0.0,0.0,225.4,270.0,0.8800000000000001,0.0,0.0,0.0,33.5,17.5,0.55,4.0,8.0,0.0,0.6666666666666666,8.0,15.5,15.5,2025-03-17 04:47:52,23.52941176470588,0.35789473684210527,0.08421052631578947,0.0,0.0,47.05882352941176,64.0,100.0,12.407407407407407,6.481481481481481,52.23880597014925,5.684210526315789,4.745263157894737
3842,CAD,Cádiz,esp.cadiz,12722,709616,0,46.9,7.0,2.0,0.0,0.0,6.0,0.0,15.0,4.0,0.3,0.0,0.0,182.5,216.0,0.8500000000000001,0.0,0.0,0.0,26.0,13.5,0.55,4.0,3.0,0.0,0.65,5.0,5.5,5.5,2025-03-17 04:47:52,26.666666666666668,0.31982942430703626,0.08528784648187633,0.0,0.0,41.66666666666667,53.333333333333336,100.0,12.037037037037036,6.25,51.92307692307693,4.605543710021322,3.8912579957356077
3747,GRA,Granada,esp.granada_cf,12722,709616,1,53.1,11.0,0.0,0.0,0.0,6.0,3.0,6.0,0.0,0.0,0.0,0.0,327.6666666666667,411.3333333333333,0.8333333333333334,0.0,0.0,0.0,97.0,39.5,0.4,2.0,14.5,0.0,0.6,6.0,27.0,27.0,2025-03-18 04:53:56,0.0,0.11299435028248588,0.0,0.0,0.0,35.294117647058826,65.07936507936508,100.0,23.581847649918963,9.60291734197731,40.72164948453608,7.746390458254864,6.170747018204645
3747,GRA,Granada,esp.granada_cf,12722,709628,0,41.7,13.0,1.0,0.0,0.0,5.0,3.0,12.0,5.0,0.4,0.0,0.0,327.6666666666667,411.3333333333333,0.8333333333333334,0.0,0.0,0.0,97.0,39.5,0.4,3.0,14.5,0.0,0.6,6.0,27.0,27.0,2025-03-24 04:55:09,41.66666666666667,0.28776978417266186,0.1199040767386091,0.0,0.0,31.57894736842105,61.19402985074627,100.0,23.581847649918963,9.60291734197731,40.72164948453608,9.864108713029575,7.85771382893685
3842,CAD,Cádiz,esp.cadiz,12722,709629,1,59.3,11.0,1.0,0.0,0.0,3.0,5.0,16.0,6.0,0.4,1.0,1.0,182.5,216.0,0.8500000000000001,0.0,0.0,0.0,26.0,13.5,0.55,2.0,3.0,0.0,0.65,5.0,5.5,5.5,2025-03-25 04:56:19,37.5,0.26981450252951095,0.10118043844856661,0.0,0.0,31.25,42.10526315789473,100.0,12.037037037037036,6.25,51.92307692307693,3.642495784148398,3.0775716694772344
6832,ALM,Almería,esp.almeria,12722,709630,1,55.6,18.0,5.0,0.0,0.0,3.0,2.0,11.0,4.0,0.4,0.0,0.0,225.4,270.0,0.8800000000000001,0.0,0.0,0.0,33.5,17.5,0.55,3.0,8.0,0.0,0.6666666666666666,8.0,15.5,15.5,2025-03-22 21:40:01,36.36363636363637,0.19784172661870503,0.07194244604316546,0.0,0.0,30.76923076923077,47.05882352941176,100.0,12.407407407407407,6.481481481481481,52.23880597014925,4.856115107913669,4.053956834532374
6832,ALM,Almería,esp.almeria,12722,709632,0,57.3,16.0,1.0,0.0,0.0,10.0,2.0,14.0,3.0,0.2,1.0,1.0,225.4,270.0,0.8800000000000001,0.0,0.0,0.0,33.5,17.5,0.55,4.0,8.0,0.0,0.6666666666666666,8.0,15.5,15.5,2025-03-31 04:50:43,21.428571428571427,0.2443280977312391,0.05235602094240838,0.0,0.0,33.33333333333333,50.0,100.0,12.407407407407407,6.481481481481481,52.23880597014925,4.712041884816754,3.9336823734729496
3842,CAD,Cádiz,esp.cadiz,12722,709633,0,54.6,17.0,0.0,0.0,0.0,3.0,2.0,9.0,1.0,0.1,0.0,0.0,182.5,216.0,0.8500000000000001,0.0,0.0,0.0,26.0,13.5,0.55,4.0,3.0,0.0,0.65,5.0,5.5,5.5,2025-04-02 04:55:51,11.11111111111111,0.16483516483516483,0.018315018315018316,0.0,0.0,22.727272727272727,32.0,100.0,12.037037037037036,6.25,51.92307692307693,3.9560439560439558,3.3424908424908426
3747,GRA,Granada,esp.granada_cf,12722,709639,1,47.5,13.0,5.0,1.0,0.0,4.0,3.0,8.0,3.0,0.4,1.0,1.0,327.6666666666667,411.3333333333333,0.8333333333333334,0.0,0.0,0.0,97.0,39.5,0.4,2.0,14.5,0.0,0.6,6.0,27.0,27.0,2025-03-30 04:53:40,37.5,0.16842105263157894,0.06315789473684211,0.0,0.0,31.57894736842105,61.19402985074627,100.0,23.581847649918963,9.60291734197731,40.72164948453608,8.659649122807018,6.898245614035088
3842,CAD,Cádiz,esp.cadiz,12722,709644,1,50.3,12.0,0.0,0.0,0.0,7.0,5.0,16.0,6.0,0.4,0.0,0.0,182.5,216.0,0.8500000000000001,0.0,0.0,0.0,26.0,13.5,0.55,3.0,3.0,0.0,0.65,5.0,5.5,5.5,2025-04-08 05:16:22,37.5,0.31809145129224653,0.11928429423459246,0.0,0.0,29.411764705882355,40.0,100.0,12.037037037037036,6.25,51.92307692307693,4.294234592445329,3.628230616302187
3747,GRA,Granada,esp.granada_cf,12722,709648,0,40.6,9.0,1.0,0.0,0.0,5.0,7.0,17.0,8.0,0.5,1.0,1.0,327.6666666666667,411.3333333333333,0.8333333333333334,0.0,0.0,0.0,97.0,39.5,0.4,4.0,14.5,0.0,0.6,6.0,27.0,27.0,2025-04-07 04:56:24,47.05882352941176,0.4187192118226601,0.19704433497536944,0.0,0.0,40.0,69.49152542372882,100.0,23.581847649918963,9.60291734197731,40.72164948453608,10.13136288998358,8.070607553366175
6832,ALM,Almería,esp.almeria,12722,709648,1,59.4,9.0,2.0,0.0,0.0,4.0,4.0,21.0,8.0,0.4,0.0,0.0,225.4,270.0,0.8800000000000001,0.0,0.0,0.0,33.5,17.5,0.55,6.0,8.0,0.0,0.6666666666666666,8.0,15.5,15.5,2025-04-07 04:56:24,38.095238095238095,0.35353535353535354,0.13468013468013468,0.0,0.0,47.05882352941176,64.0,100.0,12.407407407407407,6.481481481481481,52.23880597014925,4.545454545454546,3.794612794612795
3747,GRA,Granada,esp.granada_cf,12722,709653,1,52.5,15.0,3.0,0.0,0.0,3.0,5.0,13.0,4.0,0.3,0.0,0.0,327.6666666666667,411.3333333333333,0.8333333333333334,0.0,0.0,0.0,97.0,39.5,0.4,3.0,14.5,0.0,0.6,6.0,27.0,27.0,2025-04-15 05:12:57,30.76923076923077,0.24761904761904763,0.0761904761904762,0.0,0.0,28.57142857142857,57.74647887323944,100.0,23.581847649918963,9.60291734197731,40.72164948453608,7.834920634920635,6.241269841269841
6832,ALM,Almería,esp.almeria,12722,709654,0,59.0,13.0,2.0,0.0,0.0,10.0,2.0,28.0,7.0,0.3,0.0,0.0,225.4,270.0,0.8800000000000001,0.0,0.0,0.0,33.5,17.5,0.55,8.0,8.0,0.0,0.6666666666666666,8.0,15.5,15.5,2025-04-15 05:12:57,25.0,0.4745762711864407,0.11864406779661017,0.0,0.0,38.095238095238095,55.172413793103445,100.0,12.407407407407407,6.481481481481481,52.23880597014925,4.576271186440678,3.8203389830508474
3842,CAD,Cádiz,esp.cadiz,12722,709655,0,41.2,16.0,4.0,0.0,0.0,4.0,3.0,16.0,7.0,0.4,0.0,0.0,182.5,216.0,0.8500000000000001,0.0,0.0,0.0,26.0,13.5,0.55,3.0,3.0,0.0,0.65,5.0,5.5,5.5,2025-04-15 05:12:57,43.75,0.3883495145631068,0.1699029126213592,0.0,0.0,23.809523809523807,33.33333333333333,100.0,12.037037037037036,6.25,51.92307692307693,5.242718446601941,4.429611650485437
3842,CAD,Cádiz,esp.cadiz,12722,709664,1,56.7,10.0,1.0,0.0,0.0,2.0,1.0,9.0,2.0,0.2,0.0,0.0,182.5,216.0,0.8500000000000001,0.0,0.0,0.0,26.0,13.5,0.55,3.0,3.0,0.0,0.65,5.0,5.5,5.5,2025-04-20 15:46:12,22.22222222222222,0.15873015873015872,0.03527336860670194,0.0,0.0,33.33333333333333,44.44444444444444,100.0,12.037037037037036,6.25,51.92307692307693,3.8095238095238093,3.218694885361552
6832,ALM,Almería,esp.almeria,12722,709665,1,48.8,14.0,4.0,0.0,0.0,3.0,1.0,9.0,3.0,0.3,0.0,0.0,225.4,270.0,0.8800000000000001,0.0,0.0,0.0,33.5,17.5,0.55,3.0,8.0,0.0,0.6666666666666666,8.0,15.5,15.5,2025-04-20 15:46:12,33.33333333333333,0.18442622950819673,0.06147540983606558,0.0,0.0,36.36363636363637,53.333333333333336,100.0,12.407407407407407,6.481481481481481,52.23880597014925,5.532786885245902,4.618852459016394
3747,GRA,Granada,esp.granada_cf,12722,709670,1,49.4,13.0,2.0,0.0,0.0,5.0,5.0,17.0,8.0,0.5,0.0,0.0,327.6666666666667,411.3333333333333,0.8333333333333334,0.0,0.0,0.0,97.0,39.5,0.4,3.0,14.5,0.0,0.6,6.0,27.0,27.0,2025-04-21 02:18:28,47.05882352941176,0.3441295546558705,0.16194331983805668,0.0,0.0,31.57894736842105,61.19402985074627,100.0,23.581847649918963,9.60291734197731,40.72164948453608,8.326585695006747,6.632928475033739
6832,ALM,Almería,esp.almeria,12722,709676,0,53.9,17.0,2.0,0.0,0.0,6.0,5.0,12.0,4.0,0.3,1.0,1.0,225.4,270.0,0.8800000000000001,0.0,0.0,0.0,33.5,17.5,0.55,3.0,8.0,0.0,0.6666666666666666,8.0,15.5,15.5,2025-05-01 04:53:43,33.33333333333333,0.22263450834879406,0.07421150278293136,0.0,0.0,32.0,48.484848484848484,100.0,12.407407407407407,6.481481481481481,52.23880597014925,5.009276437847866,4.181818181818182
3842,CAD,Cádiz,esp.cadiz,12722,709677,0,40.2,10.0,1.0,0.0,0.0,1.0,3.0,9.0,1.0,0.1,0.0,0.0,182.5,216.0,0.8500000000000001,0.0,0.0,0.0,26.0,13.5,0.55,2.0,3.0,0.0,0.65,5.0,5.5,5.5,2025-04-27 04:56:35,11.11111111111111,0.22388059701492535,0.02487562189054726,0.0,0.0,33.33333333333333,44.44444444444444,100.0,12.037037037037036,6.25,51.92307692307693,5.3731343283582085,4.539800995024875
3747,GRA,Granada,esp.granada_cf,12722,709679,0,41.4,14.0,2.0,0.0,0.0,4.0,2.0,13.0,2.0,0.2,0.0,1.0,327.6666666666667,411.3333333333333,0.8333333333333334,0.0,0.0,0.0,97.0,39.5,0.4,7.0,14.5,0.0,0.6,6.0,27.0,27.0,2025-04-28 04:54:05,15.384615384615385,0.3140096618357488,0.04830917874396135,0.0,0.0,30.0,59.42028985507246,100.0,23.581847649918963,9.60291734197731,40.72164948453608,9.935587761674718,7.914653784219002
6832,ALM,Almería,esp.almeria,12722,709686,0,53.3,8.0,1.0,0.0,0.0,4.0,2.0,24.0,10.0,0.4,0.0,0.0,225.4,270.0,0.8800000000000001,0.0,0.0,0.0,33.5,17.5,0.55,4.0,8.0,0.0,0.6666666666666666,8.0,15.5,15.5,2025-05-07 04:53:55,41.66666666666667,0.45028142589118203,0.1876172607879925,0.0,0.0,50.0,66.66666666666666,100.0,12.407407407407407,6.481481481481481,52.23880597014925,5.065666041275797,4.2288930581613515
3842,CAD,Cádiz,esp.cadiz,12722,709689,1,33.0,14.0,3.0,1.0,0.0,2.0,7.0,5.0,2.0,0.4,0.0,0.0,182.5,216.0,0.8500000000000001,0.0,0.0,0.0,26.0,13.5,0.55,1.0,3.0,0.0,0.65,5.0,5.5,5.5,2025-05-05 05:00:05,40.0,0.15151515151515152,0.06060606060606061,0.0,0.0,26.31578947368421,36.36363636363637,100.0,12.037037037037036,6.25,51.92307692307693,6.545454545454546,5.53030303030303
3747,GRA,Granada,esp.granada_cf,12722,709695,1,48.4,21.0,2.0,0.0,0.0,4.0,5.0,7.0,0.0,0.0,0.0,0.0,327.6666666666667,411.3333333333333,0.8333333333333334,0.0,0.0,0.0,97.0,39.5,0.4,2.0,14.5,0.0,0.6,6.0,27.0,27.0,2025-05-05 05:00:05,0.0,0.14462809917355374,0.0,0.0,0.0,22.22222222222222,49.39759036144578,100.0,23.581847649918963,9.60291734197731,40.72164948453608,8.49862258953168,6.769972451790634
3842,CAD,Cádiz,esp.cadiz,12722,709699,0,63.8,15.0,5.0,0.0,0.0,9.0,4.0,20.0,3.0,0.2,0.0,0.0,182.5,216.0,0.8500000000000001,0.0,0.0,0.0,26.0,13.5,0.55,4.0,3.0,0.0,0.65,5.0,5.5,5.5,2025-05-12 04:49:54,15.0,0.31347962382445144,0.047021943573667714,0.0,0.0,25.0,34.78260869565217,100.0,12.037037037037036,6.25,51.92307692307693,3.3855799373040756,2.8605015673981193
6832,ALM,Almería,esp.almeria,12722,709699,1,36.2,14.0,4.0,3.0,0.0,6.0,1.0,8.0,4.0,0.5,0.0,0.0,225.4,270.0,0.8800000000000001,0.0,0.0,0.0,33.5,17.5,0.55,1.0,8.0,0.0,0.6666666666666666,8.0,15.5,15.5,2025-05-12 04:49:54,50.0,0.22099447513812154,0.11049723756906077,0.0,0.0,36.36363636363637,53.333333333333336,100.0,12.407407407407407,6.481481481481481,52.23880597014925,7.458563535911602,6.226519337016574
3747,GRA,Granada,esp.granada_cf,12722,709702,0,55.7,10.0,1.0,0.0,0.0,7.0,5.0,16.0,3.0,0.2,0.0,0.0,327.6666666666667,411.3333333333333,0.8333333333333334,0.0,0.0,0.0,97.0,39.5,0.4,5.0,14.5,0.0,0.6,6.0,27.0,27.0,2025-05-14 04:51:09,18.75,0.2872531418312388,0.05385996409335727,0.0,0.0,37.5,67.21311475409836,100.0,23.581847649918963,9.60291734197731,40.72164948453608,7.384799521244763,5.882704967085577
3747,GRA,Granada,esp.granada_cf,12722,709708,1,54.2,17.0,2.0,0.0,0.0,4.0,1.0,13.0,7.0,0.5,0.0,0.0,327.6666666666667,411.3333333333333,0.8333333333333334,0.0,0.0,0.0,97.0,39.5,0.4,1.0,14.5,0.0,0.6,6.0,27.0,27.0,2025-05-19 04:54:17,53.84615384615385,0.23985239852398524,0.12915129151291513,0.0,0.0,26.08695652173913,54.666666666666664,100.0,23.581847649918963,9.60291734197731,40.72164948453608,7.5891758917589165,6.045510455104551
3842,CAD,Cádiz,esp.cadiz,12722,709714,1,54.6,11.0,1.0,0.0,0.0,6.0,2.0,9.0,1.0,0.1,0.0,0.0,182.5,216.0,0.8500000000000001,0.0,0.0,0.0,26.0,13.5,0.55,1.0,3.0,0.0,0.65,5.0,5.5,5.5,2025-05-20 04:53:39,11.11111111111111,0.16483516483516483,0.018315018315018316,0.0,0.0,31.25,42.10526315789473,100.0,12.037037037037036,6.25,51.92307692307693,3.9560439560439558,3.3424908424908426
6832,ALM,Almería,esp.almeria,12722,709716,0,42.3,20.0,1.0,0.0,0.0,4.0,2.0,18.0,6.0,0.3,0.0,0.0,225.4,270.0,0.8800000000000001,0.0,0.0,0.0,33.5,17.5,0.55,4.0,8.0,0.0,0.6666666666666666,8.0,15.5,15.5,2025-05-20 04:53:39,33.33333333333333,0.425531914893617,0.14184397163120568,0.0,0.0,28.57142857142857,44.44444444444444,100.0,12.407407407407407,6.481481481481481,52.23880597014925,6.382978723404256,5.328605200945627
3842,CAD,Cádiz,esp.cadiz,12722,709719,0,45.2,7.0,0.0,0.0,0.0,3.0,1.0,15.0,5.0,0.3,0.0,0.0,182.5,216.0,0.8500000000000001,0.0,0.0,0.0,26.0,13.5,0.55,6.0,3.0,0.0,0.65,5.0,5.5,5.5,2025-05-27 04:52:03,33.33333333333333,0.331858407079646,0.11061946902654866,0.0,0.0,41.66666666666667,53.333333333333336,100.0,12.037037037037036,6.25,51.92307692307693,4.778761061946902,4.037610619469026
3747,GRA,Granada,esp.granada_cf,12722,709723,0,55.8,14.0,3.0,0.0,0.0,11.0,2.0,26.0,8.0,0.3,0.0,0.0,327.6666666666667,411.3333333333333,0.8333333333333334,0.0,0.0,0.0,97.0,39.5,0.4,11.0,14.5,0.0,0.6,6.0,27.0,27.0,2025-05-27 04:52:03,30.76923076923077,0.4659498207885305,0.14336917562724016,0.0,0.0,30.0,59.42028985507246,100.0,23.581847649918963,9.60291734197731,40.72164948453608,7.371565113500598,5.8721624850657115
6832,ALM,Almería,esp.almeria,12722,709726,1,52.7,16.0,2.0,0.0,0.0,6.0,2.0,12.0,1.0,0.1,0.0,0.0,225.4,270.0,0.8800000000000001,0.0,0.0,0.0,33.5,17.5,0.55,6.0,8.0,0.0,0.6666666666666666,8.0,15.5,15.5,2025-05-26 04:52:38,8.333333333333332,0.22770398481973433,0.018975332068311195,0.0,0.0,33.33333333333333,50.0,100.0,12.407407407407407,6.481481481481481,52.23880597014925,5.1233396584440225,4.277039848197344
6832,ALM,Almería,esp.almeria,12722,709730,0,43.0,9.0,1.0,0.0,0.0,2.0,4.0,15.0,8.0,0.5,0.0,0.0,225.4,270.0,0.8800000000000001,0.0,0.0,0.0,33.5,17.5,0.55,3.0,8.0,0.0,0.6666666666666666,8.0,15.5,15.5,2025-06-03 04:50:27,53.333333333333336,0.3488372093023256,0.18604651162790697,0.0,0.0,47.05882352941176,64.0,100.0,12.407407407407407,6.481481481481481,52.23880597014925,6.27906976744186,5.241860465116279
3747,GRA,Granada,esp.granada_cf,12722,709739,1,54.8,16.0,4.0,1.0,0.0,1.0,8.0,4.0,3.0,0.8,0.0,0.0,327.6666666666667,411.3333333333333,0.8333333333333334,0.0,0.0,0.0,97.0,39.5,0.4,0.0,14.5,0.0,0.6,6.0,27.0,27.0,2025-06-02 04:53:23,75.0,0.07299270072992702,0.05474452554744526,0.0,0.0,27.27272727272727,56.16438356164384,100.0,23.581847649918963,9.60291734197731,40.72164948453608,7.5060827250608275,5.979318734793188
3842,CAD,Cádiz,esp.cadiz,12722,709740,1,48.4,8.0,1.0,0.0,0.0,3.0,5.0,10.0,5.0,0.5,0.0,0.0,182.5,216.0,0.8500000000000001,0.0,0.0,0.0,26.0,13.5,0.55,3.0,3.0,0.0,0.65,5.0,5.5,5.5,2025-06-03 04:50:27,50.0,0.2066115702479339,0.10330578512396695,0.0,0.0,38.46153846153847,50.0,100.0,12.037037037037036,6.25,51.92307692307693,4.462809917355372,3.7706611570247937
121,BOC,VfL Bochum,ger.vfl_bochum,12747,711437,1,37.2,16.0,3.0,0.0,2.0,3.0,2.0,10.0,4.0,0.4,0.0,0.0,213.0,301.0,0.7,1.0,11.0,0.1,62.0,24.0,0.4,6.0,11.0,17.0,0.6,6.0,22.0,22.0,2024-08-26 04:18:56,40.0,0.26881720430107525,0.1075268817204301,0.00036363636363636367,9.090909090909092,27.27272727272727,51.515151515151516,100.0,20.59800664451827,7.973421926910299,38.70967741935484,8.091397849462364,5.725806451612903
121,BOC,VfL Bochum,ger.vfl_bochum,12747,711445,0,38.5,9.0,1.0,0.0,1.0,3.0,3.0,15.0,4.0,0.3,0.0,0.0,267.0,355.0,0.8,9.0,19.0,0.5,51.0,23.0,0.5,3.0,10.0,13.0,0.8,4.0,28.0,28.0,2024-09-01 04:22:05,26.666666666666668,0.38961038961038963,0.1038961038961039,0.0014210526315789472,47.368421052631575,30.76923076923077,60.86956521739131,100.0,14.366197183098592,6.478873239436619,45.09803921568628,9.220779220779221,6.935064935064935
121,BOC,VfL Bochum,ger.vfl_bochum,12747,711456,1,45.8,16.0,3.0,0.0,2.0,6.0,6.0,13.0,3.0,0.2,0.0,0.0,275.0,375.0,0.7,3.0,14.0,0.2,72.0,32.0,0.4,4.0,9.0,12.0,0.8,11.0,23.0,23.0,2024-09-16 04:15:44,23.076923076923077,0.2838427947598253,0.06550218340611354,0.00042857142857142855,21.428571428571427,40.74074074074074,55.55555555555556,100.0,19.2,8.533333333333333,44.44444444444444,8.187772925764193,6.004366812227075
121,BOC,VfL Bochum,ger.vfl_bochum,12747,711464,0,44.4,19.0,4.0,0.0,0.0,2.0,2.0,14.0,3.0,0.2,0.0,0.0,255.0,345.0,0.7,6.0,16.0,0.4,65.0,25.0,0.4,4.0,7.0,8.0,0.9,14.0,26.0,26.0,2024-10-14 06:59:34,21.428571428571427,0.3153153153153153,0.06756756756756757,0.0007500000000000001,37.5,42.42424242424242,52.5,100.0,18.84057971014493,7.246376811594203,38.46153846153847,7.77027027027027,5.743243243243244
121,BOC,VfL Bochum,ger.vfl_bochum,12747,711469,1,33.8,9.0,0.0,0.0,3.0,0.0,4.0,10.0,5.0,0.5,0.0,0.0,206.0,285.0,0.7,2.0,11.0,0.2,56.0,22.0,0.4,2.0,15.0,20.0,0.8,9.0,24.0,24.0,2024-10-14 06:59:34,50.0,0.2958579881656805,0.14792899408284024,0.0009090909090909091,18.181818181818183,50.0,72.72727272727273,100.0,19.649122807017545,7.719298245614035,39.285714285714285,8.431952662721894,6.094674556213018
121,BOC,VfL Bochum,ger.vfl_bochum,12747,711477,0,57.7,11.0,1.0,0.0,5.0,7.0,2.0,18.0,5.0,0.3,0.0,0.0,310.0,406.0,0.8,5.0,29.0,0.2,68.0,32.0,0.5,8.0,10.0,14.0,0.7,8.0,11.0,11.0,2024-10-14 06:59:34,27.77777777777778,0.3119584055459272,0.08665511265164644,0.0005172413793103448,17.24137931034483,42.10526315789473,62.06896551724138,100.0,16.748768472906402,7.8817733990147785,47.05882352941176,7.036395147313691,5.37261698440208
121,BOC,VfL Bochum,ger.vfl_bochum,12747,711487,1,50.0,12.0,1.0,0.0,0.0,2.0,4.0,13.0,4.0,0.3,0.0,1.0,327.0,419.0,0.8,4.0,10.0,0.4,65.0,34.0,0.5,4.0,11.0,16.0,0.7,4.0,22.0,22.0,2024-10-20 11:04:39,30.76923076923077,0.26,0.08,0.0012,40.0,25.0,55.55555555555556,100.0,15.513126491646778,8.1145584725537,52.307692307692314,8.38,6.54
121,BOC,VfL Bochum,ger.vfl_bochum,12747,711499,0,27.5,15.0,1.0,0.0,3.0,2.0,5.0,6.0,2.0,0.3,0.0,0.0,188.0,274.0,0.7,1.0,10.0,0.1,65.0,24.0,0.4,1.0,10.0,17.0,0.6,8.0,18.0,18.0,2024-10-29 05:18:18,33.33333333333333,0.21818181818181817,0.07272727272727272,0.0003,10.0,34.78260869565217,54.54545454545454,100.0,23.722627737226276,8.75912408759124,36.92307692307693,9.963636363636363,6.836363636363636
121,BOC,VfL Bochum,ger.vfl_bochum,12747,711511,1,35.3,15.0,2.0,0.0,1.0,2.0,2.0,11.0,8.0,0.7,0.0,0.0,223.0,310.0,0.7,5.0,17.0,0.3,69.0,33.0,0.5,0.0,16.0,26.0,0.6,5.0,27.0,27.0,2024-11-03 13:39:59,72.72727272727273,0.311614730878187,0.226628895184136,0.0020588235294117644,29.411764705882355,25.0,58.333333333333336,100.0,22.258064516129032,10.64516129032258,47.82608695652174,8.78186968838527,6.317280453257791
121,BOC,VfL Bochum,ger.vfl_bochum,12747,711517,0,29.1,10.0,0.0,0.0,1.0,6.0,3.0,15.0,3.0,0.2,0.0,0.0,215.0,281.0,0.8,4.0,22.0,0.2,58.0,30.0,0.5,6.0,3.0,9.0,0.3,11.0,25.0,25.0,2024-11-11 06:17:44,20.0,0.5154639175257731,0.10309278350515463,0.00036363636363636367,18.181818181818183,52.38095238095239,58.333333333333336,100.0,20.640569395017792,10.676156583629894,51.724137931034484,9.65635738831615,7.388316151202749
121,BOC,VfL Bochum,ger.vfl_bochum,12747,711529,1,42.2,16.0,3.0,0.0,1.0,4.0,2.0,9.0,2.0,0.2,0.0,0.0,345.0,420.0,0.8,5.0,23.0,0.2,66.0,38.0,0.6,1.0,11.0,21.0,0.5,12.0,17.0,17.0,2024-11-24 15:57:29,22.22222222222222,0.21327014218009477,0.04739336492890995,0.00043478260869565214,21.73913043478261,42.857142857142854,58.97435897435898,100.0,15.714285714285714,9.047619047619047,57.57575757575758,9.95260663507109,8.175355450236966
121,BOC,VfL Bochum,ger.vfl_bochum,12747,711536,1,46.8,22.0,3.0,0.0,0.0,1.0,3.0,7.0,1.0,0.1,0.0,0.0,286.0,399.0,0.7,1.0,12.0,0.1,77.0,35.0,0.5,1.0,8.0,13.0,0.6,15.0,13.0,13.0,2024-12-02 05:58:43,14.285714285714285,0.14957264957264957,0.021367521367521368,8.333333333333333e-05,8.333333333333332,40.54054054054054,51.11111111111111,100.0,19.298245614035086,8.771929824561402,45.45454545454545,8.525641025641026,6.111111111111112
121,BOC,VfL Bochum,ger.vfl_bochum,12747,711546,0,51.8,12.0,1.0,0.0,1.0,9.0,0.0,12.0,2.0,0.2,0.0,0.0,347.0,446.0,0.8,5.0,42.0,0.1,59.0,22.0,0.4,3.0,11.0,16.0,0.7,6.0,11.0,11.0,2024-12-10 05:55:59,16.666666666666664,0.23166023166023167,0.03861003861003861,0.0002380952380952381,11.904761904761903,33.33333333333333,58.620689655172406,100.0,13.228699551569505,4.932735426008969,37.28813559322034,8.610038610038611,6.698841698841699
121,BOC,VfL Bochum,ger.vfl_bochum,12747,711556,1,30.5,9.0,2.0,1.0,0.0,6.0,4.0,13.0,3.0,0.2,0.0,0.0,143.0,234.0,0.6,3.0,17.0,0.2,68.0,20.0,0.3,6.0,12.0,22.0,0.5,7.0,39.0,39.0,2024-12-15 05:56:47,23.076923076923077,0.4262295081967213,0.09836065573770492,0.0003529411764705883,17.647058823529413,43.75,67.85714285714286,100.0,29.059829059829063,8.547008547008547,29.411764705882355,7.672131147540983,4.688524590163935
121,BOC,VfL Bochum,ger.vfl_bochum,12747,711560,0,51.2,18.0,2.0,0.0,2.0,5.0,2.0,14.0,4.0,0.3,0.0,0.0,302.0,412.0,0.7,6.0,21.0,0.3,65.0,29.0,0.4,5.0,7.0,12.0,0.6,5.0,17.0,17.0,2024-12-23 05:53:33,28.57142857142857,0.2734375,0.078125,0.000857142857142857,28.57142857142857,21.73913043478261,40.0,100.0,15.776699029126215,7.038834951456311,44.61538461538462,8.046875,5.8984375
121,BOC,VfL Bochum,ger.vfl_bochum,12747,711571,1,41.9,16.0,2.0,0.0,1.0,6.0,3.0,11.0,2.0,0.2,0.0,0.0,250.0,373.0,0.7,5.0,20.0,0.3,65.0,22.0,0.3,6.0,10.0,19.0,0.5,13.0,24.0,24.0,2025-01-12 05:35:25,18.181818181818183,0.26252983293556087,0.0477326968973747,0.0005,25.0,44.827586206896555,58.97435897435898,100.0,17.426273458445042,5.898123324396782,33.84615384615385,8.902147971360382,5.966587112171838
121,BOC,VfL Bochum,ger.vfl_bochum,12747,711577,0,50.8,7.0,1.0,0.0,3.0,6.0,1.0,13.0,5.0,0.4,0.0,0.0,272.0,380.0,0.7,6.0,21.0,0.3,75.0,34.0,0.5,4.0,11.0,20.0,0.6,13.0,26.0,26.0,2025-01-16 05:38:59,38.46153846153847,0.2559055118110236,0.0984251968503937,0.0011428571428571427,28.57142857142857,65.0,77.41935483870968,100.0,19.736842105263158,8.947368421052632,45.33333333333333,7.480314960629921,5.354330708661418
121,BOC,VfL Bochum,ger.vfl_bochum,12747,711593,0,44.9,14.0,4.0,0.0,5.0,6.0,0.0,14.0,3.0,0.2,1.0,1.0,265.0,374.0,0.7,7.0,30.0,0.2,60.0,24.0,0.4,5.0,17.0,23.0,0.7,11.0,26.0,26.0,2025-01-20 14:35:18,21.428571428571427,0.311804008908686,0.066815144766147,0.00046666666666666666,23.333333333333332,44.0,66.66666666666666,100.0,16.0427807486631,6.417112299465241,40.0,8.329621380846325,5.902004454342984
121,BOC,VfL Bochum,ger.vfl_bochum,12747,711595,1,42.7,15.0,3.0,0.0,0.0,7.0,3.0,10.0,4.0,0.4,0.0,0.0,279.0,359.0,0.8,3.0,16.0,0.2,39.0,16.0,0.4,3.0,9.0,18.0,0.5,8.0,29.0,29.0,2025-01-28 15:08:56,40.0,0.23419203747072598,0.09367681498829039,0.0007500000000000001,18.75,34.78260869565217,53.125,100.0,10.86350974930362,4.456824512534819,41.02564102564102,8.407494145199063,6.533957845433255
121,BOC,VfL Bochum,ger.vfl_bochum,12747,711608,0,58.1,15.0,3.0,0.0,1.0,9.0,3.0,22.0,4.0,0.2,0.0,0.0,345.0,436.0,0.8,5.0,23.0,0.2,67.0,40.0,0.6,6.0,17.0,24.0,0.7,5.0,24.0,24.0,2025-02-02 14:50:29,18.181818181818183,0.37865748709122204,0.06884681583476764,0.00043478260869565214,21.73913043478261,25.0,59.45945945945946,100.0,15.36697247706422,9.174311926605505,59.70149253731343,7.5043029259896725,5.938037865748709
121,BOC,VfL Bochum,ger.vfl_bochum,12747,711619,1,51.5,16.0,2.0,0.0,0.0,5.0,1.0,20.0,5.0,0.3,0.0,0.0,262.0,380.0,0.7,10.0,34.0,0.3,73.0,26.0,0.4,7.0,6.0,16.0,0.4,8.0,25.0,25.0,2025-02-11 05:48:04,25.0,0.3883495145631068,0.0970873786407767,0.0008823529411764706,29.411764705882355,33.33333333333333,46.666666666666664,100.0,19.210526315789473,6.842105263157896,35.61643835616438,7.378640776699029,5.087378640776699
121,BOC,VfL Bochum,ger.vfl_bochum,12747,711621,0,30.8,12.0,1.0,0.0,1.0,2.0,2.0,18.0,9.0,0.5,0.0,0.0,222.0,301.0,0.7,2.0,11.0,0.2,69.0,30.0,0.4,3.0,14.0,22.0,0.6,10.0,53.0,53.0,2025-02-17 05:53:03,50.0,0.5844155844155844,0.2922077922077922,0.0009090909090909091,18.181818181818183,45.45454545454545,66.66666666666666,100.0,22.92358803986711,9.966777408637874,43.47826086956522,9.772727272727273,7.207792207792208
121,BOC,VfL Bochum,ger.vfl_bochum,12747,711634,1,45.1,15.0,3.0,0.0,1.0,5.0,5.0,11.0,5.0,0.5,0.0,0.0,291.0,379.0,0.8,7.0,18.0,0.4,71.0,32.0,0.5,3.0,9.0,19.0,0.5,11.0,22.0,22.0,2025-02-23 05:50:57,45.45454545454545,0.24390243902439024,0.11086474501108647,0.0019444444444444444,38.88888888888889,42.30769230769231,57.14285714285714,100.0,18.733509234828496,8.443271767810026,45.07042253521127,8.403547671840354,6.452328159645233
121,BOC,VfL Bochum,ger.vfl_bochum,12747,711643,0,57.5,16.0,0.0,0.0,1.0,8.0,1.0,12.0,3.0,0.3,0.0,0.0,277.0,383.0,0.7,15.0,31.0,0.5,85.0,49.0,0.6,4.0,9.0,19.0,0.5,7.0,41.0,41.0,2025-03-02 05:50:45,25.0,0.20869565217391303,0.05217391304347826,0.0014516129032258066,48.38709677419355,30.434782608695656,50.0,100.0,22.193211488250654,12.793733681462141,57.647058823529406,6.660869565217391,4.817391304347826
121,BOC,VfL Bochum,ger.vfl_bochum,12747,711651,1,26.2,14.0,6.0,0.0,1.0,3.0,3.0,8.0,5.0,0.6,0.0,0.0,182.0,258.0,0.7,2.0,9.0,0.2,64.0,22.0,0.3,2.0,19.0,28.0,0.7,11.0,29.0,29.0,2025-03-09 05:48:56,62.5,0.3053435114503817,0.19083969465648856,0.0013333333333333333,22.22222222222222,44.0,68.18181818181817,100.0,24.8062015503876,8.527131782945736,34.375,9.84732824427481,6.9465648854961835
121,BOC,VfL Bochum,ger.vfl_bochum,12747,711659,0,50.3,7.0,4.0,0.0,7.0,8.0,4.0,17.0,7.0,0.4,0.0,0.0,325.0,419.0,0.8,8.0,28.0,0.3,78.0,43.0,0.6,3.0,8.0,15.0,0.5,7.0,20.0,20.0,2025-03-17 04:47:52,41.17647058823529,0.33797216699801197,0.13916500994035785,0.0011428571428571427,28.57142857142857,50.0,68.18181818181817,100.0,18.615751789976134,10.26252983293556,55.12820512820513,8.330019880715707,6.461232604373758
121,BOC,VfL Bochum,ger.vfl_bochum,12747,711666,1,34.3,13.0,1.0,0.0,2.0,2.0,2.0,8.0,3.0,0.4,0.0,0.0,270.0,356.0,0.8,3.0,11.0,0.3,59.0,24.0,0.4,1.0,12.0,22.0,0.5,13.0,35.0,35.0,2025-03-29 04:53:12,37.5,0.23323615160349856,0.08746355685131196,0.001090909090909091,27.27272727272727,50.0,65.78947368421053,100.0,16.573033707865168,6.741573033707865,40.67796610169492,10.379008746355685,7.871720116618077
121,BOC,VfL Bochum,ger.vfl_bochum,12747,711679,0,54.3,17.0,1.0,0.0,2.0,2.0,2.0,11.0,2.0,0.2,0.0,0.0,401.0,491.0,0.8,8.0,14.0,0.6,54.0,16.0,0.3,5.0,6.0,18.0,0.3,10.0,21.0,21.0,2025-04-06 04:54:38,18.181818181818183,0.20257826887661143,0.03683241252302026,0.0011428571428571427,57.14285714285714,37.03703703703704,48.484848484848484,100.0,10.9979633401222,3.2586558044806515,29.629629629629626,9.042357274401473,7.384898710865562
121,BOC,VfL Bochum,ger.vfl_bochum,12747,711684,0,53.0,14.0,2.0,0.0,3.0,7.0,2.0,25.0,9.0,0.4,0.0,0.0,334.0,427.0,0.8,12.0,29.0,0.4,67.0,31.0,0.5,5.0,11.0,18.0,0.6,5.0,31.0,31.0,2025-04-13 05:20:15,36.0,0.4716981132075472,0.16981132075471697,0.0016551724137931034,41.37931034482759,26.31578947368421,53.333333333333336,100.0,15.690866510538642,7.259953161592506,46.26865671641791,8.056603773584905,6.30188679245283
121,BOC,VfL Bochum,ger.vfl_bochum,12747,711695,1,52.0,20.0,2.0,1.0,0.0,7.0,3.0,12.0,1.0,0.1,0.0,0.0,285.0,408.0,0.7,4.0,24.0,0.2,83.0,27.0,0.3,7.0,8.0,12.0,0.7,12.0,24.0,24.0,2025-04-20 15:46:12,8.333333333333332,0.23076923076923078,0.019230769230769232,0.00016666666666666666,16.666666666666664,37.5,50.0,100.0,20.34313725490196,6.61764705882353,32.53012048192771,7.846153846153846,5.480769230769231
121,BOC,VfL Bochum,ger.vfl_bochum,12747,711703,0,66.1,11.0,3.0,0.0,5.0,10.0,1.0,10.0,4.0,0.4,0.0,1.0,413.0,509.0,0.8,1.0,30.0,0.0,62.0,31.0,0.5,3.0,7.0,14.0,0.5,6.0,23.0,23.0,2025-04-28 04:54:05,40.0,0.15128593040847202,0.06051437216338881,0.00013333333333333334,3.3333333333333335,35.294117647058826,54.166666666666664,100.0,12.180746561886052,6.090373280943026,50.0,7.700453857791226,6.248108925869895
121,BOC,VfL Bochum,ger.vfl_bochum,12747,711714,1,54.1,14.0,1.0,0.0,2.0,4.0,3.0,14.0,3.0,0.2,0.0,0.0,334.0,444.0,0.8,4.0,27.0,0.1,71.0,30.0,0.4,4.0,11.0,17.0,0.6,4.0,30.0,30.0,2025-05-05 05:00:05,21.428571428571427,0.2587800369685767,0.05545286506469501,0.0002962962962962963,14.814814814814813,22.22222222222222,51.724137931034484,100.0,15.99099099099099,6.756756756756757,42.25352112676056,8.20702402957486,6.173752310536044
121,BOC,VfL Bochum,ger.vfl_bochum,12747,711726,0,43.6,9.0,3.0,0.0,2.0,6.0,3.0,11.0,6.0,0.5,0.0,0.0,242.0,338.0,0.7,4.0,21.0,0.2,57.0,24.0,0.4,2.0,13.0,19.0,0.7,10.0,36.0,36.0,2025-05-12 04:49:54,54.54545454545454,0.25229357798165136,0.13761467889908258,0.0009523809523809524,19.047619047619047,52.63157894736842,71.875,100.0,16.86390532544379,7.100591715976331,42.10526315789473,7.752293577981651,5.5504587155963305
121,BOC,VfL Bochum,ger.vfl_bochum,12747,711735,1,42.2,11.0,0.0,0.0,4.0,4.0,2.0,9.0,6.0,0.7,0.0,0.0,317.0,406.0,0.8,3.0,8.0,0.4,63.0,26.0,0.4,0.0,12.0,21.0,0.6,5.0,28.0,28.0,2025-05-19 04:54:17,66.66666666666666,0.21327014218009477,0.14218009478672985,0.0026249999999999997,37.5,31.25,60.71428571428571,100.0,15.517241379310345,6.403940886699508,41.269841269841265,9.62085308056872,7.511848341232227
122,KOE,FC Cologne,ger.1_fc_kln,12749,711807,0,59.6,17.0,2.0,0.0,0.0,6.0,4.0,28.0,3.0,0.1,0.0,0.0,359.4117647058824,440.11764705882354,0.8176470588235295,0.0,0.0,0.0,59.76470588235294,27.0,0.45882352941176474,11.0,9.647058823529411,0.0,0.6588235294117647,9.588235294117647,29.58823529411765,29.58823529411765,2024-08-04 08:14:13,10.714285714285714,0.4697986577181208,0.050335570469798654,0.0,0.0,36.06194690265487,53.08441558441558,100.0,13.579256883186314,6.134723336006416,45.177165354330704,7.384524279510462,6.0303987366758784
122,KOE,FC Cologne,ger.1_fc_kln,12749,711824,1,55.7,13.0,2.0,0.0,0.0,13.0,2.0,23.0,9.0,0.4,0.0,0.0,359.4117647058824,440.11764705882354,0.8176470588235295,0.0,0.0,0.0,59.76470588235294,27.0,0.45882352941176474,10.0,9.647058823529411,0.0,0.6588235294117647,9.588235294117647,29.58823529411765,29.58823529411765,2024-08-12 08:14:55,39.130434782608695,0.4129263913824057,0.1615798922800718,0.0,0.0,42.44791666666667,59.67153284671532,100.0,13.579256883186314,6.134723336006416,45.177165354330704,7.901573555813708,6.452634913929665
122,KOE,FC Cologne,ger.1_fc_kln,12749,711825,0,61.6,14.0,2.0,0.0,0.0,8.0,3.0,24.0,13.0,0.5,0.0,0.0,359.4117647058824,440.11764705882354,0.8176470588235295,0.0,0.0,0.0,59.76470588235294,27.0,0.45882352941176474,4.0,9.647058823529411,0.0,0.6588235294117647,9.588235294117647,29.58823529411765,29.58823529411765,2024-08-29 04:18:20,54.166666666666664,0.38961038961038963,0.21103896103896103,0.0,0.0,40.64837905236908,57.876106194690266,100.0,13.579256883186314,6.134723336006416,45.177165354330704,7.1447669977081745,5.8346065699006875
122,KOE,FC Cologne,ger.1_fc_kln,12749,711837,1,41.3,15.0,4.0,0.0,0.0,3.0,4.0,11.0,5.0,0.5,0.0,0.0,359.4117647058824,440.11764705882354,0.8176470588235295,0.0,0.0,0.0,59.76470588235294,27.0,0.45882352941176474,2.0,9.647058823529411,0.0,0.6588235294117647,9.588235294117647,29.58823529411765,29.58823529411765,2024-09-06 04:21:43,45.45454545454545,0.26634382566585957,0.12106537530266345,0.0,0.0,38.99521531100479,56.18556701030928,100.0,13.579256883186314,6.134723336006416,45.177165354330704,10.656601623700329,8.702464036462043
122,KOE,FC Cologne,ger.1_fc_kln,12749,711843,0,48.6,13.0,4.0,0.0,0.0,10.0,2.0,34.0,13.0,0.4,0.0,0.0,359.4117647058824,440.11764705882354,0.8176470588235295,0.0,0.0,0.0,59.76470588235294,27.0,0.45882352941176474,14.0,9.647058823529411,0.0,0.6588235294117647,9.588235294117647,29.58823529411765,29.58823529411765,2024-09-18 04:16:52,38.23529411764706,0.6995884773662551,0.2674897119341564,0.0,0.0,42.44791666666667,59.67153284671532,100.0,13.579256883186314,6.134723336006416,45.177165354330704,9.055918663761801,7.395303800532559
122,KOE,FC Cologne,ger.1_fc_kln,12749,711857,1,47.5,11.0,3.0,0.0,0.0,8.0,3.0,24.0,14.0,0.6,0.0,0.0,359.4117647058824,440.11764705882354,0.8176470588235295,0.0,0.0,0.0,59.76470588235294,27.0,0.45882352941176474,2.0,9.647058823529411,0.0,0.6588235294117647,9.588235294117647,29.58823529411765,29.58823529411765,2024-10-14 06:59:34,58.333333333333336,0.5052631578947369,0.29473684210526313,0.0,0.0,46.57142857142858,63.61867704280155,100.0,13.579256883186314,6.134723336006416,45.177165354330704,9.2656346749226,7.56656346749226
122,KOE,FC Cologne,ger.1_fc_kln,12749,711861,0,51.5,8.0,0.0,0.0,0.0,3.0,3.0,17.0,5.0,0.3,0.0,0.0,359.4117647058824,440.11764705882354,0.8176470588235295,0.0,0.0,0.0,59.76470588235294,27.0,0.45882352941176474,6.0,9.647058823529411,0.0,0.6588235294117647,9.588235294117647,29.58823529411765,29.58823529411765,2024-10-14 06:59:34,29.411764705882355,0.3300970873786408,0.0970873786407767,0.0,0.0,54.51505016722409,70.62634989200863,100.0,13.579256883186314,6.134723336006416,45.177165354330704,8.545973729297545,6.978869217589949
122,KOE,FC Cologne,ger.1_fc_kln,12749,711873,0,58.1,15.0,4.0,0.0,0.0,7.0,0.0,22.0,4.0,0.2,0.0,0.0,359.4117647058824,440.11764705882354,0.8176470588235295,0.0,0.0,0.0,59.76470588235294,27.0,0.45882352941176474,9.0,9.647058823529411,0.0,0.6588235294117647,9.588235294117647,29.58823529411765,29.58823529411765,2024-10-14 06:59:34,18.181818181818183,0.37865748709122204,0.06884681583476764,0.0,0.0,38.99521531100479,56.18556701030928,100.0,13.579256883186314,6.134723336006416,45.177165354330704,7.5751746481725215,6.186088893388681
122,KOE,FC Cologne,ger.1_fc_kln,12749,711886,1,60.7,9.0,3.0,0.0,0.0,6.0,1.0,18.0,5.0,0.3,0.0,0.0,359.4117647058824,440.11764705882354,0.8176470588235295,0.0,0.0,0.0,59.76470588235294,27.0,0.45882352941176474,6.0,9.647058823529411,0.0,0.6588235294117647,9.588235294117647,29.58823529411765,29.58823529411765,2024-10-22 23:19:35,27.77777777777778,0.29654036243822074,0.08237232289950576,0.0,0.0,51.582278481012665,68.125,100.0,13.579256883186314,6.134723336006416,45.177165354330704,7.250702587460025,5.921116387246826
122,KOE,FC Cologne,ger.1_fc_kln,12749,711888,0,40.9,6.0,1.0,0.0,0.0,6.0,2.0,13.0,2.0,0.2,0.0,0.0,359.4117647058824,440.11764705882354,0.8176470588235295,0.0,0.0,0.0,59.76470588235294,27.0,0.45882352941176474,7.0,9.647058823529411,0.0,0.6588235294117647,9.588235294117647,29.58823529411765,29.58823529411765,2024-10-29 05:18:18,15.384615384615385,0.31784841075794623,0.0488997555012225,0.0,0.0,61.50943396226415,76.22377622377621,100.0,13.579256883186314,6.134723336006416,45.177165354330704,10.760822666474903,8.787573709190278
122,KOE,FC Cologne,ger.1_fc_kln,12749,711901,1,52.9,16.0,2.0,0.0,0.0,3.0,4.0,11.0,2.0,0.2,0.0,0.0,359.4117647058824,440.11764705882354,0.8176470588235295,0.0,0.0,0.0,59.76470588235294,27.0,0.45882352941176474,4.0,9.647058823529411,0.0,0.6588235294117647,9.588235294117647,29.58823529411765,29.58823529411765,2024-11-07 06:19:29,18.181818181818183,0.20793950850661627,0.03780718336483932,0.0,0.0,37.47126436781609,54.59098497495827,100.0,13.579256883186314,6.134723336006416,45.177165354330704,8.319804292227289,6.79417324585789
122,KOE,FC Cologne,ger.1_fc_kln,12749,711906,0,71.8,9.0,2.0,0.0,0.0,10.0,1.0,23.0,1.0,0.0,0.0,0.0,359.4117647058824,440.11764705882354,0.8176470588235295,0.0,0.0,0.0,59.76470588235294,27.0,0.45882352941176474,8.0,9.647058823529411,0.0,0.6588235294117647,9.588235294117647,29.58823529411765,29.58823529411765,2024-11-10 06:19:29,4.3478260869565215,0.3203342618384401,0.01392757660167131,0.0,0.0,51.582278481012665,68.125,100.0,13.579256883186314,6.134723336006416,45.177165354330704,6.129772243159103,5.005734884483042
122,KOE,FC Cologne,ger.1_fc_kln,12749,711921,1,55.3,7.0,1.0,0.0,0.0,5.0,1.0,11.0,4.0,0.4,0.0,0.0,359.4117647058824,440.11764705882354,0.8176470588235295,0.0,0.0,0.0,59.76470588235294,27.0,0.45882352941176474,4.0,9.647058823529411,0.0,0.6588235294117647,9.588235294117647,29.58823529411765,29.58823529411765,2024-11-24 15:57:29,36.36363636363637,0.19891500904159132,0.07233273056057866,0.0,0.0,57.801418439716315,73.31838565022422,100.0,13.579256883186314,6.134723336006416,45.177165354330704,7.958727794915435,6.499308584193171
122,KOE,FC Cologne,ger.1_fc_kln,12749,711924,0,69.5,15.0,1.0,0.0,0.0,10.0,1.0,15.0,3.0,0.2,0.0,0.0,359.4117647058824,440.11764705882354,0.8176470588235295,0.0,0.0,0.0,59.76470588235294,27.0,0.45882352941176474,6.0,9.647058823529411,0.0,0.6588235294117647,9.588235294117647,29.58823529411765,29.58823529411765,2024-12-02 05:58:43,20.0,0.2158273381294964,0.04316546762589928,0.0,0.0,38.99521531100479,56.18556701030928,100.0,13.579256883186314,6.134723336006416,45.177165354330704,6.332628015234871,5.171392297926365
122,KOE,FC Cologne,ger.1_fc_kln,12749,711935,1,59.4,17.0,3.0,0.0,0.0,6.0,2.0,13.0,3.0,0.2,0.0,1.0,359.4117647058824,440.11764705882354,0.8176470588235295,0.0,0.0,0.0,59.76470588235294,27.0,0.45882352941176474,3.0,9.647058823529411,0.0,0.6588235294117647,9.588235294117647,29.58823529411765,29.58823529411765,2024-12-11 05:55:27,23.076923076923077,0.21885521885521886,0.050505050505050504,0.0,0.0,36.06194690265487,53.08441558441558,100.0,13.579256883186314,6.134723336006416,45.177165354330704,7.409387997623292,6.05070310952664
122,KOE,FC Cologne,ger.1_fc_kln,12749,711950,0,44.8,13.0,4.0,0.0,0.0,3.0,2.0,15.0,5.0,0.3,1.0,1.0,359.4117647058824,440.11764705882354,0.8176470588235295,0.0,0.0,0.0,59.76470588235294,27.0,0.45882352941176474,7.0,9.647058823529411,0.0,0.6588235294117647,9.588235294117647,29.58823529411765,29.58823529411765,2024-12-18 06:02:10,33.33333333333333,0.3348214285714286,0.11160714285714286,0.0,0.0,42.44791666666667,59.67153284671532,100.0,13.579256883186314,6.134723336006416,45.177165354330704,9.82405462184874,8.022584033613446
122,KOE,FC Cologne,ger.1_fc_kln,12749,711953,1,32.7,10.0,3.0,0.0,0.0,5.0,4.0,10.0,6.0,0.6,0.0,0.0,359.4117647058824,440.11764705882354,0.8176470588235295,0.0,0.0,0.0,59.76470588235294,27.0,0.45882352941176474,1.0,9.647058823529411,0.0,0.6588235294117647,9.588235294117647,29.58823529411765,29.58823529411765,2024-12-25 05:47:26,60.0,0.3058103975535168,0.18348623853211007,0.0,0.0,48.94894894894895,65.79476861167002,100.0,13.579256883186314,6.134723336006416,45.177165354330704,13.459255261737722,10.991185465011693
122,KOE,FC Cologne,ger.1_fc_kln,12749,711966,1,51.7,16.0,4.0,0.0,0.0,6.0,5.0,7.0,1.0,0.1,0.0,0.0,359.4117647058824,440.11764705882354,0.8176470588235295,0.0,0.0,0.0,59.76470588235294,27.0,0.45882352941176474,4.0,9.647058823529411,0.0,0.6588235294117647,9.588235294117647,29.58823529411765,29.58823529411765,2025-01-21 05:32:24,14.285714285714285,0.13539651837524178,0.01934235976789168,0.0,0.0,37.47126436781609,54.59098497495827,100.0,13.579256883186314,6.134723336006416,45.177165354330704,8.51291386960974,6.951871657754011
122,KOE,FC Cologne,ger.1_fc_kln,12749,711969,0,47.1,14.0,1.0,0.0,0.0,6.0,1.0,14.0,3.0,0.2,0.0,0.0,359.4117647058824,440.11764705882354,0.8176470588235295,0.0,0.0,0.0,59.76470588235294,27.0,0.45882352941176474,3.0,9.647058823529411,0.0,0.6588235294117647,9.588235294117647,29.58823529411765,29.58823529411765,2025-01-28 15:08:56,21.428571428571427,0.29723991507430997,0.06369426751592357,0.0,0.0,40.64837905236908,57.876106194690266,100.0,13.579256883186314,6.134723336006416,45.177165354330704,9.344323716747846,7.630823029848883
122,KOE,FC Cologne,ger.1_fc_kln,12749,711986,1,43.3,8.0,2.0,0.0,0.0,4.0,3.0,14.0,6.0,0.4,0.0,0.0,359.4117647058824,440.11764705882354,0.8176470588235295,0.0,0.0,0.0,59.76470588235294,27.0,0.45882352941176474,1.0,9.647058823529411,0.0,0.6588235294117647,9.588235294117647,29.58823529411765,29.58823529411765,2025-02-01 14:50:29,42.857142857142854,0.32332563510392615,0.13856812933025406,0.0,0.0,54.51505016722409,70.62634989200863,100.0,13.579256883186314,6.134723336006416,45.177165354330704,10.164379839695695,8.300502649096591
122,KOE,FC Cologne,ger.1_fc_kln,12749,711990,0,36.8,14.0,3.0,0.0,0.0,4.0,2.0,12.0,3.0,0.3,0.0,0.0,359.4117647058824,440.11764705882354,0.8176470588235295,0.0,0.0,0.0,59.76470588235294,27.0,0.45882352941176474,4.0,9.647058823529411,0.0,0.6588235294117647,9.588235294117647,29.58823529411765,29.58823529411765,2025-02-12 05:47:15,25.0,0.32608695652173914,0.08152173913043478,0.0,0.0,40.64837905236908,57.876106194690266,100.0,13.579256883186314,6.134723336006416,45.177165354330704,11.959718670076727,9.766624040920718
122,KOE,FC Cologne,ger.1_fc_kln,12749,712003,1,54.1,11.0,2.0,0.0,0.0,14.0,2.0,13.0,5.0,0.4,0.0,0.0,359.4117647058824,440.11764705882354,0.8176470588235295,0.0,0.0,0.0,59.76470588235294,27.0,0.45882352941176474,5.0,9.647058823529411,0.0,0.6588235294117647,9.588235294117647,29.58823529411765,29.58823529411765,2025-02-17 05:53:03,38.46153846153847,0.24029574861367836,0.09242144177449169,0.0,0.0,46.57142857142858,63.61867704280155,100.0,13.579256883186314,6.134723336006416,45.177165354330704,8.135261498314668,6.643470696966403
122,KOE,FC Cologne,ger.1_fc_kln,12749,712005,0,57.1,13.0,2.0,0.0,0.0,7.0,1.0,16.0,4.0,0.3,0.0,0.0,359.4117647058824,440.11764705882354,0.8176470588235295,0.0,0.0,0.0,59.76470588235294,27.0,0.45882352941176474,4.0,9.647058823529411,0.0,0.6588235294117647,9.588235294117647,29.58823529411765,29.58823529411765,2025-02-26 05:48:02,25.0,0.28021015761821366,0.07005253940455342,0.0,0.0,42.44791666666667,59.67153284671532,100.0,13.579256883186314,6.134723336006416,45.177165354330704,7.707839703306892,6.2944267023797265
122,KOE,FC Cologne,ger.1_fc_kln,12749,712020,1,56.3,15.0,3.0,0.0,0.0,2.0,1.0,11.0,5.0,0.5,0.0,0.0,359.4117647058824,440.11764705882354,0.8176470588235295,0.0,0.0,0.0,59.76470588235294,27.0,0.45882352941176474,3.0,9.647058823529411,0.0,0.6588235294117647,9.588235294117647,29.58823529411765,29.58823529411765,2025-03-02 05:50:45,45.45454545454545,0.19538188277087035,0.08880994671403197,0.0,0.0,38.99521531100479,56.18556701030928,100.0,13.579256883186314,6.134723336006416,45.177165354330704,7.81736495663985,6.383867934385123
122,KOE,FC Cologne,ger.1_fc_kln,12749,712029,1,54.5,11.0,1.0,0.0,0.0,7.0,1.0,13.0,3.0,0.2,0.0,0.0,359.4117647058824,440.11764705882354,0.8176470588235295,0.0,0.0,0.0,59.76470588235294,27.0,0.45882352941176474,3.0,9.647058823529411,0.0,0.6588235294117647,9.588235294117647,29.58823529411765,29.58823529411765,2025-03-13 04:48:46,23.076923076923077,0.23853211009174313,0.05504587155963303,0.0,0.0,46.57142857142858,63.61867704280155,100.0,13.579256883186314,6.134723336006416,45.177165354330704,8.075553157042634,6.594711279007016
122,KOE,FC Cologne,ger.1_fc_kln,12749,712032,0,60.4,13.0,1.0,0.0,0.0,6.0,4.0,20.0,7.0,0.4,1.0,1.0,359.4117647058824,440.11764705882354,0.8176470588235295,0.0,0.0,0.0,59.76470588235294,27.0,0.45882352941176474,5.0,9.647058823529411,0.0,0.6588235294117647,9.588235294117647,29.58823529411765,29.58823529411765,2025-03-19 04:52:15,35.0,0.33112582781456956,0.11589403973509935,0.0,0.0,42.44791666666667,59.67153284671532,100.0,13.579256883186314,6.134723336006416,45.177165354330704,7.286716010907675,5.950525905726529
122,KOE,FC Cologne,ger.1_fc_kln,12749,712045,1,51.4,12.0,1.0,0.0,0.0,6.0,7.0,18.0,7.0,0.4,0.0,0.0,359.4117647058824,440.11764705882354,0.8176470588235295,0.0,0.0,0.0,59.76470588235294,27.0,0.45882352941176474,6.0,9.647058823529411,0.0,0.6588235294117647,9.588235294117647,29.58823529411765,29.58823529411765,2025-04-02 04:55:51,38.88888888888889,0.3501945525291829,0.13618677042801558,0.0,0.0,44.4141689373297,61.5819209039548,100.0,13.579256883186314,6.134723336006416,45.177165354330704,8.562600137331197,6.992446784161136
122,KOE,FC Cologne,ger.1_fc_kln,12749,712050,0,60.3,11.0,1.0,0.0,0.0,7.0,5.0,15.0,4.0,0.3,0.0,0.0,359.4117647058824,440.11764705882354,0.8176470588235295,0.0,0.0,0.0,59.76470588235294,27.0,0.45882352941176474,6.0,9.647058823529411,0.0,0.6588235294117647,9.588235294117647,29.58823529411765,29.58823529411765,2025-04-09 05:11:02,26.666666666666668,0.24875621890547264,0.06633499170812604,0.0,0.0,46.57142857142858,63.61867704280155,100.0,13.579256883186314,6.134723336006416,45.177165354330704,7.2988001170617505,5.960394107891914
122,KOE,FC Cologne,ger.1_fc_kln,12749,712067,1,53.1,15.0,6.0,0.0,0.0,5.0,6.0,14.0,5.0,0.4,1.0,1.0,359.4117647058824,440.11764705882354,0.8176470588235295,0.0,0.0,0.0,59.76470588235294,27.0,0.45882352941176474,2.0,9.647058823529411,0.0,0.6588235294117647,9.588235294117647,29.58823529411765,29.58823529411765,2025-04-15 05:12:57,35.714285714285715,0.263653483992467,0.09416195856873823,0.0,0.0,38.99521531100479,56.18556701030928,100.0,13.579256883186314,6.134723336006416,45.177165354330704,8.2884679295447,6.768583139470477
122,KOE,FC Cologne,ger.1_fc_kln,12749,712068,0,57.4,15.0,1.0,0.0,0.0,5.0,4.0,18.0,7.0,0.4,1.0,1.0,359.4117647058824,440.11764705882354,0.8176470588235295,0.0,0.0,0.0,59.76470588235294,27.0,0.45882352941176474,5.0,9.647058823529411,0.0,0.6588235294117647,9.588235294117647,29.58823529411765,29.58823529411765,2025-04-23 05:00:03,38.88888888888889,0.31358885017421606,0.12195121951219512,0.0,0.0,38.99521531100479,56.18556701030928,100.0,13.579256883186314,6.134723336006416,45.177165354330704,7.6675548268087725,6.261529001844641
122,KOE,FC Cologne,ger.1_fc_kln,12749,712080,1,47.3,15.0,2.0,1.0,0.0,5.0,4.0,10.0,1.0,0.1,0.0,0.0,359.4117647058824,440.11764705882354,0.8176470588235295,0.0,0.0,0.0,59.76470588235294,27.0,0.45882352941176474,4.0,9.647058823529411,0.0,0.6588235294117647,9.588235294117647,29.58823529411765,29.58823529411765,2025-05-02 04:51:39,10.0,0.21141649048625794,0.021141649048625793,0.0,0.0,38.99521531100479,56.18556701030928,100.0,13.579256883186314,6.134723336006416,45.177165354330704,9.304812834224599,7.598557393359036
122,KOE,FC Cologne,ger.1_fc_kln,12749,712094,0,67.3,9.0,0.0,0.0,0.0,8.0,3.0,22.0,5.0,0.2,0.0,0.0,359.4117647058824,440.11764705882354,0.8176470588235295,0.0,0.0,0.0,59.76470588235294,27.0,0.45882352941176474,7.0,9.647058823529411,0.0,0.6588235294117647,9.588235294117647,29.58823529411765,29.58823529411765,2025-05-07 04:53:55,22.727272727272727,0.32689450222882616,0.07429420505200594,0.0,0.0,51.582278481012665,68.125,100.0,13.579256883186314,6.134723336006416,45.177165354330704,6.539638143518924,5.340442269032428
122,KOE,FC Cologne,ger.1_fc_kln,12749,712101,1,51.6,7.0,1.0,0.0,0.0,8.0,0.0,23.0,4.0,0.2,0.0,0.0,359.4117647058824,440.11764705882354,0.8176470588235295,0.0,0.0,0.0,59.76470588235294,27.0,0.45882352941176474,7.0,9.647058823529411,0.0,0.6588235294117647,9.588235294117647,29.58823529411765,29.58823529411765,2025-05-12 04:49:54,17.391304347826086,0.44573643410852715,0.07751937984496124,0.0,0.0,57.801418439716315,73.31838565022422,100.0,13.579256883186314,6.134723336006416,45.177165354330704,8.529411764705882,6.965344277245782
122,KOE,FC Cologne,ger.1_fc_kln,12749,712110,0,41.0,10.0,0.0,0.0,0.0,6.0,5.0,22.0,11.0,0.5,0.0,1.0,359.4117647058824,440.11764705882354,0.8176470588235295,0.0,0.0,0.0,59.76470588235294,27.0,0.45882352941176474,4.0,9.647058823529411,0.0,0.6588235294117647,9.588235294117647,29.58823529411765,29.58823529411765,2025-06-11 04:56:59,50.0,0.5365853658536586,0.2682926829268293,0.0,0.0,48.94894894894895,65.79476861167002,100.0,13.579256883186314,6.134723336006416,45.177165354330704,10.734576757532281,8.766140602582498
393,NFO,Nottingham Forest,eng.nottm_forest,12732,718809,0,41.7,13.0,5.0,0.0,0.0,3.0,6.0,12.0,3.0,0.3,0.0,0.0,290.0,354.0,0.8,6.0,25.0,0.2,39.0,13.0,0.3,5.0,11.0,17.0,0.6,8.0,12.0,12.0,2024-09-01 04:20:04,25.0,0.28776978417266186,0.07194244604316546,0.0007199999999999999,24.0,38.095238095238095,59.375,100.0,11.016949152542372,3.672316384180791,33.33333333333333,8.489208633093524,6.954436450839328
379,BUR,Burnley,eng.burnley,12732,718814,1,49.8,11.0,1.0,0.0,0.0,0.0,4.0,3.0,0.0,0.0,0.0,0.0,431.0,499.0,0.9,2.0,14.0,0.1,48.0,20.0,0.4,2.0,8.0,15.0,0.5,6.0,12.0,12.0,2024-08-31 04:22:06,0.0,0.06024096385542169,0.0,0.0,14.285714285714285,35.294117647058826,56.00000000000001,100.0,9.619238476953909,4.008016032064128,41.66666666666667,10.02008032128514,8.654618473895583
301,LTN,Luton Town,eng.luton,12732,718815,1,49.6,14.0,2.0,0.0,4.0,12.0,6.0,21.0,7.0,0.3,0.0,0.0,362.0,424.0,0.9,7.0,29.0,0.2,58.0,31.0,0.5,8.0,6.0,11.0,0.5,8.0,12.0,12.0,2024-08-30 04:22:23,33.33333333333333,0.42338709677419356,0.1411290322580645,0.0007241379310344828,24.137931034482758,36.36363636363637,50.0,100.0,13.679245283018867,7.311320754716981,53.44827586206896,8.548387096774194,7.298387096774193
398,SHU,Sheffield United,eng.sheff_utd,12732,718817,1,65.0,6.0,1.0,0.0,0.0,7.0,1.0,18.0,4.0,0.2,0.0,0.0,472.0,564.0,0.8,0.0,13.0,0.0,60.0,23.0,0.4,6.0,5.0,9.0,0.6,7.0,22.0,22.0,2024-08-30 04:22:16,22.22222222222222,0.27692307692307694,0.06153846153846154,0.0,0.0,53.84615384615385,66.66666666666666,100.0,10.638297872340425,4.078014184397164,38.333333333333336,8.676923076923076,7.2615384615384615
122,KOE,FC Cologne,ger.1_fc_kln,12611,720724,0,41.3,15.0,3.0,0.0,5.0,3.0,3.0,12.0,6.0,0.5,0.0,0.0,289.0,373.0,0.8,4.0,14.0,0.3,60.0,26.0,0.4,4.0,11.0,25.0,0.4,10.0,28.0,28.0,2024-10-31 05:20:32,50.0,0.2905569007263923,0.14527845036319614,0.0014285714285714286,28.57142857142857,40.0,58.333333333333336,100.0,16.0857908847185,6.970509383378016,43.333333333333336,9.031476997578693,6.997578692493947
3842,CAD,Cádiz,esp.cadiz,12922,722240,1,54.5,13.0,2.0,0.0,5.0,9.0,4.0,19.0,6.0,0.3,0.0,0.0,300.0,356.0,0.8,6.0,27.0,0.2,41.0,20.0,0.5,5.0,3.0,4.0,0.8,7.0,10.0,10.0,2024-10-31 05:20:32,31.57894736842105,0.3486238532110092,0.11009174311926606,0.0006666666666666666,22.22222222222222,35.0,43.47826086956522,100.0,11.51685393258427,5.617977528089887,48.78048780487805,6.532110091743119,5.504587155963303
6832,ALM,Almería,esp.almeria,12922,722241,1,50.0,13.215384615384615,3.0,0.0,0.0,0.0,0.0,2.0,2.0,1.0,0.0,0.0,1.0,1.0,1.0,0.0,0.0,0.0,33.5,17.5,0.55,0.0,8.0,0.0,0.6666666666666666,8.0,15.5,15.5,2024-10-31 05:20:32,100.0,0.04,0.04,0.0,0.0,37.70848440899203,54.76566614007372,100.0,3350.0,1750.0,52.23880597014925,0.02,0.02
3747,GRA,Granada,esp.granada_cf,12922,722269,1,100.0,13.573770491803279,1.0,0.0,0.0,0.0,0.0,1.0,1.0,1.0,0.0,0.0,1.0,1.0,1.0,0.0,0.0,0.0,97.0,39.5,0.4,0.0,14.5,0.0,0.6,6.0,27.0,27.0,2024-10-31 05:20:32,100.0,0.01,0.01,0.0,0.0,30.65326633165829,60.163579504450325,100.0,9700.0,3950.0,40.72164948453608,0.01,0.01
122,KOE,FC Cologne,ger.1_fc_kln,12610,723152,0,60.7,13.0,4.0,0.0,1.0,11.0,2.0,28.0,4.0,0.1,1.0,1.0,605.0,700.0,0.9,13.0,48.0,0.3,68.0,39.0,0.6,10.0,15.0,16.0,0.9,16.0,21.0,21.0,2024-12-05 05:59:35,14.285714285714285,0.4612850082372323,0.06589785831960461,0.0002708333333333333,27.083333333333332,55.172413793103445,70.45454545454545,100.0,9.714285714285714,5.571428571428571,57.35294117647059,11.532125205930807,9.967051070840197
3842,CAD,Cádiz,esp.cadiz,12921,723889,0,55.3,3.0,2.0,1.0,0.0,2.0,0.0,2.0,1.0,0.5,0.0,0.0,65.0,76.0,0.9,0.0,2.0,0.0,11.0,7.0,0.6,0.0,3.0,6.0,0.5,3.0,1.0,1.0,2024-12-05 05:59:35,50.0,0.03616636528028933,0.018083182640144666,0.0,0.0,50.0,66.66666666666666,100.0,14.473684210526317,9.210526315789473,63.63636363636363,1.3743218806509947,1.1754068716094033
3747,GRA,Granada,esp.granada_cf,12921,723902,1,58.5,21.0,5.0,0.0,1.0,5.0,5.0,11.0,4.0,0.4,0.0,0.0,583.0,694.0,0.8,7.0,25.0,0.3,90.0,38.0,0.4,0.0,14.0,19.0,0.7,6.0,16.0,16.0,2024-12-04 06:02:00,36.36363636363637,0.18803418803418803,0.06837606837606838,0.0011200000000000001,28.000000000000004,22.22222222222222,48.78048780487805,100.0,12.968299711815561,5.475504322766571,42.22222222222222,11.863247863247864,9.965811965811966
6832,ALM,Almería,esp.almeria,12921,723909,1,58.6,5.0,2.0,0.0,0.0,1.0,1.0,3.0,2.0,0.7,0.0,0.0,96.0,110.0,0.9,0.0,2.0,0.0,9.0,6.0,0.7,1.0,8.0,2.0,0.6666666666666666,1.0,3.0,3.0,2024-12-05 05:59:35,66.66666666666666,0.051194539249146756,0.034129692832764506,0.0,0.0,16.666666666666664,64.28571428571429,100.0,8.181818181818182,5.454545454545454,66.66666666666666,1.8771331058020477,1.6382252559726962
393,NFO,Nottingham Forest,eng.nottm_forest,12986,724003,0,45.1,11.0,0.0,0.0,2.0,8.0,6.0,11.0,3.0,0.3,0.0,0.0,333.0,420.0,0.8,1.0,13.0,0.1,55.0,24.0,0.4,3.0,8.0,17.0,0.5,9.0,19.0,19.0,2025-01-12 05:35:25,27.27272727272727,0.24390243902439024,0.06651884700665188,0.0002307692307692308,7.6923076923076925,45.0,60.71428571428571,100.0,13.095238095238097,5.714285714285714,43.63636363636363,9.312638580931264,7.383592017738359
301,LTN,Luton Town,eng.luton,12986,724003,1,54.9,6.0,0.0,0.0,0.0,5.0,1.0,8.0,6.0,0.8,0.0,0.0,427.0,512.0,0.8,4.0,16.0,0.3,51.0,28.0,0.5,0.0,9.0,13.0,0.7,7.0,27.0,27.0,2025-01-12 05:35:25,75.0,0.14571948998178508,0.1092896174863388,0.002,25.0,53.84615384615385,72.72727272727273,100.0,9.9609375,5.46875,54.90196078431373,9.326047358834245,7.777777777777778
379,BUR,Burnley,eng.burnley,12986,724005,1,59.0,8.0,1.0,0.0,4.0,8.0,2.0,20.0,7.0,0.4,0.0,0.0,381.46875,460.90625,0.8140624999999999,8.0,8.0,1.0,1.0,1.0,1.0,3.0,9.28125,0.0,0.5890625,7.90625,25.03125,25.03125,2025-01-12 05:35:25,35.0,0.3389830508474576,0.11864406779661017,0.004,100.0,49.70530451866404,68.23821339950372,100.0,0.21696386195674283,0.21696386195674283,100.0,7.811970338983051,6.465572033898305
398,SHU,Sheffield United,eng.sheff_utd,12986,724006,0,60.8,10.0,0.0,0.0,2.0,5.0,3.0,16.0,7.0,0.4,0.0,0.0,412.0,480.0,0.9,1.0,19.0,0.1,48.0,25.0,0.5,5.0,10.0,15.0,0.7,12.0,13.0,13.0,2025-01-12 05:35:25,43.75,0.2631578947368421,0.11513157894736843,0.00021052631578947367,5.263157894736842,54.54545454545454,68.75,100.0,10.0,5.208333333333334,52.083333333333336,7.894736842105264,6.776315789473685
3171,CLE,Clermont Foot,fra.clermont_foot,13016,724045,1,49.0,9.0,1.0,1.0,3.0,4.0,3.0,16.0,7.0,0.4,0.0,0.0,346.0,412.0,0.8,7.0,22.0,0.3,47.0,22.0,0.5,3.0,11.0,13.0,0.8,18.0,32.0,32.0,2024-12-23 05:53:33,43.75,0.32653061224489793,0.14285714285714285,0.0012727272727272728,31.818181818181817,66.66666666666666,76.31578947368422,100.0,11.407766990291263,5.339805825242718,46.808510638297875,8.408163265306122,7.061224489795919
3747,GRA,Granada,esp.granada_cf,12920,724689,0,54.1,18.0,5.0,0.0,3.0,11.0,3.0,11.0,3.0,0.3,0.0,0.0,399.0,539.0,0.7,5.0,47.0,0.1,104.0,41.0,0.4,1.0,15.0,28.0,0.5,6.0,38.0,38.0,2025-01-04 05:44:27,27.27272727272727,0.2033271719038817,0.05545286506469501,0.00031914893617021275,10.638297872340425,25.0,53.84615384615385,100.0,19.29499072356215,7.606679035250464,39.42307692307692,9.963031423290204,7.375231053604436
6832,ALM,Almería,esp.almeria,12920,724694,0,48.1,10.0,3.0,0.0,1.0,2.0,2.0,14.0,6.0,0.4,1.0,1.0,335.0,414.0,0.8,1.0,11.0,0.1,46.0,16.0,0.3,4.0,11.0,14.0,0.8,12.0,30.0,30.0,2025-01-05 05:43:24,42.857142857142854,0.2910602910602911,0.12474012474012473,0.00036363636363636367,9.090909090909092,54.54545454545454,69.6969696969697,100.0,11.11111111111111,3.864734299516908,34.78260869565217,8.607068607068607,6.964656964656965
122,KOE,FC Cologne,ger.1_fc_kln,12609,725026,1,21.4,17.0,3.0,0.0,4.0,1.0,4.0,5.0,4.0,0.8,0.0,0.0,204.0,290.0,0.7,1.0,7.0,0.1,61.0,19.0,0.3,0.0,15.0,23.0,0.7,17.0,40.0,40.0,2025-02-06 05:44:20,80.0,0.23364485981308414,0.1869158878504673,0.0011428571428571427,14.285714285714285,50.0,65.3061224489796,100.0,21.03448275862069,6.551724137931035,31.147540983606557,13.55140186915888,9.532710280373832
6832,ALM,Almería,esp.almeria,12919,729688,0,51.8,16.0,1.0,0.0,2.0,4.0,1.0,13.0,6.0,0.5,0.0,0.0,432.0,497.0,0.9,3.0,14.0,0.2,31.0,18.0,0.6,3.0,7.0,10.0,0.7,13.0,25.0,25.0,2025-01-16 05:38:59,46.15384615384615,0.25096525096525096,0.11583011583011583,0.0010714285714285713,21.428571428571427,44.827586206896555,55.55555555555556,100.0,6.237424547283702,3.6217303822937628,58.06451612903226,9.594594594594595,8.33976833976834
379,BUR,Burnley,eng.burnley,12985,730039,1,41.8,15.0,1.0,0.0,2.0,0.0,2.0,6.0,5.0,0.8,0.0,0.0,345.0,409.0,0.8,0.0,3.0,0.0,48.0,17.0,0.4,1.0,14.0,23.0,0.6,8.0,30.0,30.0,2025-02-13 05:50:42,83.33333333333334,0.14354066985645933,0.11961722488038279,0.0,0.0,34.78260869565217,59.45945945945946,100.0,11.7359413202934,4.156479217603912,35.41666666666667,9.784688995215312,8.253588516746412
393,NFO,Nottingham Forest,eng.nottm_forest,12985,730042,1,77.2,23.0,1.0,0.0,1.0,10.0,5.0,31.0,12.0,0.4,0.0,0.0,663.0,788.0,0.8,4.0,38.0,0.1,70.0,44.0,0.6,7.0,8.0,12.0,0.7,9.0,36.0,36.0,2025-02-12 05:47:15,38.70967741935484,0.4015544041450777,0.15544041450777202,0.00042105263157894734,10.526315789473683,28.125,42.5,100.0,8.883248730964468,5.583756345177665,62.857142857142854,10.207253886010362,8.588082901554404
393,NFO,Nottingham Forest,eng.nottm_forest,12984,732566,0,53.8,13.0,3.0,0.0,4.0,11.0,3.0,22.0,4.0,0.2,0.0,0.0,466.0,567.0,0.8,9.0,42.0,0.2,52.0,19.0,0.4,6.0,14.0,20.0,0.7,3.0,23.0,23.0,2025-03-04 05:51:04,18.181818181818183,0.4089219330855019,0.07434944237918216,0.00042857142857142855,21.428571428571427,18.75,56.666666666666664,100.0,9.171075837742503,3.3509700176366843,36.53846153846153,10.53903345724907,8.661710037174721
379,BUR,Burnley,eng.burnley,12984,732569,1,56.0,17.0,1.0,0.0,1.0,5.0,1.0,10.0,2.0,0.2,0.0,0.0,287.0,372.0,0.8,1.0,11.0,0.1,54.0,12.0,0.2,5.0,9.0,10.0,0.9,4.0,33.0,33.0,2025-03-02 05:50:45,20.0,0.17857142857142858,0.03571428571428571,0.00018181818181818183,9.090909090909092,19.047619047619047,43.333333333333336,100.0,14.516129032258066,3.225806451612903,22.22222222222222,6.642857142857143,5.125
393,NFO,Nottingham Forest,eng.nottm_forest,12983,733960,1,47.3,10.0,4.0,0.0,3.0,7.0,2.0,13.0,5.0,0.4,0.0,0.0,374.0,504.0,0.7,4.0,22.0,0.2,89.0,25.0,0.3,6.0,11.0,22.0,0.5,8.0,22.0,22.0,2025-03-30 04:53:40,38.46153846153847,0.2748414376321353,0.10570824524312897,0.0007272727272727273,18.181818181818183,44.44444444444444,65.51724137931035,100.0,17.658730158730158,4.9603174603174605,28.08988764044944,10.6553911205074,7.906976744186047
393,NFO,Nottingham Forest,eng.nottm_forest,12982,735089,0,33.0,10.0,2.0,0.0,4.0,2.0,4.0,8.0,1.0,0.1,0.0,0.0,244.0,303.0,0.8,5.0,16.0,0.3,48.0,15.0,0.3,2.0,12.0,23.0,0.5,3.0,32.0,32.0,2025-05-05 05:00:05,12.5,0.24242424242424243,0.030303030303030304,0.0003125,31.25,23.076923076923077,60.0,100.0,15.841584158415841,4.9504950495049505,31.25,9.181818181818182,7.393939393939394
398,SHU,Sheffield United,eng.sheff_utd,12712,735621,1,51.1,8.0,1.0,0.0,3.0,5.0,1.0,16.0,6.0,0.4,1.0,1.0,420.0,480.0,0.9,7.0,12.0,0.6,43.0,18.0,0.4,4.0,2.0,6.0,0.3,6.0,27.0,27.0,2025-05-09 04:54:15,37.5,0.3131115459882583,0.11741682974559686,0.0023333333333333335,58.333333333333336,42.857142857142854,50.0,100.0,8.958333333333334,3.75,41.86046511627907,9.393346379647749,8.21917808219178
398,SHU,Sheffield United,eng.sheff_utd,12712,735623,0,43.5,9.0,0.0,0.0,3.0,5.0,6.0,17.0,3.0,0.2,0.0,0.0,359.0,420.0,0.9,6.0,14.0,0.4,52.0,28.0,0.5,8.0,15.0,23.0,0.7,8.0,16.0,16.0,2025-05-14 04:51:09,17.647058823529413,0.39080459770114945,0.06896551724137931,0.0008571428571428571,42.857142857142854,47.05882352941176,71.875,100.0,12.380952380952381,6.666666666666667,53.84615384615385,9.655172413793103,8.25287356321839
398,SHU,Sheffield United,eng.sheff_utd,12711,735775,0,42.7,9.0,2.0,0.0,4.0,1.0,1.0,7.0,4.0,0.6,0.0,0.0,259.0,353.0,0.7,2.0,10.0,0.2,59.0,15.0,0.3,3.0,13.0,20.0,0.7,8.0,32.0,32.0,2025-05-25 04:51:56,57.14285714285714,0.16393442622950818,0.09367681498829039,0.0012,20.0,47.05882352941176,70.0,100.0,16.71388101983003,4.2492917847025495,25.423728813559322,8.266978922716627,6.0655737704918025
6832,ALM,Almería,esp.almeria,12721,736458,0,53.5,14.0,2.0,0.0,0.0,6.0,2.0,11.0,3.0,0.3,0.0,0.0,225.4,270.0,0.8800000000000001,0.0,0.0,0.0,33.5,17.5,0.55,2.0,8.0,0.0,0.6666666666666666,8.0,15.5,15.5,2025-06-09 05:17:28,27.27272727272727,0.205607476635514,0.056074766355140186,0.0,0.0,36.36363636363637,53.333333333333336,100.0,12.407407407407407,6.481481481481481,52.23880597014925,5.046728971962617,4.213084112149533
6832,ALM,Almería,esp.almeria,12721,736460,1,60.4,9.0,2.0,0.0,0.0,5.0,4.0,15.0,6.0,0.4,1.0,1.0,225.4,270.0,0.8800000000000001,0.0,0.0,0.0,33.5,17.5,0.55,4.0,8.0,0.0,0.6666666666666666,8.0,15.5,15.5,2025-06-13 05:07:39,40.0,0.24834437086092717,0.09933774834437087,0.0,0.0,47.05882352941176,64.0,100.0,12.407407407407407,6.481481481481481,52.23880597014925,4.470198675496689,3.7317880794701987
121,BOC,VfL Bochum,ger.vfl_bochum,13476,739930,1,69.1,20.0,3.0,0.0,2.0,10.0,4.0,28.0,10.0,0.4,0.0,1.0,576.0,681.0,0.8,7.0,30.0,0.2,82.0,50.0,0.6,5.0,10.0,14.0,0.7,8.0,13.0,13.0,2025-08-17 04:56:32,35.714285714285715,0.4052098408104197,0.14471780028943562,0.0009333333333333333,23.333333333333332,28.57142857142857,47.368421052631575,100.0,12.041116005873716,7.342143906020558,60.97560975609756,9.855282199710565,8.335745296671492
393,NFO,Nottingham Forest,eng.nottm_forest,13481,740599,0,54.4,7.0,1.0,0.0,2.0,5.0,2.0,11.0,5.0,0.5,0.0,0.0,343.0,417.0,0.8,5.0,24.0,0.2,54.0,18.0,0.3,2.0,7.0,12.0,0.6,9.0,24.0,24.0,2025-08-20 04:54:34,45.45454545454545,0.20220588235294118,0.09191176470588236,0.0010416666666666667,20.833333333333336,56.25,69.56521739130434,100.0,12.949640287769784,4.316546762589928,33.33333333333333,7.665441176470589,6.30514705882353
379,BUR,Burnley,eng.burnley,13481,740601,1,32.7,8.0,0.0,0.0,4.0,5.0,3.0,14.0,4.0,0.3,0.0,0.0,181.0,246.0,0.7,3.0,14.0,0.2,45.0,18.0,0.4,3.0,2.0,6.0,0.3,7.0,25.0,25.0,2025-08-17 04:56:32,28.57142857142857,0.4281345565749235,0.12232415902140671,0.0006428571428571428,21.428571428571427,46.666666666666664,52.94117647058824,100.0,18.29268292682927,7.317073170731707,40.0,7.522935779816513,5.535168195718654
379,BUR,Burnley,eng.burnley,13481,740609,0,41.9,9.0,0.0,0.0,0.0,4.0,1.0,7.0,2.0,0.3,0.0,0.0,356.0,442.0,0.8,4.0,15.0,0.3,57.0,15.0,0.3,1.0,11.0,22.0,0.5,7.0,29.0,29.0,2025-08-24 04:55:50,28.57142857142857,0.16706443914081145,0.0477326968973747,0.0008,26.666666666666668,43.75,66.66666666666666,100.0,12.895927601809957,3.3936651583710407,26.31578947368421,10.54892601431981,8.496420047732697
393,NFO,Nottingham Forest,eng.nottm_forest,13481,740610,1,57.9,11.0,3.0,0.0,2.0,3.0,3.0,9.0,1.0,0.1,0.0,0.0,442.0,514.0,0.9,3.0,26.0,0.1,56.0,31.0,0.6,1.0,7.0,12.0,0.6,10.0,15.0,15.0,2025-08-25 04:55:46,11.11111111111111,0.15544041450777202,0.017271157167530225,0.0001153846153846154,11.538461538461538,47.61904761904761,60.71428571428571,100.0,10.894941634241246,6.031128404669261,55.35714285714286,8.877374784110536,7.633851468048359
379,BUR,Burnley,eng.burnley,13481,740621,1,38.2,9.0,5.0,0.0,1.0,1.0,5.0,6.0,3.0,0.5,0.0,0.0,225.0,318.0,0.7,1.0,9.0,0.1,67.0,24.0,0.4,2.0,14.0,20.0,0.7,9.0,39.0,39.0,2025-09-01 05:08:47,50.0,0.15706806282722513,0.07853403141361257,0.0005555555555555556,11.11111111111111,50.0,71.875,100.0,21.069182389937108,7.547169811320755,35.82089552238806,8.324607329842932,5.890052356020942
393,NFO,Nottingham Forest,eng.nottm_forest,13481,740622,0,58.4,14.0,0.0,0.0,0.0,9.0,5.0,11.0,3.0,0.3,0.0,0.0,470.0,541.0,0.9,4.0,35.0,0.1,29.0,11.0,0.4,5.0,14.0,19.0,0.7,6.0,16.0,16.0,2025-09-02 05:08:57,27.27272727272727,0.18835616438356165,0.051369863013698634,0.0003428571428571428,11.428571428571429,30.0,58.82352941176471,100.0,5.360443622920517,2.033271719038817,37.93103448275862,9.263698630136986,8.047945205479452
393,NFO,Nottingham Forest,eng.nottm_forest,13481,740627,1,45.8,11.0,1.0,0.0,0.0,4.0,2.0,5.0,1.0,0.2,0.0,0.0,350.0,409.0,0.9,2.0,13.0,0.2,43.0,18.0,0.4,3.0,8.0,12.0,0.7,11.0,19.0,19.0,2025-09-14 05:25:12,20.0,0.1091703056768559,0.02183406113537118,0.0003076923076923077,15.384615384615385,50.0,63.33333333333333,100.0,10.513447432762836,4.400977995110025,41.86046511627907,8.930131004366812,7.641921397379913
379,BUR,Burnley,eng.burnley,13481,740633,0,19.0,9.0,0.0,1.0,3.0,1.0,3.0,3.0,0.0,0.0,0.0,0.0,80.0,168.0,0.5,0.0,3.0,0.0,62.0,15.0,0.2,0.0,11.0,16.0,0.7,17.0,48.0,48.0,2025-09-15 05:14:23,0.0,0.15789473684210525,0.0,0.0,0.0,65.38461538461539,75.67567567567568,100.0,36.904761904761905,8.928571428571429,24.193548387096776,8.842105263157896,4.2105263157894735
379,BUR,Burnley,eng.burnley,13481,740637,0,36.7,12.0,1.0,0.0,1.0,4.0,7.0,12.0,5.0,0.4,0.0,0.0,269.0,348.0,0.8,8.0,26.0,0.3,46.0,16.0,0.3,3.0,9.0,11.0,0.8,10.0,35.0,35.0,2025-09-21 05:15:32,41.66666666666667,0.32697547683923706,0.13623978201634876,0.0012307692307692308,30.76923076923077,45.45454545454545,61.29032258064516,100.0,13.218390804597702,4.597701149425287,34.78260869565217,9.482288828337873,7.329700272479563
393,NFO,Nottingham Forest,eng.nottm_forest,13481,740637,1,63.3,11.0,1.0,0.0,2.0,5.0,4.0,17.0,8.0,0.5,0.0,0.0,564.0,628.0,0.9,5.0,30.0,0.2,37.0,19.0,0.5,7.0,6.0,11.0,0.5,7.0,29.0,29.0,2025-09-21 05:15:32,47.05882352941176,0.2685624012638231,0.12638230647709323,0.0008333333333333333,16.666666666666664,38.88888888888889,54.166666666666664,100.0,5.89171974522293,3.0254777070063694,51.35135135135135,9.921011058451818,8.909952606635072
393,NFO,Nottingham Forest,eng.nottm_forest,13481,740651,0,64.6,11.0,4.0,0.0,0.0,7.0,2.0,22.0,6.0,0.3,0.0,0.0,521.0,578.0,0.9,8.0,42.0,0.2,38.0,23.0,0.6,6.0,9.0,16.0,0.6,1.0,20.0,20.0,2025-09-30 05:13:10,27.27272727272727,0.3405572755417957,0.09287925696594428,0.0005714285714285714,19.047619047619047,8.333333333333332,47.61904761904761,100.0,6.5743944636678195,3.9792387543252596,60.526315789473685,8.947368421052632,8.06501547987616
379,BUR,Burnley,eng.burnley,13481,740654,1,31.5,7.0,3.0,0.0,1.0,2.0,5.0,9.0,2.0,0.2,0.0,0.0,242.0,295.0,0.8,1.0,7.0,0.1,53.0,31.0,0.6,5.0,9.0,20.0,0.5,10.0,31.0,31.0,2025-09-28 05:14:50,22.22222222222222,0.2857142857142857,0.06349206349206349,0.0002857142857142857,14.285714285714285,58.82352941176471,73.07692307692307,100.0,17.966101694915253,10.508474576271185,58.490566037735846,9.365079365079366,7.682539682539683
379,BUR,Burnley,eng.burnley,13481,740657,1,45.0,15.0,1.0,0.0,5.0,4.0,5.0,5.0,2.0,0.4,0.0,0.0,331.0,409.0,0.8,3.0,7.0,0.4,55.0,23.0,0.4,2.0,11.0,27.0,0.4,13.0,5.0,5.0,2025-10-06 11:02:42,40.0,0.1111111111111111,0.044444444444444446,0.0017142857142857142,42.857142857142854,46.42857142857143,61.53846153846154,100.0,13.447432762836186,5.623471882640587,41.81818181818181,9.088888888888889,7.355555555555555
393,NFO,Nottingham Forest,eng.nottm_forest,13481,740664,1,48.7,15.0,4.0,0.0,2.0,1.0,7.0,5.0,4.0,0.8,0.0,0.0,372.0,452.0,0.8,3.0,14.0,0.2,51.0,20.0,0.4,0.0,8.0,13.0,0.6,9.0,38.0,38.0,2025-10-06 11:02:42,80.0,0.1026694045174538,0.08213552361396304,0.0017142857142857142,21.428571428571427,37.5,53.125,100.0,11.283185840707963,4.424778761061947,39.21568627450981,9.281314168377824,7.638603696098563
379,BUR,Burnley,eng.burnley,13481,740667,0,31.1,10.0,2.0,0.0,1.0,1.0,4.0,4.0,3.0,0.8,0.0,0.0,221.0,292.0,0.8,1.0,7.0,0.1,49.0,23.0,0.5,0.0,8.0,14.0,0.6,17.0,50.0,50.0,2025-10-19 05:19:20,75.0,0.12861736334405144,0.09646302250803858,0.0011428571428571427,14.285714285714285,62.96296296296296,71.42857142857143,100.0,16.78082191780822,7.876712328767123,46.93877551020408,9.389067524115756,7.106109324758842
393,NFO,Nottingham Forest,eng.nottm_forest,13481,740672,0,49.7,13.0,2.0,0.0,1.0,5.0,3.0,12.0,2.0,0.2,0.0,0.0,367.0,445.0,0.8,5.0,23.0,0.2,46.0,15.0,0.3,2.0,10.0,19.0,0.5,9.0,15.0,15.0,2025-10-19 05:19:20,16.666666666666664,0.2414486921529175,0.04024144869215292,0.00043478260869565214,21.73913043478261,40.909090909090914,59.375,100.0,10.337078651685392,3.3707865168539324,32.608695652173914,8.953722334004024,7.38430583501006
393,NFO,Nottingham Forest,eng.nottm_forest,13481,740678,1,47.7,7.0,1.0,0.0,0.0,4.0,3.0,8.0,4.0,0.5,0.0,0.0,318.0,409.0,0.8,3.0,13.0,0.2,69.0,30.0,0.4,2.0,10.0,19.0,0.5,9.0,18.0,18.0,2025-10-28 05:13:22,50.0,0.16771488469601675,0.08385744234800838,0.001153846153846154,23.076923076923077,56.25,73.07692307692307,100.0,16.87041564792176,7.334963325183375,43.47826086956522,8.574423480083857,6.666666666666666
379,BUR,Burnley,eng.burnley,13481,740684,1,42.9,7.0,0.0,0.0,2.0,3.0,5.0,11.0,7.0,0.6,0.0,0.0,308.0,391.0,0.8,1.0,10.0,0.1,63.0,27.0,0.4,3.0,8.0,19.0,0.4,5.0,42.0,42.0,2025-10-27 05:16:32,63.63636363636363,0.25641025641025644,0.16317016317016317,0.0006,10.0,41.66666666666667,65.0,100.0,16.11253196930946,6.905370843989769,42.857142857142854,9.114219114219114,7.17948717948718
379,BUR,Burnley,eng.burnley,13481,740687,0,46.4,10.0,2.0,0.0,0.0,1.0,5.0,3.0,0.0,0.0,0.0,0.0,348.0,427.0,0.8,1.0,13.0,0.1,57.0,27.0,0.5,0.0,9.0,14.0,0.6,7.0,28.0,28.0,2025-11-02 05:15:08,0.0,0.06465517241379311,0.0,0.0,7.6923076923076925,41.17647058823529,61.53846153846154,100.0,13.348946135831383,6.323185011709602,47.368421052631575,9.202586206896552,7.5
393,NFO,Nottingham Forest,eng.nottm_forest,13481,740692,0,41.2,10.0,1.0,0.0,2.0,8.0,4.0,17.0,3.0,0.2,0.0,0.0,263.0,350.0,0.8,5.0,25.0,0.2,62.0,23.0,0.4,6.0,10.0,17.0,0.6,11.0,17.0,17.0,2025-11-03 06:14:20,17.647058823529413,0.41262135922330095,0.07281553398058252,0.0004000000000000001,20.0,52.38095238095239,67.74193548387096,100.0,17.71428571428571,6.571428571428571,37.096774193548384,8.495145631067961,6.383495145631067
379,BUR,Burnley,eng.burnley,13481,740696,1,57.4,13.0,2.0,0.0,1.0,4.0,3.0,16.0,7.0,0.4,0.0,0.0,440.0,517.0,0.9,3.0,13.0,0.2,50.0,21.0,0.4,7.0,11.0,16.0,0.7,7.0,28.0,28.0,2025-11-09 14:08:52,43.75,0.2787456445993031,0.12195121951219512,0.0009230769230769232,23.076923076923077,35.0,58.06451612903226,100.0,9.671179883945841,4.061895551257253,42.0,9.006968641114982,7.665505226480836
393,NFO,Nottingham Forest,eng.nottm_forest,13481,740703,0,45.5,10.0,2.0,0.0,2.0,6.0,2.0,14.0,6.0,0.4,1.0,1.0,277.0,348.0,0.8,6.0,26.0,0.2,58.0,23.0,0.4,6.0,17.0,27.0,0.6,6.0,27.0,27.0,2025-11-10 06:08:36,42.857142857142854,0.3076923076923077,0.13186813186813187,0.0009230769230769232,23.076923076923077,37.5,69.6969696969697,100.0,16.666666666666664,6.609195402298851,39.6551724137931,7.648351648351649,6.087912087912088
379,BUR,Burnley,eng.burnley,13481,740707,0,44.2,13.0,2.0,0.0,0.0,1.0,3.0,8.0,2.0,0.3,0.0,0.0,329.0,418.0,0.8,1.0,7.0,0.1,61.0,21.0,0.3,3.0,7.0,16.0,0.4,12.0,28.0,28.0,2025-11-23 06:08:08,25.0,0.18099547511312217,0.04524886877828054,0.0004285714285714285,14.285714285714285,48.0,59.375,100.0,14.5933014354067,5.023923444976076,34.42622950819672,9.457013574660634,7.443438914027149
393,NFO,Nottingham Forest,eng.nottm_forest,13481,740710,1,25.5,8.0,0.0,0.0,2.0,6.0,3.0,15.0,7.0,0.5,0.0,0.0,151.0,215.0,0.7,3.0,15.0,0.2,57.0,21.0,0.4,5.0,17.0,27.0,0.6,7.0,46.0,46.0,2025-11-23 06:08:08,46.666666666666664,0.5882352941176471,0.27450980392156865,0.001,20.0,46.666666666666664,75.0,100.0,26.51162790697674,9.767441860465116,36.84210526315789,8.431372549019608,5.921568627450981
379,BUR,Burnley,eng.burnley,13481,740718,1,47.9,7.0,2.0,0.0,1.0,6.0,1.0,6.0,2.0,0.3,1.0,1.0,263.0,379.0,0.7,1.0,15.0,0.1,79.0,20.0,0.3,3.0,18.0,26.0,0.7,7.0,37.0,37.0,2025-11-30 06:14:16,33.33333333333333,0.12526096033402923,0.04175365344467641,0.0002,6.666666666666667,50.0,78.125,100.0,20.844327176781004,5.277044854881266,25.31645569620253,7.912317327766179,5.490605427974948
393,NFO,Nottingham Forest,eng.nottm_forest,13481,740723,0,51.9,11.0,0.0,0.0,1.0,9.0,3.0,19.0,3.0,0.2,0.0,0.0,409.0,492.0,0.8,8.0,33.0,0.2,59.0,29.0,0.5,10.0,14.0,22.0,0.6,7.0,19.0,19.0,2025-12-01 06:12:29,15.789473684210526,0.36608863198458574,0.057803468208092484,0.0004848484848484849,24.242424242424242,38.88888888888889,65.625,100.0,11.991869918699187,5.894308943089431,49.152542372881356,9.479768786127169,7.880539499036609
379,BUR,Burnley,eng.burnley,13481,740726,0,57.6,9.0,0.0,0.0,0.0,3.0,2.0,11.0,4.0,0.4,0.0,0.0,474.0,567.0,0.8,5.0,19.0,0.3,61.0,23.0,0.4,6.0,7.0,13.0,0.5,16.0,42.0,42.0,2025-12-05 06:06:44,36.36363636363637,0.1909722222222222,0.06944444444444445,0.0010526315789473684,26.31578947368421,64.0,71.875,100.0,10.758377425044092,4.056437389770723,37.704918032786885,9.84375,8.229166666666666
393,NFO,Nottingham Forest,eng.nottm_forest,13481,740728,1,50.2,11.0,2.0,0.0,2.0,9.0,1.0,10.0,3.0,0.3,0.0,0.0,334.0,416.0,0.8,8.0,21.0,0.4,66.0,28.0,0.4,4.0,7.0,17.0,0.4,5.0,19.0,19.0,2025-12-04 06:07:20,30.0,0.199203187250996,0.0597609561752988,0.0011428571428571427,38.095238095238095,31.25,52.17391304347826,100.0,15.865384615384615,6.730769230769231,42.42424242424242,8.286852589641434,6.653386454183266
393,NFO,Nottingham Forest,eng.nottm_forest,13481,740739,1,58.7,15.0,3.0,0.0,1.0,3.0,3.0,7.0,3.0,0.4,0.0,0.0,357.0,441.0,0.8,3.0,18.0,0.2,50.0,14.0,0.3,2.0,15.0,24.0,0.6,6.0,35.0,35.0,2025-12-08 06:10:06,42.857142857142854,0.11925042589437819,0.05110732538330494,0.0006666666666666666,16.666666666666664,28.57142857142857,58.333333333333336,100.0,11.337868480725625,3.1746031746031744,28.000000000000004,7.512776831345826,6.081771720613288
379,BUR,Burnley,eng.burnley,13481,740741,1,30.5,11.0,2.0,1.0,2.0,9.0,6.0,9.0,3.0,0.3,1.0,1.0,188.0,259.0,0.7,6.0,20.0,0.3,58.0,18.0,0.3,3.0,8.0,15.0,0.5,7.0,28.0,28.0,2025-12-08 06:10:06,33.33333333333333,0.29508196721311475,0.09836065573770492,0.0009,30.0,38.88888888888889,57.692307692307686,100.0,22.393822393822393,6.94980694980695,31.03448275862069,8.491803278688524,6.163934426229508
398,SHU,Sheffield United,eng.sheff_utd,13531,744610,0,73.8,10.0,0.0,0.0,2.0,14.0,1.0,20.0,6.0,0.3,0.0,0.0,505.0,587.0,0.9,5.0,29.0,0.2,45.0,18.0,0.4,8.0,13.0,14.0,0.9,5.0,12.0,12.0,2025-08-10 04:44:46,30.0,0.2710027100271003,0.08130081300813008,0.0005172413793103448,17.24137931034483,33.33333333333333,64.28571428571429,100.0,7.666098807495741,3.0664395229982966,40.0,7.953929539295394,6.842818428184282
398,SHU,Sheffield United,eng.sheff_utd,13531,744613,1,44.3,14.0,3.0,0.0,0.0,8.0,3.0,8.0,0.0,0.0,0.0,0.0,238.0,313.0,0.8,3.0,19.0,0.2,53.0,17.0,0.3,6.0,12.0,16.0,0.8,8.0,26.0,26.0,2025-08-17 21:40:44,0.0,0.18058690744920994,0.0,0.0,15.789473684210526,36.36363636363637,58.82352941176471,100.0,16.93290734824281,5.431309904153355,32.075471698113205,7.065462753950339,5.3724604966139955
398,SHU,Sheffield United,eng.sheff_utd,13531,744630,0,61.5,11.0,5.0,0.0,0.0,8.0,5.0,14.0,4.0,0.3,0.0,0.0,391.0,484.0,0.8,6.0,16.0,0.4,65.0,28.0,0.4,3.0,5.0,12.0,0.4,2.0,41.0,41.0,2025-08-26 22:53:24,28.57142857142857,0.22764227642276422,0.06504065040650407,0.001125,37.5,15.384615384615385,38.88888888888889,100.0,13.429752066115702,5.785123966942149,43.07692307692308,7.869918699186992,6.357723577235772
398,SHU,Sheffield United,eng.sheff_utd,13531,744643,1,52.6,13.0,3.0,0.0,1.0,9.0,5.0,8.0,0.0,0.0,0.0,0.0,437.0,504.0,0.9,2.0,16.0,0.1,50.0,17.0,0.3,4.0,5.0,10.0,0.5,10.0,23.0,23.0,2025-09-01 05:08:47,0.0,0.1520912547528517,0.0,0.0,12.5,43.47826086956522,53.57142857142857,100.0,9.920634920634921,3.373015873015873,34.0,9.581749049429657,8.307984790874524
398,SHU,Sheffield United,eng.sheff_utd,13531,744654,1,52.9,15.0,2.0,0.0,0.0,5.0,6.0,10.0,2.0,0.2,0.0,0.0,326.0,426.0,0.8,3.0,26.0,0.1,59.0,12.0,0.2,2.0,7.0,15.0,0.5,9.0,18.0,18.0,2025-09-14 05:25:12,20.0,0.1890359168241966,0.03780718336483932,0.0002307692307692308,11.538461538461538,37.5,51.61290322580645,100.0,13.849765258215962,2.8169014084507045,20.33898305084746,8.052930056710775,6.162570888468809
398,SHU,Sheffield United,eng.sheff_utd,13531,744670,0,63.0,14.0,1.0,0.0,1.0,6.0,3.0,13.0,1.0,0.1,0.0,0.0,342.0,436.0,0.8,4.0,28.0,0.1,63.0,19.0,0.3,7.0,9.0,12.0,0.8,8.0,40.0,40.0,2025-09-21 05:15:32,7.6923076923076925,0.20634920634920634,0.015873015873015872,0.00014285714285714284,14.285714285714285,36.36363636363637,54.83870967741935,100.0,14.449541284403669,4.3577981651376145,30.158730158730158,6.920634920634921,5.428571428571429
398,SHU,Sheffield United,eng.sheff_utd,13531,744682,1,43.9,13.0,1.0,0.0,1.0,5.0,3.0,6.0,2.0,0.3,0.0,0.0,232.0,352.0,0.7,4.0,17.0,0.2,71.0,12.0,0.2,1.0,12.0,19.0,0.6,7.0,55.0,55.0,2025-09-28 05:14:50,33.33333333333333,0.1366742596810934,0.04555808656036447,0.0007058823529411764,23.52941176470588,35.0,59.375,100.0,20.170454545454543,3.4090909090909087,16.901408450704224,8.018223234624147,5.284738041002278
398,SHU,Sheffield United,eng.sheff_utd,13531,744691,0,48.2,14.0,3.0,0.0,3.0,4.0,3.0,8.0,3.0,0.4,0.0,0.0,346.0,430.0,0.8,2.0,17.0,0.1,66.0,31.0,0.5,3.0,7.0,14.0,0.5,5.0,20.0,20.0,2025-10-03 05:13:17,37.5,0.16597510373443983,0.06224066390041493,0.00047058823529411766,11.76470588235294,26.31578947368421,46.15384615384615,100.0,15.348837209302326,7.209302325581396,46.96969696969697,8.921161825726141,7.178423236514522
398,SHU,Sheffield United,eng.sheff_utd,13531,744702,1,61.6,13.0,2.0,0.0,2.0,9.0,1.0,13.0,4.0,0.3,0.0,1.0,399.0,486.0,0.8,4.0,32.0,0.1,59.0,22.0,0.4,5.0,9.0,14.0,0.6,9.0,22.0,22.0,2025-10-05 05:19:58,30.76923076923077,0.21103896103896103,0.06493506493506493,0.000375,12.5,40.909090909090914,58.06451612903226,100.0,12.139917695473251,4.526748971193416,37.28813559322034,7.8896103896103895,6.4772727272727275
398,SHU,Sheffield United,eng.sheff_utd,13531,744711,0,40.1,5.0,0.0,0.0,3.0,7.0,1.0,18.0,6.0,0.3,0.0,0.0,264.0,346.0,0.8,9.0,22.0,0.4,49.0,18.0,0.4,4.0,9.0,18.0,0.5,5.0,27.0,27.0,2025-10-19 05:19:20,33.33333333333333,0.44887780548628425,0.14962593516209477,0.0012272727272727272,40.909090909090914,50.0,73.68421052631578,100.0,14.16184971098266,5.202312138728324,36.734693877551024,8.628428927680797,6.583541147132169
398,SHU,Sheffield United,eng.sheff_utd,13531,744721,1,48.8,10.0,1.0,0.0,2.0,5.0,2.0,11.0,5.0,0.5,0.0,0.0,238.0,339.0,0.7,5.0,15.0,0.3,62.0,22.0,0.4,5.0,9.0,11.0,0.8,6.0,41.0,41.0,2025-10-23 05:15:25,45.45454545454545,0.22540983606557377,0.10245901639344263,0.0016666666666666666,33.33333333333333,37.5,60.0,100.0,18.289085545722713,6.489675516224189,35.483870967741936,6.94672131147541,4.8770491803278695
398,SHU,Sheffield United,eng.sheff_utd,13531,744736,1,54.2,11.0,1.0,0.0,3.0,4.0,1.0,11.0,3.0,0.3,0.0,0.0,305.0,414.0,0.7,3.0,15.0,0.2,56.0,15.0,0.3,2.0,11.0,17.0,0.6,8.0,31.0,31.0,2025-10-26 05:20:30,27.27272727272727,0.2029520295202952,0.055350553505535055,0.0006,20.0,42.10526315789473,63.33333333333333,100.0,13.526570048309178,3.6231884057971016,26.785714285714285,7.638376383763838,5.627306273062731
398,SHU,Sheffield United,eng.sheff_utd,13531,744751,0,62.3,10.0,2.0,0.0,2.0,9.0,1.0,15.0,5.0,0.3,0.0,0.0,384.0,464.0,0.8,13.0,35.0,0.4,52.0,18.0,0.3,7.0,10.0,18.0,0.6,3.0,29.0,29.0,2025-11-02 05:15:08,33.33333333333333,0.24077046548956663,0.08025682182985554,0.0011142857142857144,37.142857142857146,23.076923076923077,56.52173913043478,100.0,11.206896551724139,3.8793103448275863,34.61538461538461,7.4478330658105945,6.163723916532906
398,SHU,Sheffield United,eng.sheff_utd,13531,744760,1,42.3,14.0,2.0,0.0,3.0,13.0,5.0,11.0,4.0,0.4,0.0,0.0,171.0,255.0,0.7,4.0,34.0,0.1,54.0,24.0,0.4,6.0,10.0,14.0,0.7,6.0,52.0,52.0,2025-11-06 06:13:20,36.36363636363637,0.2600472813238771,0.09456264775413713,0.00047058823529411766,11.76470588235294,30.0,53.333333333333336,100.0,21.176470588235293,9.411764705882353,44.44444444444444,6.028368794326242,4.042553191489362
398,SHU,Sheffield United,eng.sheff_utd,13531,744773,0,60.8,6.0,0.0,0.0,1.0,14.0,4.0,20.0,3.0,0.2,0.0,0.0,307.0,404.0,0.8,10.0,36.0,0.3,63.0,21.0,0.3,8.0,5.0,8.0,0.6,13.0,44.0,44.0,2025-11-09 14:08:52,15.0,0.32894736842105265,0.049342105263157895,0.0005555555555555556,27.77777777777778,68.42105263157895,75.0,100.0,15.594059405940595,5.198019801980198,33.33333333333333,6.644736842105264,5.049342105263158
398,SHU,Sheffield United,eng.sheff_utd,13531,744782,1,41.2,8.0,0.0,0.0,3.0,7.0,0.0,11.0,7.0,0.6,0.0,0.0,157.0,256.0,0.6,2.0,12.0,0.2,62.0,22.0,0.4,1.0,17.0,28.0,0.6,13.0,44.0,44.0,2025-11-23 21:44:07,63.63636363636363,0.2669902912621359,0.1699029126213592,0.001,16.666666666666664,61.904761904761905,78.94736842105263,100.0,24.21875,8.59375,35.483870967741936,6.213592233009709,3.8106796116504853
398,SHU,Sheffield United,eng.sheff_utd,13531,744794,0,64.8,7.0,0.0,0.0,5.0,7.0,2.0,16.0,6.0,0.4,1.0,1.0,383.0,467.0,0.8,3.0,19.0,0.2,56.0,22.0,0.4,6.0,6.0,10.0,0.6,6.0,21.0,21.0,2025-11-29 06:12:44,37.5,0.2469135802469136,0.0925925925925926,0.0006315789473684211,15.789473684210526,46.15384615384615,63.1578947368421,100.0,11.991434689507495,4.710920770877944,39.285714285714285,7.20679012345679,5.910493827160494
398,SHU,Sheffield United,eng.sheff_utd,13531,744814,1,30.6,9.0,1.0,0.0,1.0,9.0,1.0,13.0,3.0,0.2,0.0,0.0,165.0,246.0,0.7,6.0,18.0,0.3,62.0,18.0,0.3,5.0,9.0,14.0,0.6,11.0,26.0,26.0,2025-12-11 05:58:25,23.076923076923077,0.42483660130718953,0.09803921568627451,0.0006666666666666666,33.33333333333333,55.00000000000001,68.96551724137932,100.0,25.203252032520325,7.317073170731707,29.03225806451613,8.03921568627451,5.3921568627450975
398,SHU,Sheffield United,eng.sheff_utd,13531,744824,0,39.0,8.0,1.0,0.0,4.0,9.0,1.0,19.0,8.0,0.4,1.0,1.0,173.0,257.0,0.7,8.0,19.0,0.4,49.0,20.0,0.4,4.0,7.0,12.0,0.6,10.0,35.0,35.0,2025-12-08 06:10:06,42.10526315789473,0.48717948717948717,0.20512820512820512,0.0016842105263157893,42.10526315789473,55.55555555555556,68.0,100.0,19.06614785992218,7.782101167315175,40.816326530612244,6.589743589743589,4.435897435897436
398,SHU,Sheffield United,eng.sheff_utd,13531,744830,0,45.2,13.0,2.0,0.0,2.0,6.0,5.0,17.0,4.0,0.2,0.0,0.0,316.0,394.0,0.8,9.0,18.0,0.5,54.0,24.0,0.4,5.0,10.0,13.0,0.8,14.0,23.0,23.0,2025-12-10 06:01:41,23.52941176470588,0.37610619469026546,0.08849557522123894,0.001,50.0,51.85185185185185,64.86486486486487,100.0,13.705583756345177,6.091370558375635,44.44444444444444,8.716814159292035,6.991150442477876
301,LTN,Luton Town,eng.luton,13534,745152,0,64.5,10.0,1.0,0.0,0.0,5.0,0.0,6.0,1.0,0.2,0.0,0.0,244.47916666666666,333.375,0.7229166666666668,0.0,0.0,0.0,62.8125,23.4375,0.3729166666666666,3.0,9.770833333333334,0.0,0.6020833333333333,7.666666666666667,27.1875,27.1875,2025-08-03 04:40:32,16.666666666666664,0.09302325581395349,0.015503875968992248,0.0,0.0,43.39622641509434,63.55353075170843,100.0,18.84139482564679,7.03037120359955,37.3134328358209,5.1686046511627906,3.7903746770025837
301,LTN,Luton Town,eng.luton,13534,745167,1,51.3,12.0,2.0,0.0,0.0,6.0,2.0,8.0,3.0,0.4,0.0,0.0,244.47916666666666,333.375,0.7229166666666668,0.0,0.0,0.0,62.8125,23.4375,0.3729166666666666,1.0,9.770833333333334,0.0,0.6020833333333333,7.666666666666667,27.1875,27.1875,2025-08-10 04:44:46,37.5,0.15594541910331386,0.058479532163742694,0.0,0.0,38.983050847457626,59.23566878980891,100.0,18.84139482564679,7.03037120359955,37.3134328358209,6.498538011695906,4.765675763482781
301,LTN,Luton Town,eng.luton,13534,745182,1,61.7,15.0,2.0,0.0,0.0,9.0,5.0,9.0,3.0,0.3,0.0,0.0,244.47916666666666,333.375,0.7229166666666668,0.0,0.0,0.0,62.8125,23.4375,0.3729166666666666,2.0,9.770833333333334,0.0,0.6020833333333333,7.666666666666667,27.1875,27.1875,2025-08-19 01:43:28,33.33333333333333,0.1458670988654781,0.0486223662884927,0.0,0.0,33.82352941176471,53.75722543352601,100.0,18.84139482564679,7.03037120359955,37.3134328358209,5.403160453808752,3.9623851971907076
301,LTN,Luton Town,eng.luton,13534,745193,0,66.3,7.0,1.0,0.0,0.0,8.0,3.0,13.0,4.0,0.3,0.0,0.0,244.47916666666666,333.375,0.7229166666666668,0.0,0.0,0.0,62.8125,23.4375,0.3729166666666666,3.0,9.770833333333334,0.0,0.6020833333333333,7.666666666666667,27.1875,27.1875,2025-08-22 04:57:52,30.76923076923077,0.19607843137254902,0.06033182503770739,0.0,0.0,52.27272727272727,71.35549872122762,100.0,18.84139482564679,7.03037120359955,37.3134328358209,5.028280542986425,3.6874685771744597
301,LTN,Luton Town,eng.luton,13534,745203,0,38.1,11.0,2.0,0.0,0.0,5.0,2.0,22.0,6.0,0.3,0.0,0.0,244.47916666666666,333.375,0.7229166666666668,0.0,0.0,0.0,62.8125,23.4375,0.3729166666666666,8.0,9.770833333333334,0.0,0.6020833333333333,7.666666666666667,27.1875,27.1875,2025-08-25 23:06:33,27.27272727272727,0.5774278215223096,0.15748031496062992,0.0,0.0,41.07142857142857,61.31868131868132,100.0,18.84139482564679,7.03037120359955,37.3134328358209,8.75,6.4167760279965
301,LTN,Luton Town,eng.luton,13534,745223,1,51.8,10.0,1.0,0.0,0.0,4.0,3.0,12.0,6.0,0.5,0.0,0.0,244.47916666666666,333.375,0.7229166666666668,0.0,0.0,0.0,62.8125,23.4375,0.3729166666666666,1.0,9.770833333333334,0.0,0.6020833333333333,7.666666666666667,27.1875,27.1875,2025-09-02 05:08:57,50.0,0.23166023166023167,0.11583011583011583,0.0,0.0,43.39622641509434,63.55353075170843,100.0,18.84139482564679,7.03037120359955,37.3134328358209,6.435810810810811,4.719675032175032
301,LTN,Luton Town,eng.luton,13534,745224,1,61.2,9.0,1.0,0.0,0.0,8.0,1.0,16.0,3.0,0.2,1.0,1.0,244.47916666666666,333.375,0.7229166666666668,0.0,0.0,0.0,62.8125,23.4375,0.3729166666666666,6.0,9.770833333333334,0.0,0.6020833333333333,7.666666666666667,27.1875,27.1875,2025-10-03 05:13:17,18.75,0.26143790849673204,0.049019607843137254,0.0,0.0,46.0,65.95744680851064,100.0,18.84139482564679,7.03037120359955,37.3134328358209,5.447303921568627,3.9947576252723307
301,LTN,Luton Town,eng.luton,13534,745242,0,65.9,12.0,2.0,0.0,0.0,16.0,1.0,23.0,7.0,0.3,2.0,2.0,244.47916666666666,333.375,0.7229166666666668,0.0,0.0,0.0,62.8125,23.4375,0.3729166666666666,8.0,9.770833333333334,0.0,0.6020833333333333,7.666666666666667,27.1875,27.1875,2025-09-16 05:13:33,30.434782608695656,0.3490136570561456,0.1062215477996965,0.0,0.0,38.983050847457626,59.23566878980891,100.0,18.84139482564679,7.03037120359955,37.3134328358209,5.058801213960546,3.7098507840161856
301,LTN,Luton Town,eng.luton,13534,745253,1,57.2,14.0,5.0,0.0,0.0,7.0,3.0,13.0,2.0,0.2,0.0,0.0,244.47916666666666,333.375,0.7229166666666668,0.0,0.0,0.0,62.8125,23.4375,0.3729166666666666,6.0,9.770833333333334,0.0,0.6020833333333333,7.666666666666667,27.1875,27.1875,2025-09-23 05:11:02,15.384615384615385,0.22727272727272727,0.03496503496503496,0.0,0.0,35.38461538461539,55.46719681908549,100.0,18.84139482564679,7.03037120359955,37.3134328358209,5.828234265734266,4.274111305361305
301,LTN,Luton Town,eng.luton,13534,745265,0,50.1,14.0,2.0,0.0,0.0,6.0,1.0,8.0,3.0,0.4,0.0,1.0,244.47916666666666,333.375,0.7229166666666668,0.0,0.0,0.0,62.8125,23.4375,0.3729166666666666,2.0,9.770833333333334,0.0,0.6020833333333333,7.666666666666667,27.1875,27.1875,2025-09-30 05:13:10,37.5,0.1596806387225549,0.059880239520958084,0.0,0.0,35.38461538461539,55.46719681908549,100.0,18.84139482564679,7.03037120359955,37.3134328358209,6.654191616766467,4.87982368596141
301,LTN,Luton Town,eng.luton,13534,745280,1,55.8,15.0,1.0,0.0,0.0,5.0,2.0,9.0,3.0,0.3,0.0,0.0,244.47916666666666,333.375,0.7229166666666668,0.0,0.0,0.0,62.8125,23.4375,0.3729166666666666,4.0,9.770833333333334,0.0,0.6020833333333333,7.666666666666667,27.1875,27.1875,2025-10-07 05:25:45,33.33333333333333,0.16129032258064516,0.053763440860215055,0.0,0.0,33.82352941176471,53.75722543352601,100.0,18.84139482564679,7.03037120359955,37.3134328358209,5.974462365591398,4.381347072879331
301,LTN,Luton Town,eng.luton,13534,745288,0,48.0,9.0,0.0,0.0,0.0,12.0,0.0,14.0,6.0,0.4,0.0,0.0,244.47916666666666,333.375,0.7229166666666668,0.0,0.0,0.0,62.8125,23.4375,0.3729166666666666,5.0,9.770833333333334,0.0,0.6020833333333333,7.666666666666667,27.1875,27.1875,2025-11-28 06:12:55,42.857142857142854,0.2916666666666667,0.125,0.0,0.0,46.0,65.95744680851064,100.0,18.84139482564679,7.03037120359955,37.3134328358209,6.9453125,5.093315972222222
301,LTN,Luton Town,eng.luton,13534,745303,0,66.6,12.0,0.0,0.0,0.0,5.0,1.0,15.0,3.0,0.2,0.0,1.0,244.47916666666666,333.375,0.7229166666666668,0.0,0.0,0.0,62.8125,23.4375,0.3729166666666666,5.0,9.770833333333334,0.0,0.6020833333333333,7.666666666666667,27.1875,27.1875,2025-10-21 05:14:31,20.0,0.22522522522522526,0.04504504504504505,0.0,0.0,38.983050847457626,59.23566878980891,100.0,18.84139482564679,7.03037120359955,37.3134328358209,5.005630630630631,3.6708583583583585
301,LTN,Luton Town,eng.luton,13534,745313,1,54.3,12.0,2.0,0.0,0.0,10.0,4.0,15.0,4.0,0.3,0.0,0.0,244.47916666666666,333.375,0.7229166666666668,0.0,0.0,0.0,62.8125,23.4375,0.3729166666666666,6.0,9.770833333333334,0.0,0.6020833333333333,7.666666666666667,27.1875,27.1875,2025-10-28 05:13:22,26.666666666666668,0.27624309392265195,0.07366482504604052,0.0,0.0,38.983050847457626,59.23566878980891,100.0,18.84139482564679,7.03037120359955,37.3134328358209,6.13950276243094,4.5023787599754455
301,LTN,Luton Town,eng.luton,13534,745320,1,47.0,9.0,4.0,0.0,0.0,3.0,4.0,8.0,6.0,0.8,0.0,0.0,244.47916666666666,333.375,0.7229166666666668,0.0,0.0,0.0,62.8125,23.4375,0.3729166666666666,1.0,9.770833333333334,0.0,0.6020833333333333,7.666666666666667,27.1875,27.1875,2025-11-11 06:10:14,75.0,0.1702127659574468,0.1276595744680851,0.0,0.0,46.0,65.95744680851064,100.0,18.84139482564679,7.03037120359955,37.3134328358209,7.093085106382978,5.20168439716312
301,LTN,Luton Town,eng.luton,13534,745336,0,69.1,8.0,1.0,0.0,0.0,3.0,1.0,12.0,3.0,0.3,0.0,0.0,244.47916666666666,333.375,0.7229166666666668,0.0,0.0,0.0,62.8125,23.4375,0.3729166666666666,4.0,9.770833333333334,0.0,0.6020833333333333,7.666666666666667,27.1875,27.1875,2025-11-18 06:07:36,25.0,0.17366136034732274,0.043415340086830685,0.0,0.0,48.93617021276596,68.55036855036855,100.0,18.84139482564679,7.03037120359955,37.3134328358209,4.82452966714906,3.5380487216594307
301,LTN,Luton Town,eng.luton,13534,745346,1,68.7,9.0,2.0,0.0,0.0,4.0,1.0,7.0,2.0,0.3,0.0,0.0,244.47916666666666,333.375,0.7229166666666668,0.0,0.0,0.0,62.8125,23.4375,0.3729166666666666,2.0,9.770833333333334,0.0,0.6020833333333333,7.666666666666667,27.1875,27.1875,2025-11-25 02:43:42,28.57142857142857,0.10189228529839883,0.02911208151382824,0.0,0.0,46.0,65.95744680851064,100.0,18.84139482564679,7.03037120359955,37.3134328358209,4.852620087336244,3.5586487142163996
301,LTN,Luton Town,eng.luton,13534,745364,0,54.7,8.0,1.0,0.0,0.0,13.0,0.0,18.0,4.0,0.2,0.0,0.0,244.47916666666666,333.375,0.7229166666666668,0.0,0.0,0.0,62.8125,23.4375,0.3729166666666666,8.0,9.770833333333334,0.0,0.6020833333333333,7.666666666666667,27.1875,27.1875,2025-12-02 06:10:38,22.22222222222222,0.3290676416819013,0.07312614259597806,0.0,0.0,48.93617021276596,68.55036855036855,100.0,18.84139482564679,7.03037120359955,37.3134328358209,6.094606946983546,4.469454600853138
301,LTN,Luton Town,eng.luton,13534,745370,1,67.0,18.0,2.0,0.0,0.0,2.0,1.0,8.0,1.0,0.1,0.0,0.0,244.47916666666666,333.375,0.7229166666666668,0.0,0.0,0.0,62.8125,23.4375,0.3729166666666666,2.0,9.770833333333334,0.0,0.6020833333333333,7.666666666666667,27.1875,27.1875,2025-12-11 05:58:25,12.5,0.11940298507462686,0.014925373134328358,0.0,0.0,29.87012987012987,49.2063492063492,100.0,18.84139482564679,7.03037120359955,37.3134328358209,4.975746268656716,3.6489427860696515
122,KOE,FC Cologne,ger.1_fc_kln,13547,746721,1,49.3,9.0,2.0,0.0,0.0,3.0,2.0,12.0,2.0,0.2,0.0,0.0,323.0,401.0,0.8,4.0,11.0,0.4,67.0,27.0,0.4,2.0,9.0,10.0,0.9,4.0,68.0,68.0,2025-08-25 04:55:46,16.666666666666664,0.24340770791075053,0.04056795131845842,0.0007272727272727273,36.36363636363637,30.76923076923077,59.09090909090909,100.0,16.708229426433917,6.733167082294264,40.298507462686565,8.133874239350913,6.551724137931035
122,KOE,FC Cologne,ger.1_fc_kln,13547,746727,0,38.6,12.0,2.0,0.0,1.0,3.0,1.0,18.0,6.0,0.3,0.0,0.0,278.0,353.0,0.8,9.0,14.0,0.6,54.0,20.0,0.4,5.0,7.0,9.0,0.8,5.0,48.0,48.0,2025-09-01 05:08:47,33.33333333333333,0.46632124352331605,0.15544041450777202,0.0019285714285714286,64.28571428571429,29.411764705882355,50.0,100.0,15.29745042492918,5.6657223796034,37.03703703703704,9.145077720207254,7.2020725388601035
122,KOE,FC Cologne,ger.1_fc_kln,13547,746744,1,44.3,11.0,3.0,0.0,1.0,4.0,3.0,14.0,8.0,0.6,0.0,0.0,288.0,356.0,0.8,3.0,21.0,0.1,48.0,18.0,0.4,4.0,8.0,12.0,0.7,7.0,17.0,17.0,2025-09-14 05:25:12,57.14285714285714,0.3160270880361174,0.18058690744920994,0.000857142857142857,14.285714285714285,38.88888888888889,57.692307692307686,100.0,13.48314606741573,5.056179775280898,37.5,8.036117381489843,6.501128668171558
122,KOE,FC Cologne,ger.1_fc_kln,13547,746750,1,53.2,8.0,1.0,0.0,0.0,5.0,5.0,13.0,2.0,0.2,0.0,0.0,412.0,474.0,0.9,6.0,24.0,0.3,57.0,33.0,0.6,6.0,8.0,12.0,0.7,8.0,30.0,30.0,2025-09-21 05:15:32,15.384615384615385,0.24436090225563908,0.03759398496240601,0.0005,25.0,50.0,66.66666666666666,100.0,12.025316455696203,6.962025316455696,57.89473684210527,8.909774436090226,7.744360902255639
122,KOE,FC Cologne,ger.1_fc_kln,13547,746755,0,43.1,12.0,2.0,0.0,4.0,8.0,3.0,15.0,7.0,0.5,0.0,0.0,309.0,383.0,0.8,7.0,16.0,0.4,59.0,24.0,0.4,3.0,7.0,9.0,0.8,11.0,20.0,20.0,2025-09-30 05:13:10,46.666666666666664,0.3480278422273782,0.16241299303944315,0.0021875,43.75,47.82608695652174,60.0,100.0,15.404699738903393,6.266318537859007,40.67796610169492,8.88631090487239,7.16937354988399
122,KOE,FC Cologne,ger.1_fc_kln,13547,746771,1,39.1,6.0,1.0,0.0,2.0,6.0,4.0,10.0,4.0,0.4,0.0,0.0,251.0,330.0,0.8,2.0,12.0,0.2,71.0,33.0,0.5,1.0,5.0,13.0,0.4,10.0,44.0,44.0,2025-10-04 05:12:32,40.0,0.2557544757033248,0.10230179028132992,0.0006666666666666666,16.666666666666664,62.5,71.42857142857143,100.0,21.515151515151516,10.0,46.478873239436616,8.439897698209718,6.419437340153452
122,KOE,FC Cologne,ger.1_fc_kln,13547,746780,0,55.9,10.0,2.0,0.0,6.0,5.0,3.0,9.0,2.0,0.2,0.0,0.0,377.0,487.0,0.8,3.0,23.0,0.1,63.0,26.0,0.4,2.0,11.0,17.0,0.6,12.0,29.0,29.0,2025-10-19 05:19:20,22.22222222222222,0.16100178890876565,0.03577817531305903,0.00026086956521739134,13.043478260869565,54.54545454545454,69.6969696969697,100.0,12.93634496919918,5.338809034907597,41.269841269841265,8.711985688729875,6.744186046511628
122,KOE,FC Cologne,ger.1_fc_kln,13547,746787,1,29.6,8.0,2.0,0.0,2.0,2.0,8.0,5.0,0.0,0.0,0.0,0.0,198.0,260.0,0.8,2.0,6.0,0.3,58.0,26.0,0.4,0.0,11.0,20.0,0.6,8.0,42.0,42.0,2025-10-26 05:20:30,0.0,0.16891891891891891,0.0,0.0,33.33333333333333,50.0,70.37037037037037,100.0,22.30769230769231,10.0,44.827586206896555,8.783783783783784,6.689189189189189
122,KOE,FC Cologne,ger.1_fc_kln,13547,746796,0,48.3,8.0,1.0,0.0,1.0,2.0,4.0,23.0,10.0,0.4,0.0,0.0,326.0,391.0,0.8,4.0,15.0,0.3,43.0,16.0,0.4,5.0,10.0,14.0,0.7,6.0,27.0,27.0,2025-11-03 06:14:20,43.47826086956522,0.4761904761904762,0.2070393374741201,0.0010666666666666667,26.666666666666668,42.857142857142854,66.66666666666666,100.0,10.997442455242968,4.092071611253197,37.2093023255814,8.095238095238095,6.749482401656315
122,KOE,FC Cologne,ger.1_fc_kln,13547,746800,1,64.0,13.0,3.0,0.0,2.0,6.0,1.0,19.0,5.0,0.3,1.0,1.0,530.0,598.0,0.9,8.0,36.0,0.2,50.0,28.0,0.6,8.0,10.0,15.0,0.7,8.0,16.0,16.0,2025-11-09 14:08:52,26.31578947368421,0.296875,0.078125,0.0006666666666666666,22.22222222222222,38.095238095238095,58.06451612903226,100.0,8.361204013377927,4.682274247491638,56.00000000000001,9.34375,8.28125
122,KOE,FC Cologne,ger.1_fc_kln,13547,746809,0,46.5,6.0,0.0,0.0,4.0,3.0,3.0,11.0,5.0,0.5,0.0,0.0,415.0,493.0,0.8,6.0,14.0,0.4,60.0,34.0,0.6,2.0,10.0,17.0,0.6,10.0,8.0,8.0,2025-11-23 06:08:08,45.45454545454545,0.23655913978494625,0.10752688172043011,0.0021428571428571425,42.857142857142854,62.5,76.92307692307693,100.0,12.170385395537526,6.896551724137931,56.666666666666664,10.602150537634408,8.924731182795698
122,KOE,FC Cologne,ger.1_fc_kln,13547,746820,1,51.2,11.0,4.0,0.0,0.0,0.0,3.0,10.0,2.0,0.2,0.0,0.0,437.0,511.0,0.9,5.0,14.0,0.4,57.0,30.0,0.5,2.0,8.0,13.0,0.6,13.0,23.0,23.0,2025-11-30 06:14:16,20.0,0.1953125,0.0390625,0.0007142857142857144,35.714285714285715,54.166666666666664,65.625,100.0,11.154598825831702,5.870841487279844,52.63157894736842,9.98046875,8.53515625
122,KOE,FC Cologne,ger.1_fc_kln,13547,746833,0,58.1,6.0,0.0,0.0,2.0,5.0,0.0,11.0,8.0,0.7,0.0,0.0,502.0,589.0,0.9,2.0,12.0,0.2,68.0,26.0,0.4,2.0,5.0,8.0,0.6,6.0,25.0,25.0,2025-12-08 06:10:06,72.72727272727273,0.18932874354561102,0.13769363166953527,0.0011666666666666665,16.666666666666664,50.0,64.70588235294117,100.0,11.544991511035652,4.4142614601018675,38.23529411764706,10.137693631669535,8.640275387263339
121,BOC,VfL Bochum,ger.vfl_bochum,13548,747031,1,57.5,13.0,3.0,0.0,0.0,8.0,3.0,10.0,3.0,0.3,0.0,0.0,289.1388888888889,384.8611111111111,0.7444444444444444,0.0,0.0,0.0,66.36111111111111,29.333333333333332,0.4444444444444444,1.0,10.61111111111111,0.0,0.6027777777777779,8.61111111111111,24.666666666666668,24.666666666666668,2025-08-06 04:46:56,30.0,0.17391304347826086,0.05217391304347826,0.0,0.0,39.84575835475578,59.6551724137931,100.0,17.24287260916637,7.621797185131722,44.20259522812892,6.693236714975845,5.028502415458938
121,BOC,VfL Bochum,ger.vfl_bochum,13548,747041,0,57.5,24.0,8.0,0.0,0.0,10.0,1.0,17.0,6.0,0.4,0.0,0.0,289.1388888888889,384.8611111111111,0.7444444444444444,0.0,0.0,0.0,66.36111111111111,29.333333333333332,0.4444444444444444,6.0,10.61111111111111,0.0,0.6027777777777779,8.61111111111111,24.666666666666668,24.666666666666668,2025-08-13 04:46:09,35.294117647058826,0.2956521739130435,0.10434782608695652,0.0,0.0,26.405451448040886,44.473007712082264,100.0,17.24287260916637,7.621797185131722,44.20259522812892,6.693236714975845,5.028502415458938
121,BOC,VfL Bochum,ger.vfl_bochum,13548,747043,1,48.6,6.0,3.0,0.0,0.0,9.0,5.0,14.0,3.0,0.2,0.0,1.0,289.1388888888889,384.8611111111111,0.7444444444444444,0.0,0.0,0.0,66.36111111111111,29.333333333333332,0.4444444444444444,6.0,10.61111111111111,0.0,0.6027777777777779,8.61111111111111,24.666666666666668,24.666666666666668,2025-08-28 05:04:23,21.428571428571427,0.28806584362139914,0.06172839506172839,0.0,0.0,58.935361216730044,76.2114537444934,100.0,17.24287260916637,7.621797185131722,44.20259522812892,7.918952903520804,5.949359853680842
121,BOC,VfL Bochum,ger.vfl_bochum,13548,747059,0,40.1,21.0,3.0,0.0,0.0,6.0,0.0,17.0,4.0,0.2,0.0,0.0,289.1388888888889,384.8611111111111,0.7444444444444444,0.0,0.0,0.0,66.36111111111111,29.333333333333332,0.4444444444444444,9.0,10.61111111111111,0.0,0.6027777777777779,8.61111111111111,24.666666666666668,24.666666666666668,2025-09-03 05:09:03,23.52941176470588,0.4239401496259351,0.0997506234413965,0.0,0.0,29.080675422138835,47.790055248618785,100.0,17.24287260916637,7.621797185131722,44.20259522812892,9.597533942920476,7.210446106954835
121,BOC,VfL Bochum,ger.vfl_bochum,13548,747064,1,36.8,11.0,4.0,0.0,0.0,7.0,3.0,15.0,4.0,0.3,0.0,0.0,289.1388888888889,384.8611111111111,0.7444444444444444,0.0,0.0,0.0,66.36111111111111,29.333333333333332,0.4444444444444444,7.0,10.61111111111111,0.0,0.6027777777777779,8.61111111111111,24.666666666666668,24.666666666666668,2025-09-17 05:14:04,26.666666666666668,0.40760869565217395,0.10869565217391305,0.0,0.0,43.90934844192634,63.60294117647059,100.0,17.24287260916637,7.621797185131722,44.20259522812892,10.458182367149758,7.857035024154591
121,BOC,VfL Bochum,ger.vfl_bochum,13548,747071,1,40.8,12.0,5.0,0.0,0.0,5.0,5.0,13.0,1.0,0.1,1.0,1.0,289.1388888888889,384.8611111111111,0.7444444444444444,0.0,0.0,0.0,66.36111111111111,29.333333333333332,0.4444444444444444,4.0,10.61111111111111,0.0,0.6027777777777779,8.61111111111111,24.666666666666668,24.666666666666668,2025-09-24 05:11:23,7.6923076923076925,0.3186274509803922,0.02450980392156863,0.0,0.0,41.77897574123989,61.56583629893239,100.0,17.24287260916637,7.621797185131722,44.20259522812892,9.43287037037037,7.0867374727668855
121,BOC,VfL Bochum,ger.vfl_bochum,13548,747085,0,64.7,15.0,5.0,0.0,0.0,4.0,2.0,23.0,4.0,0.2,0.0,0.0,289.1388888888889,384.8611111111111,0.7444444444444444,0.0,0.0,0.0,66.36111111111111,29.333333333333332,0.4444444444444444,8.0,10.61111111111111,0.0,0.6027777777777779,8.61111111111111,24.666666666666668,24.666666666666668,2025-10-01 05:11:30,17.391304347826086,0.3554868624420402,0.061823802163833076,0.0,0.0,36.470588235294116,56.16883116883117,100.0,17.24287260916637,7.621797185131722,44.20259522812892,5.948394298471578,4.468916366134295
121,BOC,VfL Bochum,ger.vfl_bochum,13548,747095,1,55.8,13.0,5.0,0.0,0.0,2.0,7.0,10.0,2.0,0.2,0.0,0.0,289.1388888888889,384.8611111111111,0.7444444444444444,0.0,0.0,0.0,66.36111111111111,29.333333333333332,0.4444444444444444,2.0,10.61111111111111,0.0,0.6027777777777779,8.61111111111111,24.666666666666668,24.666666666666668,2025-10-08 05:23:16,20.0,0.17921146953405018,0.03584229390681004,0.0,0.0,39.84575835475578,59.6551724137931,100.0,17.24287260916637,7.621797185131722,44.20259522812892,6.897152528872959,5.181700517722024
121,BOC,VfL Bochum,ger.vfl_bochum,13548,747101,0,36.5,22.0,4.0,0.0,0.0,1.0,4.0,10.0,3.0,0.3,0.0,0.0,289.1388888888889,384.8611111111111,0.7444444444444444,0.0,0.0,0.0,66.36111111111111,29.333333333333332,0.4444444444444444,2.0,10.61111111111111,0.0,0.6027777777777779,8.61111111111111,24.666666666666668,24.666666666666668,2025-10-22 05:13:45,30.0,0.273972602739726,0.0821917808219178,0.0,0.0,28.130671506352083,46.63072776280323,100.0,17.24287260916637,7.621797185131722,44.20259522812892,10.5441400304414,7.921613394216134
121,BOC,VfL Bochum,ger.vfl_bochum,13548,747110,1,33.3,18.0,5.0,0.0,0.0,7.0,6.0,13.0,2.0,0.2,1.0,1.0,289.1388888888889,384.8611111111111,0.7444444444444444,0.0,0.0,0.0,66.36111111111111,29.333333333333332,0.4444444444444444,5.0,10.61111111111111,0.0,0.6027777777777779,8.61111111111111,24.666666666666668,24.666666666666668,2025-10-28 05:13:22,15.384615384615385,0.3903903903903904,0.060060060060060066,0.0,0.0,32.35908141962421,51.64179104477612,100.0,17.24287260916637,7.621797185131722,44.20259522812892,11.557390724057392,8.68284951618285
121,BOC,VfL Bochum,ger.vfl_bochum,13548,747120,0,36.0,10.0,2.0,0.0,0.0,8.0,6.0,24.0,9.0,0.4,0.0,0.0,289.1388888888889,384.8611111111111,0.7444444444444444,0.0,0.0,0.0,66.36111111111111,29.333333333333332,0.4444444444444444,7.0,10.61111111111111,0.0,0.6027777777777779,8.61111111111111,24.666666666666668,24.666666666666668,2025-11-04 06:13:28,37.5,0.6666666666666666,0.25,0.0,0.0,46.26865671641791,65.77946768060836,100.0,17.24287260916637,7.621797185131722,44.20259522812892,10.690586419753085,8.031635802469136
121,BOC,VfL Bochum,ger.vfl_bochum,13548,747131,1,39.5,10.0,3.0,0.0,0.0,9.0,6.0,13.0,4.0,0.3,0.0,0.0,289.1388888888889,384.8611111111111,0.7444444444444444,0.0,0.0,0.0,66.36111111111111,29.333333333333332,0.4444444444444444,3.0,10.61111111111111,0.0,0.6027777777777779,8.61111111111111,24.666666666666668,24.666666666666668,2025-11-10 06:08:36,30.76923076923077,0.3291139240506329,0.10126582278481013,0.0,0.0,46.26865671641791,65.77946768060836,100.0,17.24287260916637,7.621797185131722,44.20259522812892,9.743319268635723,7.319971870604783
121,BOC,VfL Bochum,ger.vfl_bochum,13548,747132,0,56.9,1.0,0.0,0.0,0.0,13.0,2.0,23.0,4.0,0.2,0.0,1.0,289.1388888888889,384.8611111111111,0.7444444444444444,0.0,0.0,0.0,66.36111111111111,29.333333333333332,0.4444444444444444,5.0,10.61111111111111,0.0,0.6027777777777779,8.61111111111111,24.666666666666668,24.666666666666668,2025-11-25 02:43:42,17.391304347826086,0.40421792618629176,0.070298769771529,0.0,0.0,89.59537572254335,95.05494505494505,100.0,17.24287260916637,7.621797185131722,44.20259522812892,6.76381566100371,5.081527045498927
121,BOC,VfL Bochum,ger.vfl_bochum,13548,747144,1,44.8,13.0,0.0,0.0,0.0,9.0,1.0,14.0,6.0,0.4,0.0,0.0,289.1388888888889,384.8611111111111,0.7444444444444444,0.0,0.0,0.0,66.36111111111111,29.333333333333332,0.4444444444444444,2.0,10.61111111111111,0.0,0.6027777777777779,8.61111111111111,24.666666666666668,24.666666666666668,2025-12-03 06:06:18,42.857142857142854,0.3125,0.13392857142857142,0.0,0.0,39.84575835475578,59.6551724137931,100.0,17.24287260916637,7.621797185131722,44.20259522812892,8.590649801587302,6.453993055555556
121,BOC,VfL Bochum,ger.vfl_bochum,13548,747151,0,41.1,22.0,5.0,0.0,0.0,4.0,6.0,12.0,6.0,0.5,0.0,0.0,289.1388888888889,384.8611111111111,0.7444444444444444,0.0,0.0,0.0,66.36111111111111,29.333333333333332,0.4444444444444444,0.0,10.61111111111111,0.0,0.6027777777777779,8.61111111111111,24.666666666666668,24.666666666666668,2025-12-08 06:10:06,50.0,0.291970802919708,0.145985401459854,0.0,0.0,28.130671506352083,46.63072776280323,100.0,17.24287260916637,7.621797185131722,44.20259522812892,9.364017301973506,7.035009462016761
3171,CLE,Clermont Foot,fra.clermont_foot,13553,747464,1,42.2,9.0,1.0,0.0,0.0,2.0,2.0,6.0,3.0,0.5,1.0,1.0,346.0,412.0,0.8,0.0,0.0,0.0,47.0,22.0,0.5,1.0,11.0,0.0,0.8,18.0,32.0,32.0,2025-08-14 04:48:23,50.0,0.14218009478672985,0.07109004739336493,0.0,0.0,66.66666666666666,76.31578947368422,100.0,11.407766990291263,5.339805825242718,46.808510638297875,9.76303317535545,8.199052132701421
3171,CLE,Clermont Foot,fra.clermont_foot,13553,747473,0,52.7,12.0,2.0,0.0,0.0,3.0,2.0,4.0,1.0,0.3,0.0,0.0,346.0,412.0,0.8,0.0,0.0,0.0,47.0,22.0,0.5,1.0,11.0,0.0,0.8,18.0,32.0,32.0,2025-08-18 04:53:06,25.0,0.07590132827324478,0.018975332068311195,0.0,0.0,60.0,70.73170731707317,100.0,11.407766990291263,5.339805825242718,46.808510638297875,7.817836812144212,6.565464895635674
3171,CLE,Clermont Foot,fra.clermont_foot,13553,747482,0,59.9,7.0,1.0,0.0,0.0,5.0,0.0,14.0,6.0,0.4,0.0,0.0,346.0,412.0,0.8,0.0,0.0,0.0,47.0,22.0,0.5,2.0,11.0,0.0,0.8,18.0,32.0,32.0,2025-08-25 04:55:46,42.857142857142854,0.2337228714524207,0.1001669449081803,0.0,0.0,72.0,80.55555555555556,100.0,11.407766990291263,5.339805825242718,46.808510638297875,6.878130217028381,5.776293823038397
3171,CLE,Clermont Foot,fra.clermont_foot,13553,747491,1,52.2,6.0,0.0,0.0,0.0,5.0,5.0,11.0,0.0,0.0,0.0,0.0,346.0,412.0,0.8,0.0,0.0,0.0,47.0,22.0,0.5,6.0,11.0,0.0,0.8,18.0,32.0,32.0,2025-09-01 05:08:47,0.0,0.210727969348659,0.0,0.0,0.0,75.0,82.85714285714286,100.0,11.407766990291263,5.339805825242718,46.808510638297875,7.89272030651341,6.628352490421456
3171,CLE,Clermont Foot,fra.clermont_foot,13553,747500,0,43.6,10.0,1.0,0.0,0.0,2.0,4.0,12.0,2.0,0.2,0.0,0.0,346.0,412.0,0.8,0.0,0.0,0.0,47.0,22.0,0.5,4.0,11.0,0.0,0.8,18.0,32.0,32.0,2025-09-15 05:14:23,16.666666666666664,0.27522935779816515,0.04587155963302752,0.0,0.0,64.28571428571429,74.35897435897436,100.0,11.407766990291263,5.339805825242718,46.808510638297875,9.449541284403669,7.935779816513762
3171,CLE,Clermont Foot,fra.clermont_foot,13553,747513,1,57.6,13.0,1.0,1.0,0.0,2.0,3.0,6.0,3.0,0.5,0.0,0.0,346.0,412.0,0.8,0.0,0.0,0.0,47.0,22.0,0.5,0.0,11.0,0.0,0.8,18.0,32.0,32.0,2025-09-21 05:15:32,50.0,0.10416666666666666,0.05208333333333333,0.0,0.0,58.06451612903226,69.04761904761905,100.0,11.407766990291263,5.339805825242718,46.808510638297875,7.152777777777778,6.006944444444445
3171,CLE,Clermont Foot,fra.clermont_foot,13553,747524,1,46.0,8.0,0.0,1.0,0.0,1.0,1.0,7.0,3.0,0.4,0.0,0.0,346.0,412.0,0.8,0.0,0.0,0.0,47.0,22.0,0.5,2.0,11.0,0.0,0.8,18.0,32.0,32.0,2025-09-25 05:15:13,42.857142857142854,0.15217391304347827,0.06521739130434782,0.0,0.0,69.23076923076923,78.37837837837837,100.0,11.407766990291263,5.339805825242718,46.808510638297875,8.956521739130435,7.521739130434782
3171,CLE,Clermont Foot,fra.clermont_foot,13553,747528,0,46.3,7.0,2.0,0.0,0.0,2.0,7.0,8.0,2.0,0.3,0.0,0.0,346.0,412.0,0.8,0.0,0.0,0.0,47.0,22.0,0.5,0.0,11.0,0.0,0.8,18.0,32.0,32.0,2025-09-28 05:14:50,25.0,0.17278617710583155,0.04319654427645789,0.0,0.0,72.0,80.55555555555556,100.0,11.407766990291263,5.339805825242718,46.808510638297875,8.898488120950324,7.473002159827215
3171,CLE,Clermont Foot,fra.clermont_foot,13553,747535,1,53.8,11.0,0.0,0.0,0.0,6.0,1.0,11.0,2.0,0.2,0.0,0.0,346.0,412.0,0.8,0.0,0.0,0.0,47.0,22.0,0.5,4.0,11.0,0.0,0.8,18.0,32.0,32.0,2025-10-07 05:25:45,18.181818181818183,0.20446096654275095,0.03717472118959108,0.0,0.0,62.06896551724138,72.5,100.0,11.407766990291263,5.339805825242718,46.808510638297875,7.657992565055762,6.431226765799257
3171,CLE,Clermont Foot,fra.clermont_foot,13553,747544,0,73.8,10.0,2.0,0.0,0.0,6.0,3.0,11.0,2.0,0.2,0.0,0.0,346.0,412.0,0.8,0.0,0.0,0.0,47.0,22.0,0.5,4.0,11.0,0.0,0.8,18.0,32.0,32.0,2025-10-19 05:19:20,18.181818181818183,0.14905149051490515,0.02710027100271003,0.0,0.0,64.28571428571429,74.35897435897436,100.0,11.407766990291263,5.339805825242718,46.808510638297875,5.582655826558266,4.688346883468835
3171,CLE,Clermont Foot,fra.clermont_foot,13553,747558,1,37.3,11.0,3.0,0.0,0.0,1.0,3.0,4.0,1.0,0.3,0.0,0.0,346.0,412.0,0.8,0.0,0.0,0.0,47.0,22.0,0.5,1.0,11.0,0.0,0.8,18.0,32.0,32.0,2025-10-25 05:16:14,25.0,0.10723860589812333,0.02680965147453083,0.0,0.0,62.06896551724138,72.5,100.0,11.407766990291263,5.339805825242718,46.808510638297875,11.045576407506703,9.276139410187668
3171,CLE,Clermont Foot,fra.clermont_foot,13553,747568,0,39.8,11.0,0.0,0.0,0.0,4.0,3.0,13.0,6.0,0.5,0.0,0.0,346.0,412.0,0.8,0.0,0.0,0.0,47.0,22.0,0.5,4.0,11.0,0.0,0.8,18.0,32.0,32.0,2025-10-29 05:15:49,46.15384615384615,0.32663316582914576,0.15075376884422112,0.0,0.0,62.06896551724138,72.5,100.0,11.407766990291263,5.339805825242718,46.808510638297875,10.35175879396985,8.693467336683417
3171,CLE,Clermont Foot,fra.clermont_foot,13553,747576,1,46.5,11.0,3.0,0.0,0.0,6.0,3.0,9.0,1.0,0.1,0.0,0.0,346.0,412.0,0.8,0.0,0.0,0.0,47.0,22.0,0.5,4.0,11.0,0.0,0.8,18.0,32.0,32.0,2025-11-03 06:14:20,11.11111111111111,0.1935483870967742,0.021505376344086023,0.0,0.0,62.06896551724138,72.5,100.0,11.407766990291263,5.339805825242718,46.808510638297875,8.86021505376344,7.440860215053763
3171,CLE,Clermont Foot,fra.clermont_foot,13553,747582,0,64.6,12.0,2.0,0.0,0.0,12.0,3.0,17.0,5.0,0.3,2.0,2.0,346.0,412.0,0.8,0.0,0.0,0.0,47.0,22.0,0.5,4.0,11.0,0.0,0.8,18.0,32.0,32.0,2025-11-09 15:05:09,29.411764705882355,0.26315789473684215,0.07739938080495357,0.0,0.0,60.0,70.73170731707317,100.0,11.407766990291263,5.339805825242718,46.808510638297875,6.377708978328174,5.356037151702787
3171,CLE,Clermont Foot,fra.clermont_foot,13553,747591,1,44.1,11.0,2.0,0.0,0.0,3.0,1.0,7.0,3.0,0.4,0.0,0.0,346.0,412.0,0.8,0.0,0.0,0.0,47.0,22.0,0.5,0.0,11.0,0.0,0.8,18.0,32.0,32.0,2025-11-25 02:43:42,42.857142857142854,0.15873015873015872,0.06802721088435373,0.0,0.0,62.06896551724138,72.5,100.0,11.407766990291263,5.339805825242718,46.808510638297875,9.342403628117914,7.845804988662131
3171,CLE,Clermont Foot,fra.clermont_foot,13553,747598,0,65.1,10.0,2.0,0.0,0.0,3.0,4.0,11.0,2.0,0.2,0.0,0.0,346.0,412.0,0.8,0.0,0.0,0.0,47.0,22.0,0.5,0.0,11.0,0.0,0.8,18.0,32.0,32.0,2025-12-08 06:10:06,18.181818181818183,0.16897081413210446,0.030721966205837177,0.0,0.0,64.28571428571429,74.35897435897436,100.0,11.407766990291263,5.339805825242718,46.808510638297875,6.3287250384024585,5.314900153609831
3842,CAD,Cádiz,esp.cadiz,13564,748525,0,72.0,14.0,3.0,0.0,0.0,8.0,0.0,24.0,3.0,0.1,0.0,0.0,182.5,216.0,0.8500000000000001,0.0,0.0,0.0,26.0,13.5,0.55,9.0,3.0,0.0,0.65,5.0,5.5,5.5,2025-08-19 04:55:41,12.5,0.3333333333333333,0.041666666666666664,0.0,0.0,26.31578947368421,36.36363636363637,100.0,12.037037037037036,6.25,51.92307692307693,3.0,2.5347222222222223
6832,ALM,Almería,esp.almeria,13564,748532,0,66.5,9.0,3.0,0.0,0.0,17.0,1.0,31.0,11.0,0.4,1.0,1.0,225.4,270.0,0.8800000000000001,0.0,0.0,0.0,33.5,17.5,0.55,6.0,8.0,0.0,0.6666666666666666,8.0,15.5,15.5,2025-09-11 05:13:09,35.483870967741936,0.46616541353383456,0.16541353383458646,0.0,0.0,47.05882352941176,64.0,100.0,12.407407407407407,6.481481481481481,52.23880597014925,4.06015037593985,3.389473684210526
3747,GRA,Granada,esp.granada_cf,13564,748533,0,46.0,9.0,1.0,1.0,0.0,7.0,4.0,14.0,2.0,0.1,0.0,0.0,327.6666666666667,411.3333333333333,0.8333333333333334,0.0,0.0,0.0,97.0,39.5,0.4,6.0,14.5,0.0,0.6,6.0,27.0,27.0,2025-08-18 04:53:06,14.285714285714285,0.30434782608695654,0.043478260869565216,0.0,0.0,40.0,69.49152542372882,100.0,23.581847649918963,9.60291734197731,40.72164948453608,8.942028985507246,7.1231884057971016
3842,CAD,Cádiz,esp.cadiz,13564,748541,1,48.7,17.0,1.0,0.0,0.0,5.0,3.0,10.0,3.0,0.3,0.0,0.0,182.5,216.0,0.8500000000000001,0.0,0.0,0.0,26.0,13.5,0.55,1.0,3.0,0.0,0.65,5.0,5.5,5.5,2025-08-23 05:00:39,30.0,0.2053388090349076,0.061601642710472276,0.0,0.0,22.727272727272727,32.0,100.0,12.037037037037036,6.25,51.92307692307693,4.435318275154004,3.7474332648870634
3747,GRA,Granada,esp.granada_cf,13564,748542,1,52.5,16.0,2.0,1.0,0.0,3.0,3.0,3.0,0.0,0.0,0.0,0.0,327.6666666666667,411.3333333333333,0.8333333333333334,0.0,0.0,0.0,97.0,39.5,0.4,2.0,14.5,0.0,0.6,6.0,27.0,27.0,2025-08-24 04:55:50,0.0,0.05714285714285714,0.0,0.0,0.0,27.27272727272727,56.16438356164384,100.0,23.581847649918963,9.60291734197731,40.72164948453608,7.834920634920635,6.241269841269841
6832,ALM,Almería,esp.almeria,13564,748544,1,58.8,15.0,2.0,0.0,0.0,5.0,6.0,13.0,3.0,0.2,0.0,0.0,225.4,270.0,0.8800000000000001,0.0,0.0,0.0,33.5,17.5,0.55,3.0,8.0,0.0,0.6666666666666666,8.0,15.5,15.5,2025-08-26 05:03:30,23.076923076923077,0.22108843537414968,0.05102040816326531,0.0,0.0,34.78260869565217,51.61290322580645,100.0,12.407407407407407,6.481481481481481,52.23880597014925,4.591836734693878,3.8333333333333335
3747,GRA,Granada,esp.granada_cf,13564,748546,0,60.8,15.0,2.0,1.0,0.0,6.0,2.0,15.0,4.0,0.3,0.0,0.0,327.6666666666667,411.3333333333333,0.8333333333333334,0.0,0.0,0.0,97.0,39.5,0.4,6.0,14.5,0.0,0.6,6.0,27.0,27.0,2025-09-02 05:08:57,26.666666666666668,0.2467105263157895,0.06578947368421052,0.0,0.0,28.57142857142857,57.74647887323944,100.0,23.581847649918963,9.60291734197731,40.72164948453608,6.765350877192983,5.389254385964913
6832,ALM,Almería,esp.almeria,13564,748549,1,57.1,14.0,4.0,0.0,0.0,8.0,1.0,16.0,5.0,0.3,0.0,0.0,225.4,270.0,0.8800000000000001,0.0,0.0,0.0,33.5,17.5,0.55,5.0,8.0,0.0,0.6666666666666666,8.0,15.5,15.5,2025-08-30 05:02:25,31.25,0.28021015761821366,0.08756567425569177,0.0,0.0,36.36363636363637,53.333333333333336,100.0,12.407407407407407,6.481481481481481,52.23880597014925,4.728546409807356,3.947460595446585
3842,CAD,Cádiz,esp.cadiz,13564,748555,0,51.8,15.0,4.0,0.0,0.0,7.0,3.0,6.0,2.0,0.3,0.0,0.0,182.5,216.0,0.8500000000000001,0.0,0.0,0.0,26.0,13.5,0.55,3.0,3.0,0.0,0.65,5.0,5.5,5.5,2025-09-02 05:08:57,33.33333333333333,0.11583011583011583,0.03861003861003861,0.0,0.0,25.0,34.78260869565217,100.0,12.037037037037036,6.25,51.92307692307693,4.16988416988417,3.5231660231660236
6832,ALM,Almería,esp.almeria,13564,748557,0,42.3,15.0,3.0,1.0,0.0,5.0,4.0,15.0,5.0,0.3,0.0,0.0,225.4,270.0,0.8800000000000001,0.0,0.0,0.0,33.5,17.5,0.55,1.0,8.0,0.0,0.6666666666666666,8.0,15.5,15.5,2025-09-09 05:10:44,33.33333333333333,0.3546099290780142,0.1182033096926714,0.0,0.0,34.78260869565217,51.61290322580645,100.0,12.407407407407407,6.481481481481481,52.23880597014925,6.382978723404256,5.328605200945627
3842,CAD,Cádiz,esp.cadiz,13564,748564,1,48.0,13.0,3.0,0.0,0.0,5.0,2.0,9.0,2.0,0.2,0.0,0.0,182.5,216.0,0.8500000000000001,0.0,0.0,0.0,26.0,13.5,0.55,1.0,3.0,0.0,0.65,5.0,5.5,5.5,2025-09-09 05:10:44,22.22222222222222,0.1875,0.041666666666666664,0.0,0.0,27.77777777777778,38.095238095238095,100.0,12.037037037037036,6.25,51.92307692307693,4.5,3.8020833333333335
3747,GRA,Granada,esp.granada_cf,13564,748565,1,46.1,13.0,1.0,0.0,0.0,1.0,1.0,18.0,7.0,0.4,0.0,0.0,327.6666666666667,411.3333333333333,0.8333333333333334,0.0,0.0,0.0,97.0,39.5,0.4,4.0,14.5,0.0,0.6,6.0,27.0,27.0,2025-09-08 05:09:13,38.88888888888889,0.39045553145336226,0.15184381778741865,0.0,0.0,31.57894736842105,61.19402985074627,100.0,23.581847649918963,9.60291734197731,40.72164948453608,8.922631959508315,7.107736804049169
6832,ALM,Almería,esp.almeria,13564,748569,1,59.7,13.0,5.0,0.0,0.0,3.0,5.0,14.0,3.0,0.2,1.0,2.0,225.4,270.0,0.8800000000000001,0.0,0.0,0.0,33.5,17.5,0.55,4.0,8.0,0.0,0.6666666666666666,8.0,15.5,15.5,2025-09-14 05:25:12,21.428571428571427,0.23450586264656614,0.05025125628140703,0.0,0.0,38.095238095238095,55.172413793103445,100.0,12.407407407407407,6.481481481481481,52.23880597014925,4.522613065326633,3.775544388609715
3747,GRA,Granada,esp.granada_cf,13564,748574,0,53.0,12.0,2.0,0.0,0.0,5.0,1.0,13.0,4.0,0.3,0.0,0.0,327.6666666666667,411.3333333333333,0.8333333333333334,0.0,0.0,0.0,97.0,39.5,0.4,1.0,14.5,0.0,0.6,6.0,27.0,27.0,2025-09-17 05:14:04,30.76923076923077,0.24528301886792453,0.07547169811320754,0.0,0.0,33.33333333333333,63.07692307692307,100.0,23.581847649918963,9.60291734197731,40.72164948453608,7.761006289308176,6.182389937106919
3842,CAD,Cádiz,esp.cadiz,13564,748577,0,42.4,15.0,2.0,0.0,0.0,5.0,4.0,12.0,4.0,0.3,0.0,0.0,182.5,216.0,0.8500000000000001,0.0,0.0,0.0,26.0,13.5,0.55,4.0,3.0,0.0,0.65,5.0,5.5,5.5,2025-09-14 05:25:12,33.33333333333333,0.2830188679245283,0.09433962264150944,0.0,0.0,25.0,34.78260869565217,100.0,12.037037037037036,6.25,51.92307692307693,5.09433962264151,4.304245283018868
6832,ALM,Almería,esp.almeria,13564,748580,0,68.2,15.0,3.0,0.0,0.0,6.0,4.0,24.0,9.0,0.4,0.0,0.0,225.4,270.0,0.8800000000000001,0.0,0.0,0.0,33.5,17.5,0.55,7.0,8.0,0.0,0.6666666666666666,8.0,15.5,15.5,2025-09-22 05:10:02,37.5,0.3519061583577712,0.13196480938416422,0.0,0.0,34.78260869565217,51.61290322580645,100.0,12.407407407407407,6.481481481481481,52.23880597014925,3.9589442815249267,3.3049853372434015
3747,GRA,Granada,esp.granada_cf,13564,748581,1,45.5,13.0,3.0,0.0,0.0,1.0,2.0,7.0,2.0,0.3,0.0,0.0,327.6666666666667,411.3333333333333,0.8333333333333334,0.0,0.0,0.0,97.0,39.5,0.4,1.0,14.5,0.0,0.6,6.0,27.0,27.0,2025-09-24 05:11:23,28.57142857142857,0.15384615384615385,0.04395604395604396,0.0,0.0,31.57894736842105,61.19402985074627,100.0,23.581847649918963,9.60291734197731,40.72164948453608,9.04029304029304,7.201465201465202
3842,CAD,Cádiz,esp.cadiz,13564,748587,1,39.4,11.0,2.0,0.0,0.0,2.0,5.0,7.0,3.0,0.4,0.0,0.0,182.5,216.0,0.8500000000000001,0.0,0.0,0.0,26.0,13.5,0.55,1.0,3.0,0.0,0.65,5.0,5.5,5.5,2025-09-23 05:11:02,42.857142857142854,0.17766497461928935,0.07614213197969544,0.0,0.0,31.25,42.10526315789473,100.0,12.037037037037036,6.25,51.92307692307693,5.4822335025380715,4.631979695431472
6832,ALM,Almería,esp.almeria,13564,748596,1,37.4,17.0,2.0,1.0,0.0,1.0,3.0,13.0,2.0,0.2,0.0,0.0,225.4,270.0,0.8800000000000001,0.0,0.0,0.0,33.5,17.5,0.55,1.0,8.0,0.0,0.6666666666666666,8.0,15.5,15.5,2025-09-29 05:21:02,15.384615384615385,0.34759358288770054,0.053475935828877004,0.0,0.0,32.0,48.484848484848484,100.0,12.407407407407407,6.481481481481481,52.23880597014925,7.219251336898396,6.026737967914439
3747,GRA,Granada,esp.granada_cf,13564,748597,1,38.9,12.0,1.0,0.0,0.0,2.0,2.0,9.0,3.0,0.3,0.0,0.0,327.6666666666667,411.3333333333333,0.8333333333333334,0.0,0.0,0.0,97.0,39.5,0.4,3.0,14.5,0.0,0.6,6.0,27.0,27.0,2025-09-30 05:13:10,33.33333333333333,0.23136246786632392,0.07712082262210797,0.0,0.0,33.33333333333333,63.07692307692307,100.0,23.581847649918963,9.60291734197731,40.72164948453608,10.574121679520138,8.423307626392461
3842,CAD,Cádiz,esp.cadiz,13564,748600,0,41.7,10.0,2.0,0.0,0.0,1.0,3.0,8.0,3.0,0.4,0.0,0.0,182.5,216.0,0.8500000000000001,0.0,0.0,0.0,26.0,13.5,0.55,0.0,3.0,0.0,0.65,5.0,5.5,5.5,2025-09-30 05:13:10,37.5,0.19184652278177458,0.07194244604316546,0.0,0.0,33.33333333333333,44.44444444444444,100.0,12.037037037037036,6.25,51.92307692307693,5.179856115107913,4.376498800959232
3842,CAD,Cádiz,esp.cadiz,13564,748602,1,39.1,18.0,4.0,0.0,0.0,5.0,0.0,8.0,3.0,0.4,0.0,0.0,182.5,216.0,0.8500000000000001,0.0,0.0,0.0,26.0,13.5,0.55,2.0,3.0,0.0,0.65,5.0,5.5,5.5,2025-10-08 05:23:16,37.5,0.20460358056265984,0.07672634271099744,0.0,0.0,21.73913043478261,30.76923076923077,100.0,12.037037037037036,6.25,51.92307692307693,5.524296675191816,4.667519181585678
3747,GRA,Granada,esp.granada_cf,13564,748605,0,44.2,18.0,2.0,0.0,0.0,2.0,6.0,13.0,5.0,0.4,0.0,0.0,327.6666666666667,411.3333333333333,0.8333333333333334,0.0,0.0,0.0,97.0,39.5,0.4,3.0,14.5,0.0,0.6,6.0,27.0,27.0,2025-10-05 05:19:58,38.46153846153847,0.2941176470588235,0.11312217194570134,0.0,0.0,25.0,53.246753246753244,100.0,23.581847649918963,9.60291734197731,40.72164948453608,9.306184012066364,7.413273001508296
6832,ALM,Almería,esp.almeria,13564,748609,1,53.1,13.0,3.0,0.0,0.0,2.0,3.0,10.0,3.0,0.3,0.0,0.0,225.4,270.0,0.8800000000000001,0.0,0.0,0.0,33.5,17.5,0.55,6.0,8.0,0.0,0.6666666666666666,8.0,15.5,15.5,2025-10-05 05:19:58,30.0,0.18832391713747645,0.05649717514124294,0.0,0.0,38.095238095238095,55.172413793103445,100.0,12.407407407407407,6.481481481481481,52.23880597014925,5.084745762711864,4.24482109227872
3747,GRA,Granada,esp.granada_cf,13564,748612,0,40.2,18.0,1.0,0.0,0.0,7.0,1.0,11.0,1.0,0.1,0.0,0.0,327.6666666666667,411.3333333333333,0.8333333333333334,0.0,0.0,0.0,97.0,39.5,0.4,2.0,14.5,0.0,0.6,6.0,27.0,27.0,2025-10-13 05:17:12,9.090909090909092,0.2736318407960199,0.02487562189054726,0.0,0.0,25.0,53.246753246753244,100.0,23.581847649918963,9.60291734197731,40.72164948453608,10.23217247097844,8.150912106135987
6832,ALM,Almería,esp.almeria,13564,748618,0,57.7,18.0,2.0,0.0,0.0,7.0,3.0,22.0,14.0,0.6,0.0,0.0,225.4,270.0,0.8800000000000001,0.0,0.0,0.0,33.5,17.5,0.55,3.0,8.0,0.0,0.6666666666666666,8.0,15.5,15.5,2025-10-13 05:17:12,63.63636363636363,0.38128249566724437,0.24263431542461003,0.0,0.0,30.76923076923077,47.05882352941176,100.0,12.407407407407407,6.481481481481481,52.23880597014925,4.679376083188908,3.9064124783362217
3842,CAD,Cádiz,esp.cadiz,13564,748620,0,59.0,12.0,2.0,0.0,0.0,13.0,1.0,11.0,2.0,0.2,0.0,0.0,182.5,216.0,0.8500000000000001,0.0,0.0,0.0,26.0,13.5,0.55,3.0,3.0,0.0,0.65,5.0,5.5,5.5,2025-10-14 05:15:44,18.181818181818183,0.1864406779661017,0.03389830508474576,0.0,0.0,29.411764705882355,40.0,100.0,12.037037037037036,6.25,51.92307692307693,3.6610169491525424,3.093220338983051
3747,GRA,Granada,esp.granada_cf,13564,748631,1,38.6,15.0,2.0,0.0,0.0,3.0,3.0,13.0,4.0,0.3,0.0,0.0,327.6666666666667,411.3333333333333,0.8333333333333334,0.0,0.0,0.0,97.0,39.5,0.4,3.0,14.5,0.0,0.6,6.0,27.0,27.0,2025-10-18 05:20:05,30.76923076923077,0.33678756476683935,0.10362694300518134,0.0,0.0,28.57142857142857,57.74647887323944,100.0,23.581847649918963,9.60291734197731,40.72164948453608,10.656303972366148,8.488773747841105
6832,ALM,Almería,esp.almeria,13564,748632,1,53.2,11.0,2.0,0.0,0.0,2.0,4.0,13.0,4.0,0.3,0.0,0.0,225.4,270.0,0.8800000000000001,0.0,0.0,0.0,33.5,17.5,0.55,1.0,8.0,0.0,0.6666666666666666,8.0,15.5,15.5,2025-10-21 05:14:31,30.76923076923077,0.24436090225563908,0.07518796992481203,0.0,0.0,42.10526315789473,59.25925925925925,100.0,12.407407407407407,6.481481481481481,52.23880597014925,5.075187969924812,4.2368421052631575
3842,CAD,Cádiz,esp.cadiz,13564,748633,0,59.5,14.0,3.0,0.0,0.0,1.0,1.0,9.0,3.0,0.3,0.0,0.0,182.5,216.0,0.8500000000000001,0.0,0.0,0.0,26.0,13.5,0.55,1.0,3.0,0.0,0.65,5.0,5.5,5.5,2025-10-22 05:13:45,33.33333333333333,0.15126050420168066,0.05042016806722689,0.0,0.0,26.31578947368421,36.36363636363637,100.0,12.037037037037036,6.25,51.92307692307693,3.630252100840336,3.0672268907563027
3747,GRA,Granada,esp.granada_cf,13564,748638,0,58.4,7.0,1.0,0.0,0.0,8.0,1.0,18.0,1.0,0.1,0.0,0.0,327.6666666666667,411.3333333333333,0.8333333333333334,0.0,0.0,0.0,97.0,39.5,0.4,5.0,14.5,0.0,0.6,6.0,27.0,27.0,2025-10-27 05:16:32,5.555555555555555,0.3082191780821918,0.017123287671232876,0.0,0.0,46.15384615384615,74.54545454545455,100.0,23.581847649918963,9.60291734197731,40.72164948453608,7.04337899543379,5.610730593607307
3842,CAD,Cádiz,esp.cadiz,13564,748638,1,41.6,17.0,2.0,0.0,0.0,4.0,1.0,11.0,1.0,0.1,0.0,0.0,182.5,216.0,0.8500000000000001,0.0,0.0,0.0,26.0,13.5,0.55,5.0,3.0,0.0,0.65,5.0,5.5,5.5,2025-10-27 05:16:32,9.090909090909092,0.2644230769230769,0.024038461538461536,0.0,0.0,22.727272727272727,32.0,100.0,12.037037037037036,6.25,51.92307692307693,5.1923076923076925,4.387019230769231
6832,ALM,Almería,esp.almeria,13564,748643,0,48.3,11.0,1.0,0.0,0.0,6.0,4.0,15.0,4.0,0.3,0.0,0.0,225.4,270.0,0.8800000000000001,0.0,0.0,0.0,33.5,17.5,0.55,3.0,8.0,0.0,0.6666666666666666,8.0,15.5,15.5,2025-10-28 05:13:22,26.666666666666668,0.31055900621118016,0.08281573498964803,0.0,0.0,42.10526315789473,59.25925925925925,100.0,12.407407407407407,6.481481481481481,52.23880597014925,5.590062111801243,4.666666666666667
6832,ALM,Almería,esp.almeria,13564,748648,0,42.4,15.0,2.0,0.0,0.0,3.0,4.0,11.0,5.0,0.5,1.0,1.0,225.4,270.0,0.8800000000000001,0.0,0.0,0.0,33.5,17.5,0.55,2.0,8.0,0.0,0.6666666666666666,8.0,15.5,15.5,2025-11-02 05:15:08,45.45454545454545,0.25943396226415094,0.1179245283018868,0.0,0.0,34.78260869565217,51.61290322580645,100.0,12.407407407407407,6.481481481481481,52.23880597014925,6.367924528301887,5.316037735849057
3842,CAD,Cádiz,esp.cadiz,13564,748652,1,44.0,14.0,2.0,0.0,0.0,3.0,3.0,5.0,1.0,0.2,0.0,0.0,182.5,216.0,0.8500000000000001,0.0,0.0,0.0,26.0,13.5,0.55,0.0,3.0,0.0,0.65,5.0,5.5,5.5,2025-11-03 06:14:20,20.0,0.11363636363636363,0.022727272727272728,0.0,0.0,26.31578947368421,36.36363636363637,100.0,12.037037037037036,6.25,51.92307692307693,4.909090909090909,4.1477272727272725
3747,GRA,Granada,esp.granada_cf,13564,748653,1,49.0,13.0,4.0,1.0,0.0,2.0,4.0,8.0,3.0,0.4,0.0,0.0,327.6666666666667,411.3333333333333,0.8333333333333334,0.0,0.0,0.0,97.0,39.5,0.4,2.0,14.5,0.0,0.6,6.0,27.0,27.0,2025-11-05 06:13:31,37.5,0.16326530612244897,0.061224489795918366,0.0,0.0,31.57894736842105,61.19402985074627,100.0,23.581847649918963,9.60291734197731,40.72164948453608,8.39455782312925,6.687074829931973
3747,GRA,Granada,esp.granada_cf,13564,748657,0,59.2,10.0,0.0,0.0,0.0,6.0,3.0,16.0,7.0,0.4,0.0,0.0,327.6666666666667,411.3333333333333,0.8333333333333334,0.0,0.0,0.0,97.0,39.5,0.4,3.0,14.5,0.0,0.6,6.0,27.0,27.0,2025-11-11 06:10:14,43.75,0.27027027027027023,0.11824324324324324,0.0,0.0,37.5,67.21311475409836,100.0,23.581847649918963,9.60291734197731,40.72164948453608,6.948198198198198,5.53490990990991
3842,CAD,Cádiz,esp.cadiz,13564,748660,0,48.9,16.0,6.0,0.0,0.0,2.0,1.0,6.0,2.0,0.3,0.0,0.0,182.5,216.0,0.8500000000000001,0.0,0.0,0.0,26.0,13.5,0.55,1.0,3.0,0.0,0.65,5.0,5.5,5.5,2025-11-11 06:10:14,33.33333333333333,0.12269938650306748,0.0408997955010225,0.0,0.0,23.809523809523807,33.33333333333333,100.0,12.037037037037036,6.25,51.92307692307693,4.41717791411043,3.7321063394683027
6832,ALM,Almería,esp.almeria,13564,748666,1,56.8,17.0,5.0,0.0,0.0,2.0,5.0,15.0,6.0,0.4,0.0,0.0,225.4,270.0,0.8800000000000001,0.0,0.0,0.0,33.5,17.5,0.55,4.0,8.0,0.0,0.6666666666666666,8.0,15.5,15.5,2025-11-28 06:12:55,40.0,0.26408450704225356,0.10563380281690142,0.0,0.0,32.0,48.484848484848484,100.0,12.407407407407407,6.481481481481481,52.23880597014925,4.753521126760564,3.96830985915493
3747,GRA,Granada,esp.granada_cf,13564,748667,1,48.7,17.0,5.0,0.0,0.0,4.0,3.0,13.0,5.0,0.4,0.0,0.0,327.6666666666667,411.3333333333333,0.8333333333333334,0.0,0.0,0.0,97.0,39.5,0.4,2.0,14.5,0.0,0.6,6.0,27.0,27.0,2025-11-17 06:09:46,38.46153846153847,0.26694045174537984,0.1026694045174538,0.0,0.0,26.08695652173913,54.666666666666664,100.0,23.581847649918963,9.60291734197731,40.72164948453608,8.446269678302532,6.728268309377139
6832,ALM,Almería,esp.almeria,13564,748672,0,58.7,13.0,3.0,0.0,0.0,14.0,2.0,16.0,9.0,0.6,1.0,1.0,225.4,270.0,0.8800000000000001,0.0,0.0,0.0,33.5,17.5,0.55,4.0,8.0,0.0,0.6666666666666666,8.0,15.5,15.5,2025-11-18 06:07:36,56.25,0.272572402044293,0.1533219761499148,0.0,0.0,38.095238095238095,55.172413793103445,100.0,12.407407407407407,6.481481481481481,52.23880597014925,4.599659284497444,3.839863713798978
3842,CAD,Cádiz,esp.cadiz,13564,748672,1,41.3,11.0,1.0,0.0,0.0,5.0,6.0,7.0,3.0,0.4,0.0,0.0,182.5,216.0,0.8500000000000001,0.0,0.0,0.0,26.0,13.5,0.55,1.0,3.0,0.0,0.65,5.0,5.5,5.5,2025-11-18 06:07:36,42.857142857142854,0.16949152542372883,0.07263922518159807,0.0,0.0,31.25,42.10526315789473,100.0,12.037037037037036,6.25,51.92307692307693,5.230024213075061,4.418886198547216
6832,ALM,Almería,esp.almeria,13564,748678,1,41.9,17.0,4.0,0.0,0.0,0.0,9.0,7.0,4.0,0.6,0.0,0.0,225.4,270.0,0.8800000000000001,0.0,0.0,0.0,33.5,17.5,0.55,0.0,8.0,0.0,0.6666666666666666,8.0,15.5,15.5,2025-11-25 02:43:42,57.14285714285714,0.16706443914081145,0.0954653937947494,0.0,0.0,32.0,48.484848484848484,100.0,12.407407407407407,6.481481481481481,52.23880597014925,6.443914081145585,5.379474940334129
3747,GRA,Granada,esp.granada_cf,13564,748681,0,48.8,11.0,3.0,0.0,0.0,7.0,4.0,18.0,6.0,0.3,0.0,0.0,327.6666666666667,411.3333333333333,0.8333333333333334,0.0,0.0,0.0,97.0,39.5,0.4,5.0,14.5,0.0,0.6,6.0,27.0,27.0,2025-12-02 06:10:38,33.33333333333333,0.36885245901639346,0.12295081967213116,0.0,0.0,35.294117647058826,65.07936507936508,100.0,23.581847649918963,9.60291734197731,40.72164948453608,8.42896174863388,6.714480874316941
3842,CAD,Cádiz,esp.cadiz,13564,748685,0,51.1,11.0,1.0,0.0,0.0,11.0,5.0,16.0,7.0,0.4,0.0,1.0,182.5,216.0,0.8500000000000001,0.0,0.0,0.0,26.0,13.5,0.55,1.0,3.0,0.0,0.65,5.0,5.5,5.5,2025-11-25 02:43:42,43.75,0.3131115459882583,0.136986301369863,0.0,0.0,31.25,42.10526315789473,100.0,12.037037037037036,6.25,51.92307692307693,4.227005870841487,3.571428571428571
6832,ALM,Almería,esp.almeria,13564,748690,0,68.9,11.0,1.0,0.0,0.0,13.0,1.0,24.0,6.0,0.3,0.0,0.0,225.4,270.0,0.8800000000000001,0.0,0.0,0.0,33.5,17.5,0.55,7.0,8.0,0.0,0.6666666666666666,8.0,15.5,15.5,2025-11-30 06:14:16,25.0,0.3483309143686502,0.08708272859216255,0.0,0.0,42.10526315789473,59.25925925925925,100.0,12.407407407407407,6.481481481481481,52.23880597014925,3.9187227866473147,3.2714078374455733
3747,GRA,Granada,esp.granada_cf,13564,748693,1,45.6,22.0,3.0,0.0,0.0,4.0,4.0,8.0,3.0,0.4,0.0,0.0,327.6666666666667,411.3333333333333,0.8333333333333334,0.0,0.0,0.0,97.0,39.5,0.4,0.0,14.5,0.0,0.6,6.0,27.0,27.0,2025-12-01 06:12:29,37.5,0.17543859649122806,0.06578947368421052,0.0,0.0,21.428571428571427,48.23529411764706,100.0,23.581847649918963,9.60291734197731,40.72164948453608,9.020467836257309,7.185672514619883
3842,CAD,Cádiz,esp.cadiz,13564,748694,1,30.4,22.0,4.0,0.0,0.0,4.0,5.0,7.0,4.0,0.6,0.0,0.0,182.5,216.0,0.8500000000000001,0.0,0.0,0.0,26.0,13.5,0.55,3.0,3.0,0.0,0.65,5.0,5.5,5.5,2025-12-02 06:10:38,57.14285714285714,0.23026315789473686,0.13157894736842105,0.0,0.0,18.51851851851852,26.666666666666668,100.0,12.037037037037036,6.25,51.92307692307693,7.105263157894737,6.003289473684211
6832,ALM,Almería,esp.almeria,13564,748700,1,40.1,13.0,2.0,0.0,0.0,4.0,4.0,17.0,8.0,0.5,0.0,0.0,225.4,270.0,0.8800000000000001,0.0,0.0,0.0,33.5,17.5,0.55,4.0,8.0,0.0,0.6666666666666666,8.0,15.5,15.5,2025-12-11 05:58:25,47.05882352941176,0.4239401496259351,0.199501246882793,0.0,0.0,38.095238095238095,55.172413793103445,100.0,12.407407407407407,6.481481481481481,52.23880597014925,6.733167082294264,5.620947630922693
3842,CAD,Cádiz,esp.cadiz,13564,748703,0,29.9,22.0,6.0,0.0,0.0,5.0,5.0,15.0,5.0,0.3,0.0,0.0,182.5,216.0,0.8500000000000001,0.0,0.0,0.0,26.0,13.5,0.55,4.0,3.0,0.0,0.65,5.0,5.5,5.5,2025-12-09 06:02:24,33.33333333333333,0.5016722408026756,0.16722408026755853,0.0,0.0,18.51851851851852,26.666666666666668,100.0,12.037037037037036,6.25,51.92307692307693,7.224080267558529,6.103678929765887
3747,GRA,Granada,esp.granada_cf,13564,748706,0,56.9,10.0,2.0,0.0,0.0,5.0,2.0,15.0,3.0,0.2,0.0,0.0,327.6666666666667,411.3333333333333,0.8333333333333334,0.0,0.0,0.0,97.0,39.5,0.4,6.0,14.5,0.0,0.6,6.0,27.0,27.0,2025-12-09 06:02:24,20.0,0.26362038664323373,0.05272407732864675,0.0,0.0,37.5,67.21311475409836,100.0,23.581847649918963,9.60291734197731,40.72164948453608,7.229056824838898,5.758640890451084
6832,ALM,Almería,esp.almeria,12996,754701,0,46.7,16.0,1.0,0.0,7.0,9.0,0.0,17.0,11.0,0.6,0.0,0.0,263.0,328.0,0.8,2.0,15.0,0.1,48.0,30.0,0.6,1.0,6.0,12.0,0.5,6.0,4.0,4.0,2025-08-11 04:41:30,64.70588235294117,0.3640256959314775,0.2355460385438972,0.0008,13.333333333333334,27.27272727272727,42.857142857142854,100.0,14.634146341463413,9.146341463414634,62.5,7.0235546038543895,5.63169164882227
393,NFO,Nottingham Forest,eng.nottm_forest,13688,757805,1,43.8,16.0,2.0,0.0,1.0,3.0,2.0,16.0,6.0,0.4,0.0,0.0,353.0,414.0,0.9,5.0,10.0,0.5,39.0,20.0,0.5,7.0,13.0,18.0,0.7,3.0,15.0,15.0,2025-09-25 05:15:13,37.5,0.36529680365296807,0.13698630136986303,0.002,50.0,15.789473684210526,50.0,100.0,9.420289855072465,4.830917874396135,51.28205128205128,9.45205479452055,8.059360730593609
393,NFO,Nottingham Forest,eng.nottm_forest,13688,757830,0,61.4,14.0,3.0,0.0,3.0,10.0,1.0,22.0,9.0,0.4,1.0,1.0,402.0,466.0,0.9,8.0,32.0,0.3,37.0,20.0,0.5,6.0,15.0,19.0,0.8,3.0,18.0,18.0,2025-10-03 05:13:17,40.909090909090914,0.3583061889250814,0.1465798045602606,0.001,25.0,17.647058823529413,56.25,100.0,7.939914163090128,4.291845493562231,54.054054054054056,7.58957654723127,6.547231270358306
393,NFO,Nottingham Forest,eng.nottm_forest,13688,757846,0,50.8,13.0,2.0,0.0,0.0,3.0,1.0,8.0,3.0,0.4,2.0,2.0,390.0,457.0,0.9,3.0,17.0,0.2,57.0,31.0,0.5,3.0,13.0,17.0,0.8,11.0,29.0,29.0,2025-10-24 05:12:01,37.5,0.15748031496062992,0.05905511811023623,0.0007058823529411766,17.647058823529413,45.83333333333333,64.86486486486487,100.0,12.472647702407002,6.783369803063458,54.385964912280706,8.996062992125985,7.677165354330709
393,NFO,Nottingham Forest,eng.nottm_forest,13688,757859,1,57.8,13.0,1.0,0.0,2.0,4.0,2.0,9.0,2.0,0.2,0.0,1.0,455.0,534.0,0.9,4.0,23.0,0.2,59.0,39.0,0.7,2.0,16.0,21.0,0.8,8.0,11.0,11.0,2025-11-07 06:11:40,22.22222222222222,0.15570934256055363,0.03460207612456748,0.00034782608695652176,17.391304347826086,38.095238095238095,64.86486486486487,100.0,11.04868913857678,7.303370786516854,66.10169491525424,9.238754325259515,7.8719723183391
393,NFO,Nottingham Forest,eng.nottm_forest,13688,757885,0,65.4,14.0,4.0,0.0,0.0,7.0,1.0,22.0,10.0,0.5,0.0,0.0,612.0,675.0,0.9,5.0,30.0,0.2,37.0,18.0,0.5,6.0,14.0,18.0,0.8,11.0,27.85483870967742,27.85483870967742,2025-11-28 06:12:55,45.45454545454545,0.33639143730886845,0.1529051987767584,0.0008333333333333333,16.666666666666664,44.0,64.1025641025641,100.0,5.481481481481482,2.666666666666667,48.64864864864865,10.321100917431192,9.357798165137615
